序号,章节,章节代码,源行号,说话人代码,说话人,类型,英文原文,中文译文
1,第一幕·场景1,a1s1,6,unk,?????,台词,"""So... That's the plan, then?""","""所以...这就是你的计划？"""
2,第一幕·场景1,a1s1,9,,,旁白,"The dragon floats at a single, isolated point in the vast universe.",巨龙漂浮于浩瀚宇宙的一方。
3,第一幕·场景1,a1s1,10,,,旁白,...,...
4,第一幕·场景1,a1s1,11,mon,Monitor,台词,"""You know that whenever I speak, it is with the utmost respect--""","""要知道无论何时，我均怀是着极大的敬意在-"""
5,第一幕·场景1,a1s1,12,,,旁白,...,...
6,第一幕·场景1,a1s1,13,mon,Monitor,台词,"""Don't you know all? If that was sarcasm you would know, so why ask?""","""你不是无所不知吗？既然如此，又何必问那是不是讽刺？"""
7,第一幕·场景1,a1s1,14,,,旁白,...,...
8,第一幕·场景1,a1s1,15,mon,Monitor,台词,"""I was trained to speak with unfamiliar beings whose existences escape my comprehension. You do not need to accommodate me--""","""我接受过与超脱自己理解的陌生存在交流的训练，你不必迁就我-"""
9,第一幕·场景1,a1s1,16,,,旁白,There's a pause.,他停顿了一下。
10,第一幕·场景1,a1s1,17,mon,Monitor,台词,"""Actually, why are you distracting me like this? You know, the Galenians were actually easier to speak to.""","""说真的，你为什么要这样分散我的注意力？知道吗，和伽利尼亚们交流还要简单些。"""
11,第一幕·场景1,a1s1,18,,,旁白,...,...
12,第一幕·场景1,a1s1,19,mon,Monitor,台词,"""Apologies, it is not my place to speak of such tender things. You do have such tender feelings.""","""很抱歉，我不该提到这类敏感话题，你的情绪确实非常敏感。"""
13,第一幕·场景1,a1s1,20,,,旁白,...,...
14,第一幕·场景1,a1s1,21,mon,Monitor,台词,"""Indeed, that {i}was{/i} sarcasm, but let me speak seriously once more;""","""没错，刚才那句{b}是{/b}讽刺，不过让我再严肃重申一遍："""
15,第一幕·场景1,a1s1,22,mon,Monitor,台词,"""After botching their first mission so terribly, don't you feel the human and wolf have been through enough? Why risk their livelihoods once mo--""","""在第一次糟糕透顶的任务后，你不觉得那一人一狼已经受够了吗？他们还有什么理由再次冒着生命危险-"""
16,第一幕·场景1,a1s1,23,,,旁白,...,...
17,第一幕·场景1,a1s1,24,mon,Monitor,台词,"""Yes, yes, not my place.""","""是，是，与我无关。"""
18,第一幕·场景1,a1s1,25,,,旁白,...,...
19,第一幕·场景1,a1s1,26,mon,Monitor,台词,"""Well, despite your best efforts, there remain sapient feelings of empathy within me.""","""毕竟你尽了自己最大的努力，我还是能感同身受的。"""
20,第一幕·场景1,a1s1,27,,,旁白,...,...
21,第一幕·场景1,a1s1,28,mon,Monitor,台词,"""Yes, yes, fine; I shall begin watching.""","""是，是，好吧，我这就开始观察。"""
22,第一幕·场景1,a1s1,29,,,旁白,"He claps his paws together, honing his concentration, focusing it down from the vast stretches of the universe, from dimensions unseen, down to a single being in his own realm of existence.",他拍了拍双爪，集中精神，把注意力从广袤无垠的宇宙，从不可视的维度聚焦到自己领域中一个独立的存在上。
23,第一幕·场景1,a1s1,30,,,旁白,A single being on a single moon in a single bedroom next to his wolf.,那个独立的存在正位于一颗独立卫星上的一间独立卧室中，旁边还有他的狼。
24,第一幕·场景1,a1s1,35,unk,?????,台词,"""[mc].""","""[mc]。"""
25,第一幕·场景1,a1s1,37,,,旁白,He mumbles quietly.,他轻声唤道。
26,第一幕·场景1,a1s1,38,,,旁白,And he disappears into a whirlpool of bending light.,接着消失在了光线的漩涡中。
27,第一幕·场景1,a1s1,41,,,旁白,"I feel myself coming to, in that moment where you realize that you're waking up.",就在即将苏醒的前一刻，我意识到、并感受起这一过程。
28,第一幕·场景1,a1s1,42,,,旁白,The way I've felt in this moment has changed drastically over the course of my stay here.,随着在这里的时间越来越久，相应的感觉也产生了天翻地覆的变化。
29,第一幕·场景1,a1s1,43,,,旁白,"Just months ago, it was usually the worst part of the day--",就在几个月前，这还是一天中最糟糕的时刻-
30,第一幕·场景1,a1s1,44,,,旁白,Having to remember what had happened and all the obstacles that were ahead of me.,我不得不牢记发生了什么，以及在我面前的种种障碍。
31,第一幕·场景1,a1s1,45,,,旁白,Most of that stress ended with the fight at the amphitheater.,在竞技场的死斗之后，大部分压力都已经烟消云散了。
32,第一幕·场景1,a1s1,46,,,旁白,"Now, that feeling of dread has evolved into... well, another kind of dread.",现在，那种恐惧感转化为了...好吧，另一种恐惧。
33,第一幕·场景1,a1s1,47,,,旁白,The day I will have to say goodbye is drawing nearer.,告别的那一天越来越临近了。
34,第一幕·场景1,a1s1,48,,,旁白,"Still, along with that feeling comes one of love and relief.",不过，伴随这种感觉而来的还有一种爱和解脱。
35,第一幕·场景1,a1s1,49,,,旁白,Because I know what I'll see when I open my eyes--,因为我知道，醒来后第一眼看到的是-
36,第一幕·场景1,a1s1,52,,,旁白,"Sure enough, the emperor of Adastra is splayed out before me, leaving himself exposed in a way that he never would while awake.",果不其然，Adastra的皇帝正以一种他清醒时绝不会有的、毫无防备的姿势躺在我面前。
37,第一幕·场景1,a1s1,53,,,旁白,"Well, at least when it isn't just the two of us.",好吧，至少是在只有我们两个的时候。
38,第一幕·场景1,a1s1,54,,,旁白,"The warmer months on Adastra have arrived, about the same as it was when I first landed on the moon.",Adastra较为温暖的月份已然到来，一如我刚踏上这颗星球的时候。
39,第一幕·场景1,a1s1,55,,,旁白,"Because of that, the bedding is especially light, and our only blanket is pulled down to a point that almost makes him look like a tastefully covered up model.",正因如此，床上的寝具格外稀少，我们唯一的毯子也滑落下来，几乎将他打扮成了一个富有艺术感的半裸模特。
40,第一幕·场景1,a1s1,56,,,旁白,"He doesn't really need a blanket, in fact he hardly ever used them before he met me.",其实他并不需要毯子，真的，遇见我之前他很少盖东西。
41,第一幕·场景1,a1s1,57,,,旁白,"Now he does it for my benefit, starting the night with his body and the blanket wrapped my fur-less body.",他现在这样做完全是为了我。一入夜，他便会用自己的身体跟毯子将我团团围住。
42,第一幕·场景1,a1s1,58,,,旁白,"Then usually by the end of the night, we both become so hot that we end up splayed out, the blanket wadded up off to the side.",然后通常天还没亮，我们就因为太热在床上瘫成大字，毯子也卷到了一旁。
43,第一幕·场景1,a1s1,59,,,旁白,"I like the position of it now, though.",不过，我还挺喜欢现在这个姿势的。
44,第一幕·场景1,a1s1,61,,,旁白,"It's like he can feel my eyes on him, though.",他似乎注意到了我的目光。
45,第一幕·场景1,a1s1,62,,,旁白,"He shifts, then yawns hugely.",他动了动，并打了个大大的哈欠。
46,第一幕·场景1,a1s1,63,,,旁白,"I stare into that gaping maw for a moment, for some reason tempted to poke my hand inside.",我盯着他那张大嘴，莫名想要用手去戳。
47,第一幕·场景1,a1s1,64,,,旁白,"It's something I would sometimes do when he was yawning particularly hard, something that was always sure to annoy him.",我偶尔会在他哈欠连天时这样做，而他必定会被惹恼。
48,第一幕·场景1,a1s1,65,,,旁白,It's probably less of a good idea to do it while he's still mostly asleep.,也许最好避开他还沉浸在梦里的时候。
49,第一幕·场景1,a1s1,66,,,旁白,There's enough power behind those jaws to easily sever any body part I have.,他的下颚蕴含着可以将我身体任何部位轻易撕碎的力量。
50,第一幕·场景1,a1s1,67,,,旁白,"He has to consciously restrain himself when handling me even casually, so better to leave the teasing for when he's fully conscious.",就算心不在焉，他在对待我时也会有意克制住自己，所以调戏什么的还是等他完全清醒再说吧。
51,第一幕·场景1,a1s1,68,,,旁白,"I smirk at the slight whine at the end of his yawn, kind of like I've heard dogs do back on Earth.",他打着尾音是呜呜声的哈欠，就好像地球上的狗狗一样，我不禁笑了起来。
52,第一幕·场景1,a1s1,70,,,旁白,"If he wasn't aware of me earlier, the soft exhale of air from my stifled laugh gives me away.",一定是憋笑时呼出的气流出卖了我，如果他之前没注意到的话。
53,第一幕·场景1,a1s1,71,,,旁白,"That piercing, blue eye is on me in an instant, and I'm a little startled by how quickly he honed in on me.",那双敏锐的蓝色眼睛瞬间盯了过来，速度之快甚至有点吓到我。
54,第一幕·场景1,a1s1,72,,,旁白,"Amicus isn't always in the best of moods when he wakes up, especially these days.",Amicus也不总是怀着高兴的心情醒来，尤其这几天更甚。
55,第一幕·场景1,a1s1,73,,,旁白,I clear my throat.,我清了清喉咙。
56,第一幕·场景1,a1s1,74,m,主角(MC),台词,"""Good morning, Amicus.""","""早上好，Amicus。"""
57,第一幕·场景1,a1s1,75,,,旁白,"He doesn't say anything, just eying me suspiciously.",他什么也没说，只是一脸狐疑地盯着我。
58,第一幕·场景1,a1s1,76,m,主角(MC),台词,"""What?""","""怎么了？"""
59,第一幕·场景1,a1s1,77,a,Amicus,台词,"""You find something amusing?""","""你觉得很有趣吗？"""
60,第一幕·场景1,a1s1,78,,,旁白,"Amicus is using his ""Emperor Voice"" on me, a serious tone that I reluctantly have to admit suits him well.",Amicus对我使用了他的‘皇帝口吻’，不得不承认，他的确很适合这种严肃的语气。
61,第一幕·场景1,a1s1,79,,,旁白,"But I know the playful, out-going man beneath that regal exterior, so it doesn't really work on me.",不过我知道这是玩笑，因为那副帝王外表下隐藏着一个顽皮、外向的灵魂。
62,第一幕·场景1,a1s1,80,m,主角(MC),台词,"""I don't think 'amusing' is the right word, my emperor.""","""我觉得不该用‘有趣’这个词来形容，陛下。"""
63,第一幕·场景1,a1s1,81,,,旁白,"I glide my hand over the fur on his chest, feeling the swell of muscle before dipping into the valley between his pecs.",我用手拂过他胸前的毛发，感受着肌肉的隆起，随后深入到两峰之间的沟壑中。
64,第一幕·场景1,a1s1,82,,,旁白,His little act falters.,他的姿态柔和了下来。
65,第一幕·场景1,a1s1,84,,,旁白,"Slowly, he lays back and I feel him relax even more than he already was.",他慢慢躺回了床上，我感觉他甚至比之前还要放松。
66,第一幕·场景1,a1s1,85,,,旁白,"I feel his abs lose all tension as I rub the hand through his belly fur, rubbing it in a circle and mussing it up a bit.",我一圈圈揉着他肚皮上的毛，渐渐地，他紧绷着的腹肌彻底绵软了下来。
67,第一幕·场景1,a1s1,86,,,旁白,To this day I find myself marveling over his body.,时至今日，我依然会惊叹于他的身体。
68,第一幕·场景1,a1s1,87,,,旁白,His massive size compared to my own is awe-inspiring enough.,和我相比，这幅庞大的身躯已经足够令人敬畏了。
69,第一幕·场景1,a1s1,88,,,旁白,"But also to feel how soft he can become, despite the latent power I know sits behind the relaxed, padded muscle.",还有他能变得如何柔软。尽管我知道那些松弛、厚实的肌肉之下潜藏着怎样的力量。
70,第一幕·场景1,a1s1,89,,,旁白,"It's something I got to feel regularly at night now, my hands clasping his sides while his chin is against the top of my head--",类似的想法经常会在夜里冒出来，就在我环抱着他，同时被他用下巴抵着头的时候-
71,第一幕·场景1,a1s1,90,,,旁白,"I work to control my thoughts, knowing that Amicus doesn't have time for distractions like that in the morning.",我努力收回自己的思绪，因为我知道，Amicus早上没有分心的余暇。
72,第一幕·场景1,a1s1,91,,,旁白,"Slowly, I pull my hand back slightly, sighing.",我轻轻地把手缩回来，叹了口气。
73,第一幕·场景1,a1s1,93,,,旁白,"Of course, he notices.",当然，他注意到了。
74,第一幕·场景1,a1s1,94,a,Amicus,台词,"""What's the matter?""","""怎么了？"""
75,第一幕·场景1,a1s1,95,m,主角(MC),台词,"""Nothing.""","""没什么。"""
76,第一幕·场景1,a1s1,96,,,旁白,Amicus rumbles deep in his chest the way the wolves somehow are able to do.,Amicus的胸膛开始像普通狼那样隆隆作响。
77,第一幕·场景1,a1s1,98,,,旁白,"Then he turns heavily onto his side, purposefully keeping his paws up so that he stays exposed, encouraging me to keep rubbing--",接着他重重翻了个身，还特意抬起爪子，把身体暴露在我面前，鼓励我继续抚摸-
78,第一幕·场景1,a1s1,99,,,旁白,--and also probably just enjoying showing off what he knows I really like.,-也可能单纯是在炫耀，毕竟他知道我有多喜欢。
79,第一幕·场景1,a1s1,100,a,Amicus,台词,"""You are the one that always brings up our {i}communication{/i}, as you put it.""","""总是你挑起的{b}话头{/b}，按你的说法。"""
80,第一幕·场景1,a1s1,101,,,旁白,"He breathes in deeply, his chest swelling out and his stomach sucking in a bit, showing off his figure.",他深吸一口气，挺起胸膛，同时肚子微微一缩，卖弄着他的身材。
81,第一幕·场景1,a1s1,102,a,Amicus,台词,"""So communicate with me, [mc].""","""那就开始吧，[mc]。"""
82,第一幕·场景1,a1s1,103,m,主角(MC),台词,"""I just... I know you need to go to work, but I like being with you here. That's all.""","""我只是...我知道你该去忙了，但我舍不得你离开。仅此而已。"""
83,第一幕·场景1,a1s1,104,,,旁白,"Still, my hand reaches out, smoothing over his side, down his ribcage before resting on his side, and I feel the skin and muscle beneath twitch slightly.",不过我还是侧躺过去，伸手抚摸起他的身体，感受着在皮毛下微微颤抖的皮肤与肌肉。
84,第一幕·场景1,a1s1,105,a,Amicus,台词,"""Mhm, that's almost convincing, but if you do not tell me the full truth, I will pin you and smother you while nibbling your ear until even Neferu hears you across the palace.""","""嗯呣，差点就被你说服了。要是不把真相一五一十地告诉我，我就把你压在身下，啃你的耳朵，直到皇宫另一头的Neferu都能听见。"""
85,第一幕·场景1,a1s1,106,m,主角(MC),台词,"""You'd like that to happen, wouldn't you?""","""这不就是你想要的吗？"""
86,第一幕·场景1,a1s1,107,,,旁白,I eye the giant paws that Amicus keeps relaxed near his head.,Amicus放松地枕着他的大爪子。
87,第一幕·场景1,a1s1,108,a,Amicus,台词,"""You would like it even more.""","""没有你‘想要’。"""
88,第一幕·场景1,a1s1,109,m,主角(MC),台词,"""Neferu might like it most. He's weird like tha--""","""可能都比不上Neferu，他就是这么怪-"""
89,第一幕·场景1,a1s1,110,,,旁白,"I open my mouth to keep up our banter, but that's when Amicus does roll over before coming to a stop with his body arched over mine.",我本想继续打趣，但这时Amicus突然滚了过来，呈弧形拱在我身上。
90,第一幕·场景1,a1s1,112,,,旁白,He keeps himself on his knees and elbows so as to keep his weight off of me.,他用膝盖和胳膊肘支撑着自己身体的重量，以免压住我。
91,第一幕·场景1,a1s1,113,,,旁白,"I cringe, preparing myself for the overwhelming way his flexible tongue is able to tickle my ear, but instead he presses his lips to mine.",我有些难为情地准备迎接他格外灵活的舌头对我耳朵的洗礼，但他只是把嘴唇贴了上来。
92,第一幕·场景1,a1s1,114,,,旁白,"I lay underneath him, forcing myself to relax.",我躺在他身下，强迫自己放松。
93,第一幕·场景1,a1s1,115,,,旁白,"Finally, he pulls back, narrowing his gaze down his muzzle, looking me in the eye.",终于，他抬起头，眯着眼睛与我对视。
94,第一幕·场景1,a1s1,116,a,Amicus,台词,"""I love you, but we will discuss this further when I return.""","""我爱你，不过还是等我回来后再讨论吧。"""
95,第一幕·场景1,a1s1,117,,,旁白,"His more serious demeanor is melting away as he becomes more awake, rolling away to stand up next to the bed.",他翻身下床，站在旁边，严肃的姿态逐渐消融。
96,第一幕·场景1,a1s1,119,,,旁白,"I sit there ruefully, keeping myself covered with the blanket so my erection isn't all that obvious.",我哀怨地坐在那里，用毯子盖住自己，以免下体显得过于明显。
97,第一幕·场景1,a1s1,120,m,主角(MC),台词,"""That was mean.""","""坏心眼。"""
98,第一幕·场景1,a1s1,121,,,旁白,"There's something just a little embarrassing about how I've known Amicus this long, yet he still has this kind of power over me.",与Amicus结识了这么久，他还是像这样掌握着主动权，我多少有些尴尬。
99,第一幕·场景1,a1s1,124,a,Amicus,台词,"""I was teasing... Partially. I {i}will{/i} want to know if something is really bothering you. Is it the moon tour? I thought you'd be excited.""","""我只是在逗你...也不全是。我{b}想{/b}知道你是否真的在困扰什么。是这趟旅行吗？我还以为你会非常兴奋的。"""
100,第一幕·场景1,a1s1,125,m,主角(MC),台词,"""I am! Seriously, I'm fine. I'm just glad we get to have these moments in the morning before you leave. And the week ahead, too.""","""兴奋啊！真的，很高兴在你忙之前我们还能像这样多呆一会儿。更别提后面的一周了。 """
101,第一幕·场景1,a1s1,127,a,Amicus,台词,"""Hm...""","""唔..."""
102,第一幕·场景1,a1s1,128,,,旁白,I eye his demeanor.,我观察着他的反应。
103,第一幕·场景1,a1s1,129,m,主角(MC),台词,"""Now it looks like something's bothering {i}you{/i}.""","""现在看来，是{b}你{/b}在困扰了。"""
104,第一幕·场景1,a1s1,131,a,Amicus,台词,"""It's strange with you. You tell me something, yet half the time it feels you are telling me the opposite. It's like...""","""你身上有种奇怪的感觉。我有一半时间觉得你在口是心非，就像..."""
105,第一幕·场景1,a1s1,132,,,旁白,He pauses.,他顿了一下。
106,第一幕·场景1,a1s1,133,,,旁白,"I narrow my eyes, knowing what's coming.",我眯起眼睛，知道他想说什么。
107,第一幕·场景1,a1s1,135,a,Amicus,台词,"""You're a bit of a female.""","""像雌性一样。"""
108,第一幕·场景1,a1s1,136,,,旁白,"I keep my expression stone cold, knowing that he's just trying to coax me into talking more.",我保持着岩石般冰冷的表情，因为我知道他只是想哄我多说几句。
109,第一幕·场景1,a1s1,137,,,旁白,"I also know if I act offended, that will just gives him the satisfaction of seeing me contradict myself when it comes to gender equality.",我还知道，要是表现出不爽，就只会满足他想看到我在两性问题上自相矛盾。
110,第一幕·场景1,a1s1,138,m,主角(MC),台词,"""You're late.""","""你已经迟到了。"""
111,第一幕·场景1,a1s1,140,a,Amicus,台词,"""Er, yes. Uh, was just joking. I just--""","""哦，对，呃，我只是开玩笑而已-"""
112,第一幕·场景1,a1s1,141,,,旁白,I get my own satisfaction in seeing Amicus flustered over his failed attempt at teasing.,看到Amicus为自己开失败了的玩笑而不知所措，我不禁有些得意。
113,第一幕·场景1,a1s1,142,,,旁白,"I roll my eyes, waving him off to show that it's alright.",我翻了个白眼，挥挥手示意他没什么。
114,第一幕·场景1,a1s1,144,a,Amicus,台词,"""We will talk later today for sure, before we leave.""","""今天晚些时候我们一定要继续谈谈，在我们动身之前。"""
115,第一幕·场景1,a1s1,145,m,主角(MC),台词,"""We'll have all week to talk. Better hurry before Virginia uses Com to call you.""","""我们还有整整一周时间可以谈，你最好在Virginia用Com催你之前快点儿。"""
116,第一幕·场景1,a1s1,147,a,Amicus,台词,"""Right.""","""好。"""
117,第一幕·场景1,a1s1,149,,,旁白,"Amicus hurries around the room, grabbing his cape and trousers before disappearing into the bathroom.",Amicus手忙脚乱地抓起他的斗篷和裤子，并消失在了洗手间中。
118,第一幕·场景1,a1s1,150,,,旁白,"He skips his usual shower, though he at least brushed his fur.",他跳过了平时的淋浴环节，不过至少有梳毛。
119,第一幕·场景1,a1s1,151,,,旁白,"He leans over, kissing me again quickly this time.",他俯下身，又快速亲了我一口。
120,第一幕·场景1,a1s1,153,a,Amicus,台词,"""My meetings should only go to the eleventh hour. See you then! You'd better be looking forward to our holidays!""","""会议第十一时应该就结束了，到时候见！你最好期待咱们的假期！"""
121,第一幕·场景1,a1s1,154,m,主角(MC),台词,"""I am. Later.""","""在期待啦。回头见。"""
122,第一幕·场景1,a1s1,155,,,旁白,"I smile back at him, which seems to satisfy the wolf before he disappears out the door, leaving me alone in the bedroom.",我也冲他笑了笑，这似乎令这只狼得到了满足。之后，他便消失在了门外，只留下我一个人在卧室里。
123,第一幕·场景1,a1s1,158,,,旁白,I listen to his heavy steps thunder down the hallway before sighing heavily again.,我聆听着走廊上沉重的脚步声，又重重叹了口气。
124,第一幕·场景1,a1s1,159,m,主角(MC),台词,"""What do you think, Com? Does the eleventh hour really mean the thirteenth, or the fourteenth?""","""你觉得呢，Com？第十一时本质上是第十三时，还是第十四时？"""
125,第一幕·场景1,a1s1,160,com,Computer,台词,"""The eleventh hour refers to the eleventh hour in the nineteen-hour Adastran day--""","""第十一时指的是阿达斯特拉日十九时中的第十一个小时-"""
126,第一幕·场景1,a1s1,161,m,主角(MC),台词,"""Thank you, Com. Please pick up where we left off yesterday, in {i}Adastra: A History{/i}.""","""谢了，Com。麻烦继续{b}阿达斯特拉：一段历史{/b}，从昨天结束的地方开始。"""
127,第一幕·场景1,a1s1,162,com,Computer,台词,"""Very well.""","""好的。"""
128,第一幕·场景1,a1s1,166,,,旁白,"I start to get ready myself, but at a much slower pace than Amicus.",我也开始了更衣，不过远没有Amicus那么急。
129,第一幕·场景1,a1s1,167,,,旁白,"Meanwhile, I listen to what is considered the quintessential record of wolves on the moon.",与此同时，我聆听着-在我看来是-这颗星球的典籍。
130,第一幕·场景1,a1s1,168,,,旁白,It's taken me several weeks to get through it.,为了通读，我已经花了好几周的时间。
131,第一幕·场景1,a1s1,169,,,旁白,"It began with Drusus 10,000 years ago, the moment he named the moon Adastra.",一切始于10000年前，Drusus为这颗星球命名为阿达斯特拉的那一刻。
132,第一幕·场景1,a1s1,170,,,旁白,"Pre-Adastra, or the Time of Matr, is something I probably won't be getting to any time soon.",前阿达斯特拉时代，或者说马特时代，则不是我短期内会接触的东西。
133,第一幕·场景1,a1s1,171,,,旁白,It's probably for the best considering how much more fractured and confusing the moon was in those days.,考虑到那时这颗星球有多么的混乱与分裂，也许还是不接触为好。
134,第一幕·场景1,a1s1,172,,,旁白,"Adastra's history is an easy-to-follow, single-line of emperorship, though it does start to blur together after 10,000 years.",阿达斯特拉史是一段简单明了的皇朝，尽管10000年后开始模糊了起来。
135,第一幕·场景1,a1s1,173,,,旁白,"I've started to perk up a bit more as it's neared the present day, especially with the mention of Amicus's father, though as I've gotten deeper into the history, I find myself wanting to pull back.",时间越来越接近现代，我也变得愈加兴奋，尤其是涉及到Amicus父亲的时候。尽管随着了解逐渐深入，我发觉自己想要止步于此了。
136,第一幕·场景1,a1s1,174,,,旁白,"While the wolven approach has always been brutal, it's becoming more difficult to listen to now that it's focused on the father of my lover.",沃尔文的处事方式一向残忍无情，而体现在我爱人的父亲身上则更加刺耳。
137,第一幕·场景1,a1s1,175,,,旁白,"Amicus seemed excited for me to learn that part of history, his own history really.",Amicus似乎在期待我读到-他自己的-那段历史。
138,第一幕·场景1,a1s1,176,,,旁白,"I haven't told him I've gotten to that point yet, though.",不过我还没告诉他，我已经看完那部分了。
139,第一幕·场景1,a1s1,177,,,旁白,"The ruthless power moves and executions, both of which have occurred countless times over the past several millennia, feel quite a bit more personal.",残酷的权力更迭与处决在过去数千年中上演过无数次，感觉更像是因为个人因素。
140,第一幕·场景1,a1s1,178,,,旁白,"Amicus looks up to his father quite a bit, but now that I'm learning more about him...",Amicus十分敬仰自己的父亲，而如今对他有了更多了解后...
141,第一幕·场景1,a1s1,180,com,Computer,台词,"""Emperor Potes saw to it that the Khemian's would receive the message loud and clear. So he sent his trusted friend, Cato, to the planet Quarto-2413b, on which Khemian geneticists were uplifting a primitive wolverine race.""","""为了将旨意精准无误地告知克米杨，皇帝Potes把备受自己信任的朋友Cato派往夸尔托-2413b，一颗克米杨遗传学家在上面培养原始种族狼獾的星球。"""
142,第一幕·场景1,a1s1,181,,,旁白,At this point I'm getting into the beginning of the Khemian War (the third one).,至此，（第三次）克米杨战争开始了。
143,第一幕·场景1,a1s1,182,,,旁白,Even the tone of the record seems to have become defensive.,典籍的腔调甚至都产生了戒备。
144,第一幕·场景1,a1s1,183,com,Computer,台词,"""Just fifty-seven light-years away from Adastra, this was an affront to wolven sovereignty. Cato thus cleansed the planet of the Khemian crime and returned peacefully to Adastra with no further bloodshed.""","""距阿达斯特拉仅有57光年，这是对沃尔文主权的侮辱。Cato因此净化了那颗星球上克米杨的罪行，并在没有进一步伤亡的情况下和平返回了阿达斯特拉。"""
145,第一幕·场景1,a1s1,184,com,Computer,台词,"""Upon Cato's return, Emperor Potes received him with much fanfa--""","""Cato归来后，皇帝Potes盛情接待了他-"""
146,第一幕·场景1,a1s1,185,m,主角(MC),台词,"""Hold on, Com.""","""暂停，Com。"""
147,第一幕·场景1,a1s1,186,,,旁白,"I'd just finished pulling on my robes, and now I sit on the edge of the bed, wondering if I really wanted to know...",此时我刚刚穿好长袍，坐在床边，不确定自己是否真想知道...
148,第一幕·场景1,a1s1,187,,,旁白,It's not like I can change history.,我无法改变历史。
149,第一幕·场景1,a1s1,188,,,旁白,"Is it worth knowing something that's already done, that might paint my view of Amicus's own father in such a bad light?",知道这些已经发生过的事，会让我对Amicus亲生父亲的印象变得更糟，这真的值得吗？
150,第一幕·场景1,a1s1,189,,,旁白,"Well, the answer is yes.",好吧，答案是值得。
151,第一幕·场景1,a1s1,190,,,旁白,Understanding the wolves is the point of why I'm doing this.,我的目的就是为了了解狼族。
152,第一幕·场景1,a1s1,192,m,主角(MC),台词,"""Com, read {i}A Khemian Counterpoint to Adastra: A History{/i}, chapter 12, section two.""","""Com，朗读{b}一个克米杨对阿达斯特拉：一段历史的看法{/b}，第12章，第2节。"""
153,第一幕·场景1,a1s1,193,,,旁白,There's a pause.,安静了一会。
154,第一幕·场景1,a1s1,194,,,旁白,It doesn't take a genius to know that what I'd just heard had been whitewashed to almost nonexistence.,任谁听都知道，刚才那段已经被粉饰得面目全非了。
155,第一幕·场景1,a1s1,195,,,旁白,"Luckily, the Khemian that wrote this ""correction"" to Adastran history organized the volume in a way that mirrored {i}Adastra: A History{/i}.",幸运的是，一位克米杨撰写了对该历史的‘纠正’，并以和{b}阿达斯特拉：一段历史{/b}相同的格式编成了册。
156,第一幕·场景1,a1s1,196,,,旁白,She wanted it to be as easy as possible to find the Khemian viewpoint on all of Adastran history.,她希望人们不费力就能找到克米杨视角下阿达斯特拉的全部历史。
157,第一幕·场景1,a1s1,197,,,旁白,"Of course, Amicus doesn't know I've been pairing Khemian records with Adastra's own.",当然，Amicus不知道我把这两份典籍组合起来了。
158,第一幕·场景1,a1s1,198,,,旁白,But I just needed something to balance all of this out.,我只是不希望戴着有色眼镜而已。
159,第一幕·场景1,a1s1,199,com,Computer,台词,"""The planet Deshereth was first explored by the wolves 15,324 years after Khemia's unification. After discarding the planet as 'barren of promising sapient life', Khemia requested rights from Adastra to explore the planet themselves.""","""在克希米亚统一15324年后，沃尔文首次探索了德萨雷斯，并把这颗星球当做‘没有诞生智慧生物希望的不毛之地’而抛弃。此后，克希米亚向阿达斯特拉申请了对该星球的自主探索权。"""
160,第一幕·场景1,a1s1,200,com,Computer,台词,"""This was granted after a price was negotiated and paid in precious metals. Exploration began in 18,342, and within two months, a promising sapient life form was discovered in the form of underground-dwelling, wolverine creatures.""","""在谈判妥当并支付了贵金属的价格后，申请获得了批准。探索始于18342年，不出两个月，一种生活在地下、有成为智慧生物潜力的生命形式-狼獾-首次被发现。"""
161,第一幕·场景1,a1s1,201,com,Computer,台词,"""Uplift was initiated, but just 200 years into the project, Adastra finally learned of this sapient life form they missed centuries ago.""","""培养开始了，可仅仅过了200年，阿达斯特拉终于意识到他们在几世纪前错过了什么。"""
162,第一幕·场景1,a1s1,202,com,Computer,台词,"""Instead of initiating talks, the wolves instead launched a surprise attack, massacring over five hundred Khemians, and 135,000 uplifted wolverines. Only two wolverines were recovered by a rescue mission several months later.""","""狼族没有选择谈判，而是发动一场突袭，屠杀了500多名克希杨、以及135000只狼獾。在数个月后的一次救援行动中，只有两只狼獾被发现幸存下来。"""
163,第一幕·场景1,a1s1,203,com,Computer,台词,"""The atrocities committed against this peaceful uplift mission included extensive use of incendiary weaponry.""","""针对培养这一和平使命，他们所犯下的暴行包括广泛使用燃烧武器。"""
164,第一幕·场景1,a1s1,204,com,Computer,台词,"""Wahneferhotep, the lead of the rescue mission recalled that burnt corpses were left scattered in the hundreds across the region, left amongst the ruins of homes, schools, nurseries--""","""救援行动的负责人Wahneferhotep回忆说，该地区废墟中散布着数以百计烧焦的尸骸，包括房屋、学校、婴儿室-"""
165,第一幕·场景1,a1s1,205,m,主角(MC),台词,"""Com, that's enough for today.""","""Com，今天就到这里吧。"""
166,第一幕·场景1,a1s1,206,com,Computer,台词,"""Yes, [mc].""","""好的，[mc]。"""
167,第一幕·场景1,a1s1,207,,,旁白,"I rub my eyes with my hands, already feeling tired.",我用手揉了揉眼，感到已经筋疲力尽了。
168,第一幕·场景1,a1s1,208,,,旁白,"I could just tell myself that this is someone else's problem, a sin the wolves have to answer to themselves.",我可以告诉自己，这些与我无关，狼族的罪行必须由他们亲自面对。
169,第一幕·场景1,a1s1,209,,,旁白,"But because I'm with Amicus, a part of this civilization, and he seems so stubborn about only having pride in his culture...",但是我与Amicus结合，成为了这个社会的一份子，他似乎又顽固地认为只有他自己的文明才值得骄傲...
170,第一幕·场景1,a1s1,210,,,旁白,"... Well, I need to address this somehow at some point.",...好吧，我需要找时间把这解决一下。
171,第一幕·场景1,a1s1,211,,,旁白,"I don't want to always take the Khemian's word over Adastra's, but considering that the Khemians tend to admit when they've made mistakes, it naturally makes me trust them more.",我也不想总是把克希米亚的说辞至于阿达斯特拉的之上，可考虑到克米杨会反省自己的错误，我自然更信任他们。
172,第一幕·场景1,a1s1,213,,,旁白,I decide to continue my lessons when I get back from the tour.,我决定等旅行回来再继续学习。
173,第一幕·场景1,a1s1,214,,,旁白,I feel like I can't really stomach much more wolven atrocities at the moment.,至于现在，我胃里真的装不下更多沃尔文的暴行了。
174,第一幕·场景1,a1s1,215,,,旁白,I'd rather have breakfast.,我宁愿去吃早餐。
175,第一幕·场景1,a1s1,218,,,旁白,"I'm alone in the corridors, as usual.",和往常一样，走廊里只有我自己。
176,第一幕·场景1,a1s1,219,,,旁白,I tend to get out at a later time than the others.,我一般比其他人更晚出来。
177,第一幕·场景1,a1s1,220,,,旁白,Not that I'd really enjoy the company of many of the others.,并不是说我喜欢扎在人堆里。
178,第一幕·场景1,a1s1,221,,,旁白,But my existence feels more and more lonely every day.,但我却日渐感到孤独。
179,第一幕·场景1,a1s1,222,,,旁白,Amicus says that will change after our trip.,Amicus说在我们旅行后，这种情况会有所改善。
180,第一幕·场景1,a1s1,223,,,旁白,I suppose this tour is a bit like my introduction to the rest of the moon.,我觉得这有点儿像是把我引见到全星球。
181,第一幕·场景1,a1s1,224,,,旁白,"Afterwards, I'll be able to make more public appearances, according to Amicus.",根据Amicus的说法，之后我就能更多地出现在公众场合了。
182,第一幕·场景1,a1s1,225,,,旁白,"Initially, this didn't sound all that appealing, but the more time I spent within the corridors of the palace the more I've changed my mind.",起初，这听起来并不怎么诱人。可随着在走廊里闲逛的时间的增长，我渐渐改变了主意。
183,第一幕·场景1,a1s1,226,,,旁白,"The more I think about it, the more I feel the cramped walls of the palace closing in on me.",我越是思考，就愈发觉得皇宫狭窄的墙壁正在朝我逼近。
184,第一幕·场景1,a1s1,227,,,旁白,Even now...,即便现在也一样...
185,第一幕·场景1,a1s1,228,,,旁白,"I change my mind on breakfast mid-stride and instead take the route that will take me to the front of the palace, wanting to go for a swim instead.",我在去吃早餐的途中决定改去游泳，并转向通往皇宫前面的路。
186,第一幕·场景1,a1s1,229,,,旁白,"It's been a while, and they always left me feeling exhausted in a good way.",已经过去好一段时间了，这些想法仍然令我疲惫不堪。
187,第一幕·场景1,a1s1,230,,,旁白,Much different than the tender weakness that the hot baths left me in every morning.,和每天早上洗热水澡时那种温柔的疲劳有如天壤之别。
188,第一幕·场景1,a1s1,231,,,旁白,Which reminds me...,这提醒了我...
189,第一幕·场景1,a1s1,232,,,旁白,"I stop by the door to the baths on the way, pressing the panel.",我停在浴场门口，按下了嵌板。
190,第一幕·场景1,a1s1,237,,,旁白,"A wall of steam smothers my face instantly, and I'm glad I decided not to go with the usual routine today.",一堵蒸汽墙立马迎面扑了过来，很高兴我今天没有走寻常路。
191,第一幕·场景1,a1s1,238,,,旁白,The feeling of suffocation is exactly what I'm trying to avoid right now.,窒息感正是我现在想要避免的。
192,第一幕·场景1,a1s1,239,m,主角(MC),台词,"""Neferu?""","""Neferu？"""
193,第一幕·场景1,a1s1,240,,,旁白,My voice is weak under the sudden change in humidity.,因湿度的突然变化，我的声音显得很是虚弱。
194,第一幕·场景1,a1s1,241,,,旁白,I clear my throat.,我清了清喉咙。
195,第一幕·场景1,a1s1,242,m,主角(MC),台词,"""Neferu!?""","""Neferu！？"""
196,第一幕·场景1,a1s1,243,n,Neferu,台词,"""Ah, [mc], I've been waiting for you. There are few things I'd like to discuss before--""","""啊，[mc]，我等了你好一段时间了。有些事想讨论-"""
197,第一幕·场景1,a1s1,244,m,主角(MC),台词,"""Hey, I'm going for a lake swim instead today. You can join me if you want.""","""嘿，我今天要去湖里游泳，你想的话可以一起。"""
198,第一幕·场景1,a1s1,245,,,旁白,"There's a pause that goes on for a notable amount of time, then a sigh.",沉默良久之后，他叹了口气。
199,第一幕·场景1,a1s1,246,,,旁白,"There's an echoing sound of sloshing water, then the smacks of it hitting marble floors.",空间中回荡着哗啦哗啦的水声，接着是水溅到地板上的声音。
200,第一幕·场景1,a1s1,248,n,Neferu,台词,"""You have quite the knack for choosing the worst of days, you know--""","""知道吗，你是真的不会挑时候-"""
201,第一幕·场景1,a1s1,250,n,Neferu,台词,"""--Hey, hold on a moment.""","""-嘿，等一下。"""
202,第一幕·场景1,a1s1,255,,,旁白,"I'm already moving back into the hall, knowing Neferu well enough at this point to not just stand there and let him prattle on.",我已经撤回到了走廊，不然根据我对Neferu的了解，他能说上半天的废话。
203,第一幕·场景1,a1s1,256,n,Neferu,台词,"""Ugh, why you would choose the harsh cold of the murky, slightly polluted lake over the comforting warmth of mineral water is beyond me.""","""唉，不明白你为什么宁愿选择浑浊、阴冷的湖水，而不是这边宜人、温暖、富含矿物质的池水。"""
204,第一幕·场景1,a1s1,258,n,Neferu,台词,"""And with no time to make myself decent. Thanks for that.""","""还不肯花时间让自己体面一点。感谢你耐心听完。"""
205,第一幕·场景1,a1s1,259,,,旁白,"I side-eye the big jackal, wondering why he didn't take the time to at least grab a towel.",我侧眼瞧着那只胡狼，不知道他为什么不肯花时间至少拿一条毛巾。
206,第一幕·场景1,a1s1,260,m,主角(MC),台词,"""Hey, it's up to you. I just didn't want to leave you hanging in the baths expecting me to show up.""","""还不都因为你，我是不想让你在浴场里干等。"""
207,第一幕·场景1,a1s1,261,,,旁白,Neferu slips on the marble before catching his balance in a stumble.,Neferu被大理石滑了一跤，在踉跄中找回平衡。
208,第一幕·场景1,a1s1,262,m,主角(MC),台词,"""And why {i}are{/i} you naked? I was just gonna wait for you by the lake if you were gonna come.""","""还有你为什么{b}还{/b}光着身子？要是想去，我就在湖边等你。"""
209,第一幕·场景1,a1s1,264,n,Neferu,台词,"""Nothing you haven't seen before, eh?""","""呵，你之前不是看了个遍吗？"""
210,第一幕·场景1,a1s1,265,m,主角(MC),台词,"""Not in the halls of the palace.""","""但不是在皇宫走廊这种地方。"""
211,第一幕·场景1,a1s1,266,n,Neferu,台词,"""And who else might see us?""","""还有谁能看到我们？"""
212,第一幕·场景1,a1s1,267,m,主角(MC),台词,"""Anyone, but I'd be most worried about Amicus, if I were you. He comes back early sometimes.""","""任何人都有可能。不过换做是我，我最担心Amicus，他有时会提早回来。"""
213,第一幕·场景1,a1s1,269,n,Neferu,台词,"""Ah yes, I suppose that would be a worry.""","""啊，确实，是个问题。"""
214,第一幕·场景1,a1s1,271,n,Neferu,台词,"""Wolven jealousy knows no bounds.""","""沃尔文的嫉妒是无止境的。"""
215,第一幕·场景1,a1s1,273,,,旁白,We exit the palace into the gardens.,我们离开皇宫，走进花园。
216,第一幕·场景1,a1s1,274,m,主角(MC),台词,"""I think he just finds you annoying.""","""我想他只是觉得你很烦人。"""
217,第一幕·场景1,a1s1,275,n,Neferu,台词,"""Annoyed by his own jealousy, maybe.""","""不排除是出于他的嫉妒。"""
218,第一幕·场景1,a1s1,279,,,旁白,"I roll my eyes and start stripping off my robes on the beach, Neferu waiting patiently while I do.",我翻了个白眼，开始在沙滩上脱下长袍。与此同时，Neferu耐心等待着我。
219,第一幕·场景1,a1s1,281,n,Neferu,台词,"""Speaking of an angry emperor Amicus, I doubt he'd be happy to see you swim across the lake without safety measures in place.""","""说到愤怒的皇帝Amicus，我想他不会乐意看到你在没有安全措施的情况下游过湖的。"""
220,第一幕·场景1,a1s1,282,m,主角(MC),台词,"""He and everyone else here just need to get used to the fact that humans aren't like other primates.""","""他只是和这里的其他人一样，需要习惯人类和其他灵长类不同这个事实。"""
221,第一幕·场景1,a1s1,284,n,Neferu,台词,"""Accidents happen, no matter the species.""","""居安思危，这与种族无关。"""
222,第一幕·场景1,a1s1,285,,,旁白,Neferu's concern for rules and safety seem so out-of-character for him that I just can't take him seriously.,Neferu对规则和安全的关心与他本人格格不入，所以我就是没办法听进去。
223,第一幕·场景1,a1s1,286,m,主角(MC),台词,"""Race you to the island.""","""比比谁先到岛上。"""
224,第一幕·场景1,a1s1,288,n,Neferu,台词,"""Ah, my muscles are so loose from the hot bath...""","""啊，热水浴令我的肌肉有些松弛..."""
225,第一幕·场景1,a1s1,290,,,旁白,"I slap the water so it splashes Neferu's body, making him gasp.",我把水泼向Neferu，令他倒吸了一口气。
226,第一幕·场景1,a1s1,291,m,主角(MC),台词,"""Well, warm up, then!""","""那就赶紧热身吧！"""
227,第一幕·场景1,a1s1,293,n,Neferu,台词,"""Feeling giddy for the moon trip, I assume?""","""在我看来，你因为旅行而忘乎所以了？"""
228,第一幕·场景1,a1s1,294,m,主角(MC),台词,"""It's just nice to be out of that stuffy palace!""","""只要离开那座闷热的皇宫怎样都好！"""
229,第一幕·场景1,a1s1,296,,,旁白,"I start swimming, and even though I have a pretty good head start, Neferu catches up easily, though he swims alongside me at a measured pace.",我开始了游泳，虽然有个相当不错的开头，但Neferu还是很快便追了上来，虽然他一直克制着自己的速度跟在我身旁。
230,第一幕·场景1,a1s1,297,,,旁白,"Unlike the wolves, Khemians are rather good swimmers, or at least Neferu is.",与狼族不同，克米杨非常擅长游泳，至少Neferu是。
231,第一幕·场景1,a1s1,298,,,旁白,I start wondering if I should have listened to him about safety measures.,我开始怀疑自己是否真的该听他那些安全措施的话。
232,第一幕·场景1,a1s1,299,,,旁白,"At least a Sightseer to have something to cling to in case I cramp, or something.",Sightseer之类的，这样最起码抽筋的时候我还有东西能抓。
233,第一幕·场景1,a1s1,300,,,旁白,I'm not too worried though.,不过我倒是不担心。
234,第一幕·场景1,a1s1,301,,,旁白,"Sure enough, just as I feel my limbs starting to give out, I touch the sandy floor of the island.",果然，就在我感到四肢即将罢工之际，我接触到了小岛的沙地。
235,第一幕·场景1,a1s1,303,,,旁白,"I'm gasping for air when I get to the beach, splaying out on my back, feeling exhaustion like I haven't in a long time.",我气喘吁吁地瘫在沙滩上，感受着许久没有经历过的筋疲力尽。
236,第一幕·场景1,a1s1,304,,,旁白,"I'm vaguely aware of a slightly-panting Neferu behind me, following me onto the beach.",我隐约意识到Neferu跟在我身后，也喘着粗气登上了沙滩。
237,第一幕·场景1,a1s1,306,n,Neferu,台词,"""I suppose... I suppose now you realize how foolish that was?""","""你...你现在知道这有多愚蠢了吧？"""
238,第一幕·场景1,a1s1,307,,,旁白,"I crack an eye open at Neferu, just enjoying all the feelings my body is sending me.",我享受着身体带来的种种感觉，睁开一只眼瞥向Neferu。
239,第一幕·场景1,a1s1,308,m,主角(MC),台词,"""Foolish? I feel great!""","""愚蠢？我感觉好极了！"""
240,第一幕·场景1,a1s1,310,n,Neferu,台词,"""Then I guess you're just a fool, then?""","""那我猜你只是单纯的傻？"""
241,第一幕·场景1,a1s1,311,,,旁白,The anger in Neferu's tone catches me by surprise.,Neferu语气中的愤怒令我吃了一惊。
242,第一幕·场景1,a1s1,312,,,旁白,"I prop myself up on my elbows, looking at him carefully.",我用胳膊肘撑起身子，仔细打量着他。
243,第一幕·场景1,a1s1,313,m,主角(MC),台词,"""You alright?""","""你还好吧？"""
244,第一幕·场景1,a1s1,315,n,Neferu,台词,"""{i}I{/i} am fine. {i}You{/i}, on the other hand, were seconds from drowning!""","""{b}我{/b}很好。另一方面，{b}你{/b}，差点就被淹死了！"""
245,第一幕·场景1,a1s1,316,,,旁白,"The odd, spontaneous feeling I'd been under the spell of suddenly dissipates.",那种我一直深陷其中的，奇怪、不由自主的感觉突然消散了。
246,第一幕·场景1,a1s1,317,,,旁白,"It's quiet for a few seconds, and Neferu goes about shaking off and grooming his fur.",安静了几秒钟，Neferu开始抖动身子，梳理毛发。
247,第一幕·场景1,a1s1,318,m,主角(MC),台词,"""Hey, listen, it's been a while since I've done a lot of swimming. I didn't know I was so out of practice. I'll be more careful next time.""","""那个，我有段时间没游泳了，没想到这么生疏了。下次我会更小心的。"""
248,第一幕·场景1,a1s1,320,n,Neferu,台词,"""Surely.""","""请务必。"""
249,第一幕·场景1,a1s1,321,,,旁白,I haven't felt these feelings from Neferu since all those months back when I'd stumbled in on him in his room drunk and rambling on about his family.,我许久没有从Neferu身上感受过这些了。自几个月前，我偶然发现他在自己的房间里喝得酩酊大醉，漫不经心地谈论着他的家族之后。
250,第一幕·场景1,a1s1,322,,,旁白,"He hardly ever lets things get to him, so when he does...",他很少让自己被什么事情左右，所以现在...
251,第一幕·场景1,a1s1,323,,,旁白,It's awkward.,真是尴尬。
252,第一幕·场景1,a1s1,324,,,旁白,"So I lay quietly on the sand, wondering if he'll explain this weird shift in mood.",于是我静静地躺在沙滩上，不知他是否会解释这反常的情绪转变。
253,第一幕·场景1,a1s1,325,,,旁白,"As always, patience pays off with Neferu.",和往常一样，Neferu值得付出耐心。
254,第一幕·场景1,a1s1,327,n,Neferu,台词,"""Imagine if--""","""想象一下，要是你-"""
255,第一幕·场景1,a1s1,328,,,旁白,"Neferu begins, squatting next to me in a way that manages to be graceful, especially compared to me splayed out and covered in sand.",Neferu开口了，他以一种优雅的方式蹲坐在旁边，尤其是跟四肢摊开，满身沙子的我相比。
256,第一幕·场景1,a1s1,329,n,Neferu,台词,"""--after everything you and your wolf have been through, you just so happen to drown in the lake because you were careless.""","""-跟你的狼经历了那一切后，却因为粗心而溺死在湖里。"""
257,第一幕·场景1,a1s1,330,,,旁白,"I think about that, and about how that would bring this grand, complex plan to a screeching halt for the parents and it makes me laugh.",我按他说的做了，一想到Parent宏大而复杂的计划将因此戛然而止，我不禁大笑了起来。
258,第一幕·场景1,a1s1,332,,,旁白,Neferu narrows his eyes at me.,Neferu眯眼盯着我。
259,第一幕·场景1,a1s1,333,m,主角(MC),台词,"""Sorry, it's just-- You're right, that would be ridiculous.""","""抱歉，你说得对，也太-荒唐了。"""
260,第一幕·场景1,a1s1,334,n,Neferu,台词,"""And considering your brush with death not so long ago, I would think you'd cherish life just a bit more.""","""我还以为你会更加珍惜生命，毕竟不久前你刚与死亡擦肩而过。"""
261,第一幕·场景1,a1s1,335,,,旁白,This is all starting to feel a bit much.,感觉有点过头了。
262,第一幕·场景1,a1s1,336,m,主角(MC),台词,"""Alright, alright Neferu. I'm sorry.""","""好吧，好吧，Neferu，对不起。"""
263,第一幕·场景1,a1s1,337,n,Neferu,台词,"""You should probably apologize to Amicus, not me.""","""也许你应该向Amicus道歉，而不是我。"""
264,第一幕·场景1,a1s1,338,,,旁白,"I'm starting to think this is more of a personal issue on Neferu's part, for whatever reason, and I just want to move on.",我开始觉得这更像是Neferu的个人问题了，不管怎样，我只想让这个话题过去。
265,第一幕·场景1,a1s1,339,m,主角(MC),台词,"""What was it that you wanted to talk to me about?""","""你之前说，想跟我谈什么？"""
266,第一幕·场景1,a1s1,340,,,旁白,"Neferu flicks his ears, but seems to let go of his weird little issue for now.",Neferu抖了抖耳朵，似乎暂时摆脱了不对劲的地方。
267,第一幕·场景1,a1s1,342,n,Neferu,台词,"""Well, it relates a bit to what we were just speaking of.""","""这和我们刚才的话题有一定联系。"""
268,第一幕·场景1,a1s1,343,,,旁白,"I sigh loudly, but Neferu talks over it.",我大声叹了口气，不过Neferu无视了我。
269,第一幕·场景1,a1s1,345,n,Neferu,台词,"""In the sense that I feel that Amicus is probably portraying this as a grand adventure for all of us, instead of taking it a bit more seriously.""","""总而言之，我想Amicus可能是把这一事件描绘成了一次盛大的冒险，而没有更严肃一些。"""
270,第一幕·场景1,a1s1,347,n,Neferu,台词,"""To the point that I think that he's forgetting how dangerous these things can be.""","""以至于我认为他已经忘记了其中的危险性。"""
271,第一幕·场景1,a1s1,348,m,主角(MC),台词,"""Yeah? How so?""","""是吗？有多危险？"""
272,第一幕·场景1,a1s1,349,n,Neferu,台词,"""Well, have you heard of the growing separatist movement in some of the major cities?""","""这个吗，你听说过正在某些主要城市里日益猖獗的分裂运动吗？"""
273,第一幕·场景1,a1s1,350,,,旁白,I think back.,我回想了一下。
274,第一幕·场景1,a1s1,351,m,主角(MC),台词,"""I think so? The radicals that wanna separate from the parents, right?""","""有点印象？那些想和Parent划清关系的激进分子是吗？"""
275,第一幕·场景1,a1s1,352,n,Neferu,台词,"""Well, remember that giving up ones fate to the parents is rather radical itself, as is the amount of change that has occurred under Amicus.""","""把自己的命运托付给Parent本身就相当激进的了，一如在Amicus的统治下发生的变化。"""
276,第一幕·场景1,a1s1,353,m,主角(MC),台词,"""I don't think Amicus is all that radical.""","""我不觉得Amicus有那么激进。"""
277,第一幕·场景1,a1s1,355,n,Neferu,台词,"""Oh, by wolven standards, he is. Trust me. So it's all culminated in this--""","""噢，按照沃尔文的标准来看，相信我，他有。因此，这也就导致-"""
278,第一幕·场景1,a1s1,357,,,旁白,Neferu pauses with a look of surprise that's almost comical.,Neferu带着一种近乎滑稽的惊讶表情停了下来。
279,第一幕·场景1,a1s1,358,,,旁白,I look around in confusion.,我不解地环顾起四周。
280,第一幕·场景1,a1s1,360,,,旁白,Then his expression turns to one of anger.,然后他的表情变成了愤怒。
281,第一幕·场景1,a1s1,361,m,主角(MC),台词,"""Wha--""","""什-"""
282,第一幕·场景1,a1s1,362,,,旁白,"The jackal puts a finger to his lips as he stands, then just walks off into the forest next to us.",胡狼悄无声息地在嘴唇前竖起一根手指，接着走进了旁边的树林中。
283,第一幕·场景1,a1s1,364,,,旁白,I listen to the crackling of branches before it goes mostly silent.,我聆听着树枝的噼啪声，随后静了下来。
284,第一幕·场景1,a1s1,365,,,旁白,"I look around again, suddenly feeling vulnerable.",我再次环顾四周，突然感到自己非常脆弱。
285,第一幕·场景1,a1s1,366,,,旁白,"I actually start to wonder if these separatists are infiltrating the palace right now, and that's why Neferu wanted to talk to me so badly.",我真的开始怀疑那些分裂分子是不是已经渗透进了皇宫，所以Neferu才如此急切地想跟我谈。
286,第一幕·场景1,a1s1,367,,,旁白,"But then I hear a yowl that makes me leap up to my feet, heart pounding, not sure if Neferu could have possibly made a sound like that.",就在次时，我被一声嚎叫吓了一激灵。我的心怦怦直跳，不确定这是否来自Neferu。
287,第一幕·场景1,a1s1,368,,,旁白,But then I see what it is;,不过紧接着，我看到了声音的主人。
288,第一幕·场景1,a1s1,369,,,旁白,"Neferu comes rolling out of the forest twenty feet ahead of me, entangled with something that looks very familiar.",Neferu从前方二十英尺处的森林里滚了出来，和一个眼熟的东西纠缠在一起。
289,第一幕·场景1,a1s1,373,al,Alexios,台词,"""Release me, sand dog!""","""放开我，沙狗！"""
290,第一幕·场景1,a1s1,375,n,Neferu,台词,"""What's the matter, Alex? We were doing this not so long ago and you very much enjoyed it!""","""怎么了，Alex？不久前你不是还很享受的吗！"""
291,第一幕·场景1,a1s1,377,al,Alexios,台词,"""We are known for our acting abilities, as you know!""","""如你所知，我们以演技而闻名！"""
292,第一幕·场景1,a1s1,379,n,Neferu,台词,"""Yes, but you are a {i}terrible{/i} actor.""","""确实，不过你是一名{b}拙劣{/b}的演员。"""
293,第一幕·场景1,a1s1,381,al,Alexios,台词,"""You never can resist manhandling me, you brute!""","""你这个野蛮人，总是对我动手动脚的！"""
294,第一幕·场景1,a1s1,383,n,Neferu,台词,"""The tables have turned. I remember when you couldn't keep your paws off me!""","""情况反过来了吗，我还记得当时你舍不得松开爪子的模样呢！"""
295,第一幕·场景1,a1s1,384,al,Alexios,台词,"""Yes, well...""","""唔，呃..."""
296,第一幕·场景1,a1s1,386,al,Alexios,台词,"""Perhaps I mistook you for being better-endowed. Did Cato kick you so hard that you shrunk somehow?""","""也许我看走眼了，怎么缩成这样，Cato踢得那么狠吗？"""
297,第一幕·场景1,a1s1,390,al,Alexios,台词,"""Yaaa!!!""","""呀---！！！"""
298,第一幕·场景1,a1s1,393,,,旁白,"Neferu suddenly lets Alex go, letting him face-plant right into the sand.",Neferu突然放开了Alex，对方脸朝下栽进了沙子里。
299,第一幕·场景1,a1s1,395,n,Neferu,台词,"""The water is simply cold, Alex.""","""水很凉而已，Alex。"""
300,第一幕·场景1,a1s1,397,al,Alexios,台词,"""A likely excuse!""","""借口！"""
301,第一幕·场景1,a1s1,398,,,旁白,I'd been watching the whole exchange with my mouth slightly open.,我微微张着嘴，看完了整个过程。
302,第一幕·场景1,a1s1,399,,,旁白,I haven't seen Alex in months.,我已经有好几个月没见到Alex了。
303,第一幕·场景1,a1s1,400,,,旁白,"Not only that, but the interaction between the two of them is definitely weird, like they're both used to doing it... and liking it.",不仅如此，他们两个之间的互动也很奇怪，就好像他们都习惯了...也喜欢这样做。
304,第一幕·场景1,a1s1,401,,,旁白,Neferu collects his breath first from their little tussling match and narrows his eyes down at Alex.,扭打过后，Neferu先是喘了口气，然后眯起眼睛俯视着Alex。
305,第一幕·场景1,a1s1,403,n,Neferu,台词,"""Enough stalling for time Alex. Why are you still spying on us when your cover's been blown and you have no communication with your home moon?""","""时间拖够了吧，Alex。你的身份已经暴露了，也和自己的星球失去了联系，为什么还在监视我们？"""
306,第一幕·场景1,a1s1,405,al,Alexios,台词,"""First of all, we were here first. I should be suspicious that you've come to spy on me!""","""首先，是我们先到的。我有理由怀疑是你在监视我！"""
307,第一幕·场景1,a1s1,406,m,主角(MC),台词,"""Cassius is here?""","""Cassius也来了？"""
308,第一幕·场景1,a1s1,407,,,旁白,"I look around, not sure if I'm actually wanting to see the wolf or not.",我来回张望，不确定自己是否想看到那只狼。
309,第一幕·场景1,a1s1,408,,,旁白,Our relationship is definitely complicated after everything that has happened.,在发生了那么多事后，我们的关系一定非常复杂。
310,第一幕·场景1,a1s1,410,,,旁白,Alex seems to notice me for the first time.,Alex似乎终于注意到了我。
311,第一幕·场景1,a1s1,411,al,Alexios,台词,"""Oh, [mc], you are here with the jackal? How are you this--""","""哦，[mc]，你跟这只胡狼在一起？你怎么-"""
312,第一幕·场景1,a1s1,412,m,主角(MC),台词,"""Alex, don't.""","""打住，Alex。"""
313,第一幕·场景1,a1s1,413,,,旁白,I guess I sound fed up enough and Alex cuts his usual spiel short.,我想我的声音听起来够不耐烦的了，Alex也收起了他一贯的游戏。
314,第一幕·场景1,a1s1,415,al,Alexios,台词,"""Rude.""","""粗鲁。"""
315,第一幕·场景1,a1s1,417,m,主角(MC),台词,"""Oh, I'm rude?""","""哦？我粗鲁？"""
316,第一幕·场景1,a1s1,418,,,旁白,I take a step forward and Alex stiffens up.,我朝前迈了一步，Alex的身体瞬间僵硬了。
317,第一幕·场景1,a1s1,419,,,旁白,Neferu quickly steps between us.,Neferu快步走到我们中间。
318,第一幕·场景1,a1s1,421,n,Neferu,台词,"""So, Cassius?""","""那么，Cassius呢？"""
319,第一幕·场景1,a1s1,422,al,Alexios,台词,"""That is none of your business, jackal. I'd say after the way you two have treated me that--""","""这与你无关，胡狼。在被你们两个如此对待之后，我必须要说-"""
320,第一幕·场景1,a1s1,424,c,Cassius,台词,"""Alex! Get me that damn vine antenna-thing. I'm tired of holding this--""","""Alex！把那个该死的藤蔓天线给我拿来。我受够这-"""
321,第一幕·场景1,a1s1,427,al,Alexios,台词,"""Kssshhhhsshhh!!!""","""嘘-----------！！！"""
322,第一幕·场景1,a1s1,428,,,旁白,"Alex makes such an intense, felinoid hissing sound that if I could, I'd lower my own ears.",Alex发出了异常强烈的、猫一样的斯斯声。如果可以的话，我真想假装没听见。
323,第一幕·场景1,a1s1,429,,,旁白,"It's silent for a moment, then there's some shifting around from deep within the thicket of trees.",沉默一段时间后，灌丛深处传来了移动的声音。
324,第一幕·场景1,a1s1,430,c,Cassius,台词,"""Everything alright, Alex?""","""一切都好吗，Alex？"""
325,第一幕·场景1,a1s1,431,,,旁白,Cassius's tone of concern quickly transitions into one of his usual irritation.,Cassius担心的语调迅速转化为了他一贯的恼怒。
326,第一幕·场景1,a1s1,432,c,Cassius,台词,"""Because if I end up fracturing something over this, you'd best hope cat medicine is as truly advanced as they say--""","""因为如果我因此摔断了什么，你最好祈祷猫族的药物真如他们所说的那样高级-"""
327,第一幕·场景1,a1s1,434,al,Alexios,台词,"""Cassius, we've got visitors.""","""我们有客人来访，Cassius。"""
328,第一幕·场景1,a1s1,435,c,Cassius,台词,"""From... Omorfa? Did it work?""","""奥莫法的客人...？那东西生效了吗？"""
329,第一幕·场景1,a1s1,437,al,Alexios,台词,"""By FUCKING Galen, get out here!""","""{b}天杀的{/b}Galen，快离开！"""
330,第一幕·场景1,a1s1,438,,,旁白,"A few more indignant yelps from Cassius later, and the white wolf appears, stumbling out next to Alex and Neferu.",又愤愤不平地叫了几声后，Cassius出现了，那只白狼跌跌撞撞地走到Alex和Neferu旁边。
331,第一幕·场景1,a1s1,441,c,Cassius,台词,"""Don't snap at me. You diminish my standing every time you do it.""","""别冲我发火，我的面子会挂不住的。"""
332,第一幕·场景1,a1s1,442,,,旁白,"He focuses on us, barely reacting.",他注视着我们，几乎没有任何反应。
333,第一幕·场景1,a1s1,444,c,Cassius,台词,"""Oh, it's you two. Hello, [mc].""","""哦，是你们啊。你好，[mc]。"""
334,第一幕·场景1,a1s1,445,,,旁白,He looks Neferu up and down.,他上下打量着Neferu。
335,第一幕·场景1,a1s1,447,c,Cassius,台词,"""I see that the jackal wishes to make us all uncomfortable with his unsightly privates. Congratulations jackal, your ploy has worked.""","""我看那胡狼是想用他不堪入目的私处让我们不自在。恭喜你，胡狼，你的花招奏效了。"""
336,第一幕·场景1,a1s1,449,n,Neferu,台词,"""What were the two of you just talking about?""","""你们二位刚才在说什么？"""
337,第一幕·场景1,a1s1,451,c,Cassius,台词,"""Just now? I am simply tired of Alex screeching at me like I am {i}his{/i} pet. Especially as we're about to depart on this very public tour.""","""刚才？我只是厌倦了Alex对我大喊大叫，好像我是{b}他的{/b}宠物一样。尤其是在我们即将踏上这场公开旅行之际。"""
338,第一幕·场景1,a1s1,452,,,旁白,I shake my head.,我摇摇头。
339,第一幕·场景1,a1s1,453,,,旁白,"I had no idea these assholes were coming with us, but the possible espionage takes precedence.",虽然好奇这两个混球怎么也要跟来，但间谍活动仍是我优先考虑的。
340,第一幕·场景1,a1s1,454,m,主角(MC),台词,"""Hold on a second. Are you building an Omorfan communication device?""","""等一下，你们是在建造奥莫法的通信设备吗？"""
341,第一幕·场景1,a1s1,455,,,旁白,"I don't know much about Omorfa or its technology, but antennae made out of vine sounds like the plant-tech Omorfans have mastered.",我对奥莫法和其技术知之甚少，但藤蔓制成的天线听起来就像是奥莫芬斯们掌握的植物科技。
342,第一幕·场景1,a1s1,457,c,Cassius,台词,"""Oh, that? Yes, yes indeed. Do you have an interest in such technology, [mc]?""","""哦，那个啊？不错，的确是，你对类似的科技感兴趣吗，[mc]？"""
343,第一幕·场景1,a1s1,458,m,主角(MC),台词,"""Wh-- No, why the hell are you building it!?""","""什-不对，你们为什么要造那玩意儿！？"""
344,第一幕·场景1,a1s1,459,n,Neferu,台词,"""This definitely goes against the rules that you agreed to to stay here, Alex.""","""这显然违反了你亲自口同意的，留在这里的一系列规定，Alex。"""
345,第一幕·场景1,a1s1,461,,,旁白,"Cassius looks around, seemingly confused.",Cassius左顾右盼，一副糊涂相。
346,第一幕·场景1,a1s1,462,c,Cassius,台词,"""What!? This isn't his project. I am simply fascinated with electronic foliage and am learning the basics.""","""什么！？这不是他的计划。我只是沉迷于电子植物，并在学习相关基础知识而已。"""
347,第一幕·场景1,a1s1,463,m,主角(MC),台词,"""By building it on this island, where Alex had his last communication device? You can't be that dumb, Cassius...""","""在这个岛上？在Alex最后的通信设备的所在地？你不会真傻吧，Cassius..."""
348,第一幕·场景1,a1s1,465,c,Cassius,台词,"""Excuse me!?""","""你说什么！？"""
349,第一幕·场景1,a1s1,466,al,Alexios,台词,"""Calm yourself, Cassius. They have no appreciation for Omorfan technology. Khemians have such intense superiority complexes.""","""冷静下来，Cassius。他们欣赏不了奥莫法科技，克米杨的优越感就是如此强烈。"""
350,第一幕·场景1,a1s1,467,m,主角(MC),台词,"""Why are we bringing this prick with us? That's just insane.""","""咱们为什么要带上那两个蠢货？疯了吧。"""
351,第一幕·场景1,a1s1,468,c,Cassius,台词,"""Enough! Just because you are the emperor's pet--""","""够了！你身为皇帝的宠物-"""
352,第一幕·场景1,a1s1,469,m,主角(MC),台词,"""Boyfriend.""","""是男朋友。"""
353,第一幕·场景1,a1s1,470,,,旁白,Cassius shudders violently.,Cassius剧烈颤抖了起来。
354,第一幕·场景1,a1s1,472,c,Cassius,台词,"""Euch! Pet, as I was saying, does not mean you can say whatever you like to me or {i}my{/i} pet. Good day to you both!""","""呃啊！宠物，并不意味着你可以对我，或是{b}我的{/b}宠物出言不逊。祝你们二位好运！"""
355,第一幕·场景1,a1s1,476,,,旁白,"Neferu and I watch them walk down the length of the beach, then get into a Sightseer I hadn't seen behind a bend of trees.",在Neferu和我的注视下，他们沿着沙滩，进了一艘我没看见的，停在湖弯处树林后面的Sightseer中。
356,第一幕·场景1,a1s1,477,n,Neferu,台词,"""Well, I suppose I will have to speak to Amicus about this.""","""嗯，看来我有必要就这件事跟Amicus谈谈。"""
357,第一幕·场景1,a1s1,478,m,主角(MC),台词,"""Same.""","""同感。"""
358,第一幕·场景1,a1s1,480,n,Neferu,台词,"""Even more to worry about on our little trip.""","""我们小小的路途波澜不断啊。"""
359,第一幕·场景1,a1s1,481,m,主角(MC),台词,"""I don't get why they're coming.""","""我是不知道他们为什么跟来。"""
360,第一幕·场景1,a1s1,482,n,Neferu,台词,"""Cassius is still a popular force in Adastran politics. It's all politics, just as I am being brought along to represent the sought-after-alliance.""","""Cassius在阿达斯特拉政界依然很受追捧。政治而已，就像我代表结盟派的利益而来一样。"""
361,第一幕·场景1,a1s1,483,,,旁白,"I sigh, sitting under some shade.",我叹了口气，在阴凉处坐下。
362,第一幕·场景1,a1s1,484,m,主角(MC),台词,"""Then what am I?""","""那我呢？"""
363,第一幕·场景1,a1s1,486,n,Neferu,台词,"""Well, I think Amicus is more fond of you than the rest of us, but otherwise most Adastrans haven't seen a human in person. Might as well get them used to it before your species' entry into the {i}Galaxias{/i}.""","""这个嘛，我想Amicus对你的喜爱远超我们其他人。不过除此之外，阿达斯特拉的民众普遍没有见过人类，也许他是想在你的物种并入{b}加拉西亚斯{/b}前让他们习惯。"""
364,第一幕·场景1,a1s1,487,n,Neferu,台词,"""Anyway, I must head back so that I can prepare an appointment with Virginia. She must know about the on-going dangers of Alex as well.""","""总之，我必须回去准备跟Virginia会面了。她一定也知道Alex的危险性。"""
365,第一幕·场景1,a1s1,489,n,Neferu,台词,"""To cut our conversation short, just remember that this tour is not all leisure. There is a great deal of danger when it comes to these separatists. They would die for their cause, just as most of us would.""","""简而言之，记住这次旅行不完全是休闲的，那些分裂分子具有相当程度的危险性。他们心甘情愿为自己的事业牺牲，就像我们大部分人一样。"""
366,第一幕·场景1,a1s1,490,m,主角(MC),台词,"""Alright.""","""好吧。"""
367,第一幕·场景1,a1s1,492,n,Neferu,台词,"""Though do allow yourself to have fun. Just with caution. I'll head back now and send a Sightseer. Don't think about swimming back without one.""","""不过，还是让自己享受享受，只是要小心。我现在就回去就派一艘Sightseer过来，别想着凭自己游回去。"""
368,第一幕·场景1,a1s1,494,,,旁白,"I nod and Neferu heads off, still naked, though back to his old self at least.",我点点头，Neferu一丝不挂地离开了，至少他变回了过去的样子。
369,第一幕·场景1,a1s1,496,,,旁白,"As I wait for the Sightseer, I lay back in the cool, shaded sand, and fall asleep.",在等待Sightseer的过程中，我躺在阴凉的沙滩上，进入了梦乡。
370,第一幕·场景1,a1s1,502,a,Amicus,台词,"""Awaken!""","""起床咯！"""
371,第一幕·场景1,a1s1,504,,,旁白,"I wake up with a jump, yelping under Amicus's furry form before he starts kissing me, his paws sliding up and down my body.",我猛然惊醒，在Amicus毛茸茸的身体下尖叫起来，随后他开始亲吻我，爪子在我身上不安分地摸来摸去。
372,第一幕·场景1,a1s1,505,,,旁白,I let him do that for a few seconds before pushing him off.,我由着他做了几秒钟，接着把他推开。
373,第一幕·场景1,a1s1,506,m,主角(MC),台词,"""Amicus, what the hell!""","""怎么回事，Amicus！"""
374,第一幕·场景1,a1s1,508,a,Amicus,台词,"""Oh no, you're not lecturing me. ESPECIALLY not after you apparently swam here without a Sightseer--""","""噢，别指责我，{b}尤其{/b}是在你不乘坐Sightseer，选择游过来之后-"""
375,第一幕·场景1,a1s1,509,,,旁白,"I wince, silently cursing Neferu for not being able to keep his mouth shut.",我一愣，在心中暗骂嘴巴漏风的Neferu。
376,第一幕·场景1,a1s1,511,a,Amicus,台词,"""--and falling asleep under scant shade? [mc], have you forgotten how badly you burned two months back?""","""-还在不怎么阴凉的地方睡着了？你忘了两个月前的晒伤有多严重吗，[mc]？"""
377,第一幕·场景1,a1s1,512,,,旁白,How could I forget?,我怎么能忘呢？
378,第一幕·场景1,a1s1,513,,,旁白,Amicus was so horrified by the prospect that he questioned how humans survived with so few natural defenses.,Amicus当时被吓得六神无主，甚至开始质疑人类是如何在如此缺乏天然防御的情况下生存下来的。
379,第一幕·场景1,a1s1,514,a,Amicus,台词,"""I'm becoming more concerned about you every day.""","""我真是越来越担心你了。"""
380,第一幕·场景1,a1s1,515,,,旁白,I rub my eyes as Amicus helps me to my feet.,我揉着眼睛，在Amicus的帮助下站起身。
381,第一幕·场景1,a1s1,516,m,主角(MC),台词,"""I was waiting for a Sightseer.""","""我是在等一艘Sightseer来着。"""
382,第一幕·场景1,a1s1,518,a,Amicus,台词,"""It's here, and good thing too. Our guide for the tour has arrived.""","""它已经到了，还有一件好事，咱们的向导也到了。"""
383,第一幕·场景1,a1s1,519,m,主角(MC),台词,"""Who?""","""是谁？"""
384,第一幕·场景1,a1s1,520,,,旁白,Amicus waves his paw dismissively.,Amicus不屑地摆了摆爪子。
385,第一幕·场景1,a1s1,521,a,Amicus,台词,"""One of the bear siblings. He's weird like they always are, so I'll keep your interactions short.""","""一个熊的Sibling。他们族还是那么古怪，所以我会尽量避免你们之间的交流。"""
386,第一幕·场景1,a1s1,522,,,旁白,I frown.,我皱起眉头。
387,第一幕·场景1,a1s1,523,m,主角(MC),台词,"""I think I can decide that for myself.""","""我想我可以自己决定。"""
388,第一幕·场景1,a1s1,525,a,Amicus,台词,"""Yes, yes, of course. Now let's be on our way!""","""是，是，当然。咱们回去吧！"""
389,第一幕·场景1,a1s1,526,,,旁白,Amicus lifts me into a bridal carry so that I don't burn my feet on the sand.,Amicus像抱新娘一样把我抬了起来，以免我的脚被沙子烫伤。
390,第一幕·场景1,a1s1,528,a,Amicus,台词,"""You were not waiting for me. I said at the eleventh hour, you know.""","""你没有等我，我是说第十一时那会。"""
391,第一幕·场景1,a1s1,529,m,主角(MC),台词,"""You're always late.""","""谁让你总是迟到。"""
392,第一幕·场景1,a1s1,530,a,Amicus,台词,"""How could I be late on a day like this?""","""我怎么会在这种日子迟到呢？"""
393,第一幕·场景1,a1s1,531,,,旁白,"I cling to my fiancé, listening to his deep voice rumble through his chest.",我紧紧抱住自己的未婚夫，聆听着他胸膛中低沉的轰鸣。
394,第一幕·场景1,a1s1,533,a,Amicus,台词,"""Have you packed your essentials?""","""你把必需品打包好了吗？"""
395,第一幕·场景1,a1s1,534,m,主角(MC),台词,"""Um...""","""呃..."""
396,第一幕·场景1,a1s1,536,a,Amicus,台词,"""Don't worry, I have not either!""","""不要紧，我也没有！"""
397,第一幕·场景1,a1s1,538,a,Amicus,台词,"""Let us prepare for our journey together, [mc]. I hope you're excited, because I have much planned for just the two of us.""","""一起准备吧，[mc]。希望你有感到兴奋，毕竟我为咱俩制定了不少计划呢。"""
398,第一幕·场景2,a1s2,2,,,旁白,"On our way to the Sightseer, I look back at the forest and it's then that I remember what had happened before I'd fallen asleep.",在去Sightseer的路上，我回头望向森林，睡着之前的事情突然浮现了出来。
399,第一幕·场景2,a1s2,3,m,主角(MC),台词,"""Wait, did you know Cass and Alex are coming?""","""等一下，你知道Cass和Alex要来吗？"""
400,第一幕·场景2,a1s2,5,a,Amicus,台词,"""Ah, yes, that was a bit of a last minute addition to the plan. I did not know if Cassius's schedule would be free when we departed and it turns out it was.""","""呃，知道，在最后临时决定的。之前还不清楚出发那天Cassius有没有安排。"""
401,第一幕·场景2,a1s2,6,m,主角(MC),台词,"""I mean, that's fine, but I just think it's weird that we're bringing along the guy that tried to kill everyone.""","""我并非不赞成，只是觉得有一个曾试图害死所有人的家伙在身旁实在很诡异。"""
402,第一幕·场景2,a1s2,7,,,旁白,"I'm kind of exaggerating, but Alex's partially successful plan to destabilize Adastra is one of the main reasons life here was so difficult.",可能有些夸张，但Alex实现了部分的、动摇阿达斯特拉的阴谋，正是这里的生活如此艰难的主要原因之一。
403,第一幕·场景2,a1s2,11,a,Amicus,台词,"""Wait a moment, how did you find out? I booked them a suite in the city. They are to meet with us at the university.""","""先等等，你是怎么知道的？我在城里给他们订了套房，并约好学院见的啊。"""
404,第一幕·场景2,a1s2,12,,,旁白,I frown.,我皱着眉。
405,第一幕·场景2,a1s2,13,m,主角(MC),台词,"""Neferu told you about me swimming to the island, but not how we caught Alex building a communication device again?""","""Neferu告诉你我游到了岛上，却没提我和他逮到Alex又在建通信设备？"""
406,第一幕·场景2,a1s2,15,a,Amicus,台词,"""No...""","""没有..."""
407,第一幕·场景2,a1s2,16,m,主角(MC),台词,"""Man, Neferu's got weird priorities these days.""","""天，Neferu最近怎么连轻重缓急都分不清了。"""
408,第一幕·场景2,a1s2,17,a,Amicus,台词,"""Wait, what is this about Alex building a communication device?""","""慢着，Alex建通信设备又是什么情况？"""
409,第一幕·场景2,a1s2,18,m,主角(MC),台词,"""Well, we overheard Cassius talking about building a plant-tech device. And Alex built one here last time because the signals were out of range for interception, right?""","""就是，我们无意中听Cassius说他们要建一个植物科技的设备。Alex上次也是在这个信号拦截范围外的地方建的，没错吧？"""
410,第一幕·场景2,a1s2,20,a,Amicus,台词,"""Oh that little shit! I--""","""那个小杂种！我-"""
411,第一幕·场景2,a1s2,22,,,旁白,Amicus suddenly stops and takes a deep breath.,Amicus猛地停了下来，深吸一口气。
412,第一幕·场景2,a1s2,23,,,旁白,It's like he's deeply pondering something.,像是在认真思考什么。
413,第一幕·场景2,a1s2,25,a,Amicus,台词,"""I may actually have to kill him.""","""我可能真的会杀了他。"""
414,第一幕·场景2,a1s2,26,m,主角(MC),台词,"""Huh!?""","""哈！？"""
415,第一幕·场景2,a1s2,27,,,旁白,"Amicus continues walking toward the Sightseer, though his jovial mood from earlier is completely gone.",Amicus头也不回地朝Sightseer走去，愉快的心情消失无踪。
416,第一幕·场景2,a1s2,28,a,Amicus,台词,"""I can't believe he'd make me do this after I gave him an undeserved second chance at life.""","""我破例饶了他一命，他竟敢恩将仇报。"""
417,第一幕·场景2,a1s2,29,m,主角(MC),台词,"""Wait, are you serious? You're gonna execute him?""","""等一下，你是认真的？你要处决他？"""
418,第一幕·场景2,a1s2,30,,,旁白,"Suddenly the idea that Alex's actions could actually lead to deadly consequences is, well, disturbing.",一想到Alex的行为可能导致致命的后果，我突然感觉到了，唔，不安。
419,第一幕·场景2,a1s2,31,,,旁白,"It would make sense, but I just can't imagine him being offed like that, with Amicus being the one responsible for it.",这是他咎由自取没错，我只是无法想象这是由Amicus提出来的。
420,第一幕·场景2,a1s2,32,,,旁白,But then Amicus sighs again.,但随后Amicus叹了口气。
421,第一幕·场景2,a1s2,34,a,Amicus,台词,"""No. I probably should. I know my father would have, and as emperor I'm obligated to seek justice for my people--""","""不，只是可能，不过我知道父亲一定会的。作为一国之主，我有义务为自己的人民伸张正义-"""
422,第一幕·场景2,a1s2,36,a,Amicus,台词,"""Which would be the end of that cat and any relation with Omorfa... But I am shifting our diplomacy toward a more... Khemian style, and executing diplomats, no matter how justified, is simply not how it is done.""","""但这也将导致阿达斯特拉与奥莫法彻底决裂...我正试图把这里的外交政策变得更加-克希米亚式，而处死一名外交官是万万不应该的，无论有多么正当的理由。"""
423,第一幕·场景2,a1s2,37,a,Amicus,台词,"""Relations with the cats is already strained as it is.""","""我们与猫族的关系本来就很紧张了。"""
424,第一幕·场景2,a1s2,38,m,主角(MC),台词,"""I think you should just deport him.""","""我觉得你应该把他驱逐出境。"""
425,第一幕·场景2,a1s2,40,a,Amicus,台词,"""Oh I would, you know that, but It's all the more complicated with Cassius in the mix.""","""我也想啊，但在Cassius的干涉下，事情变得很复杂。"""
426,第一幕·场景2,a1s2,41,,,旁白,Amicus finally lowers me into the Sightseer and we begin to float across the lake.,Amicus将我放进了Sightseer，我们开始漂浮过湖。
427,第一幕·场景2,a1s2,44,m,主角(MC),台词,"""So I thought he was doing social work in the poorer towns and cities?""","""话说，他不是正在贫困的城镇做福利工作么？"""
428,第一幕·场景2,a1s2,45,a,Amicus,台词,"""We managed to synch our schedules in Lux, so he will be accompanying us for just the first part of our journey.""","""我们设法同步了在卢克斯日程，所以他只会参与旅行的第一部分。"""
429,第一幕·场景2,a1s2,46,a,Amicus,台词,"""He is still popular in Lux, so the visual of him by my side could be rather advantageous. After that we will part ways.""","""他在卢克斯依然很受欢迎，和他同行也有利于我的形象。之后我们就会分道扬镳了。"""
430,第一幕·场景2,a1s2,47,m,主角(MC),台词,"""So how is Alex gonna fit into all of this? Doesn't the public know what he did?""","""那Alex要怎么加进来？民众又不是不知道他做了什么。"""
431,第一幕·场景2,a1s2,49,a,Amicus,台词,"""Cass says that emphasizing that Alex is his pet will play into the narrative that the saboteur was conquered.""","""按照Cass的说法，强调Alex是他的宠物可以起到破坏份子已经被征服的宣传效果。"""
432,第一幕·场景2,a1s2,50,m,主角(MC),台词,"""I thought you'd gotten rid of the pet system.""","""我还以为你们已经摈弃宠物那一套了。"""
433,第一幕·场景2,a1s2,52,a,Amicus,台词,"""Just another decree being held back by Cass's antics. It will be abolished as soon as that damn cat is out of the way.""","""Cass的荒唐举动阻挠了法令的推行。等那只该死的猫消失，我就立即着手解决。"""
434,第一幕·场景2,a1s2,54,a,Amicus,台词,"""Perhaps I should just rid us of the problem and surprise Lux with a public execution. They still enjoy such spectacle in that region, you know.""","""也许我应该果断点，用公开处决的方式给卢克斯一个惊喜。知道吗，那个地区的人民仍乐衷于此。"""
435,第一幕·场景2,a1s2,55,,,旁白,I think I'm starting to see why Neferu didn't tell Amicus about Alex.,"难怪Neferu没有把Alex的事告诉给Amicus。"""
436,第一幕·场景2,a1s2,56,,,旁白,"I try to shift the conversation to a lighter tone, though.",总之，我试着把话题转移到更轻松的方面上。
437,第一幕·场景2,a1s2,57,m,主角(MC),台词,"""I don't think you'd execute him, even if you weren't changing the diplomatic style of Adastra.""","""即使你无意改变阿达斯特拉的外交风格，我也不觉得你会处决他。"""
438,第一幕·场景2,a1s2,59,a,Amicus,台词,"""Oh? Are you implying that I'm soft?""","""哦？你是在暗示我软弱吗？"""
439,第一幕·场景2,a1s2,60,m,主角(MC),台词,"""Well, I just think that you remember when Alex was your friend and that stays your hand. Besides--""","""这个嘛，看在他曾经是你朋友的份上，我想你应该下不去手吧。再说-"""
440,第一幕·场景2,a1s2,61,,,旁白,I poke him in the stomach.,我戳了戳他的肚腩。
441,第一幕·场景2,a1s2,62,m,主角(MC),台词,"""--you {i}are{/i} soft.""","""-你{b}确实{/b}很软。"""
442,第一幕·场景2,a1s2,64,a,Amicus,台词,"""Mph!""","""唔姆！"""
443,第一幕·场景2,a1s2,65,,,旁白,"He grunts, and seems about to say something, but then awkwardly looks away, at the palace.",他咕哝了一声，似乎想说点什么，却又尴尬地移开了视线，望向皇宫。
444,第一幕·场景2,a1s2,66,m,主角(MC),台词,"""You alright?""","""怎么了？"""
445,第一幕·场景2,a1s2,68,a,Amicus,台词,"""I am...""","""我..."""
446,第一幕·场景2,a1s2,69,,,旁白,Then he takes a breath like he always does before talking about something that's bothering him.,然后他像往常那样，在讲令他困扰着的事前先深吸了一口气。
447,第一幕·场景2,a1s2,70,a,Amicus,台词,"""Speaking of pets, remember that your role has changed and you should consider yourself to be an equal amongst the siblings.""","""说到宠物，记住你已经不同以往了，你应该顾及自己与Siblings平等的身份。"""
448,第一幕·场景2,a1s2,71,m,主角(MC),台词,"""Okay...""","""好吧..."""
449,第一幕·场景2,a1s2,72,,,旁白,"I narrow my eyes, not sure exactly where this is going.",我眯起眼睛，不确定他到底什么意思。
450,第一幕·场景2,a1s2,74,a,Amicus,台词,"""Optics are a very large part of politics and perhaps you should consider carrying yourself in a more... formal way compared to when we are in private.""","""视觉效果在政治中起到至关重要的作用，相比你我私下的相处方式，也许你应该考虑让自己变得...更正式些。"""
451,第一幕·场景2,a1s2,75,,,旁白,"I mull that over for a moment, then feel my face get a little hot as I realize that Amicus is telling me not to embarrass him with PDA.",我琢磨了一会，顿时感到脸开始微微发烫，因为我意识到Amicus是想告诉我不要用{b}秀恩爱{/b}的方式让他难堪。
452,第一幕·场景2,a1s2,76,,,旁白,"I instinctively want to become defensive, to tell Amicus that this is just another one of {i}his{/i} issues, but...",我本能地想要为自己辩护，对Amicus说这不过是{b}他{/b}众多问题中的一个，可...
453,第一幕·场景2,a1s2,77,,,旁白,"No, this really is an important part of politics.",不，这确实是政治的重要组成部分。
454,第一幕·场景2,a1s2,78,,,旁白,"It's an important part of life, actually.",事实上，这也是生活的重要组成部分。
455,第一幕·场景2,a1s2,79,,,旁白,I can't just haphazardly plant kisses and rub Amicus's body in public like that.,我不能在公共场合随意地亲吻和抚摸Amicus。
456,第一幕·场景2,a1s2,80,,,旁白,"I mean, I think I already would have known this, but it's an odd thing to hear Amicus say it.",我想自己已经有所察觉了，但听到Amicus亲口说出来，心里还真不是滋味。
457,第一幕·场景2,a1s2,81,,,旁白,"I clear my throat, hoping I don't look as red as I feel.",我清了清嗓子，希望脸看起来没有感觉的那么红。
458,第一幕·场景2,a1s2,82,m,主角(MC),台词,"""Oh yeah, of course. I remember my formal stance.""","""说的没错，放心，我记得在正式场合的姿势。"""
459,第一幕·场景2,a1s2,83,,,旁白,I clasp my hands in front of me.,我把双手紧握在身前。
460,第一幕·场景2,a1s2,84,a,Amicus,台词,"""When we arrive at our imperial villas, it will be different.""","""坚持到皇家别墅。"""
461,第一幕·场景2,a1s2,86,a,Amicus,台词,"""You can do whatever you'd like to me, then.""","""之后你就可以对我为所欲为了。"""
462,第一幕·场景2,a1s2,87,m,主角(MC),台词,"""Yeah, definitely.""","""嗯，当然。"""
463,第一幕·场景2,a1s2,89,,,旁白,"My failure to banter back like usual isn't lost on Amicus and the silence becomes awkward, something that doesn't happen very often these days.",我没有回以一贯的玩笑，Amicus也没有注意到，对话就此陷入了近来少有的尴尬沉默中。
464,第一幕·场景2,a1s2,90,,,旁白,I'm not sure why I feel so deflated.,我不知道自己为什么感到如此沮丧。
465,第一幕·场景2,a1s2,91,,,旁白,I suppose it could be because I didn't really process the fact until now that this could be a glimpse into my future life with Amicus.,也许是因为直到现在我才意识到，这是我和Amicus未来生活的一个缩影。
466,第一幕·场景2,a1s2,92,,,旁白,Lots of formalities.,繁文缛节。
467,第一幕·场景2,a1s2,93,,,旁白,"I'd accepted this fact months ago, along with the fact that it's very likely that I won't ever feel at home.",几个月前我就接受了这个事实，同时还有一点，即我可能永远都不会有家的感觉了。
468,第一幕·场景2,a1s2,94,,,旁白,Both on Adastra {i}and{/i} on Earth.,不管是在阿达斯特拉，{b}还是{/b}在地球。
469,第一幕·场景2,a1s2,96,a,Amicus,台词,"""I'm sorry if I said something foolish again. It's just that with politics you must think of both--""","""对不起，我好像又说蠢话了。但在政治上，我必须面面俱到-"""
470,第一幕·场景2,a1s2,97,m,主角(MC),台词,"""No, no, you're fine. It's a time-and-place sort of thing. It's just... Well, I hope I'm able to do things right and that I don't screw up and embarrass you somehow.""","""不，不，没什么的，场合问题而已。只是...唉，希望我不会搞砸，让你难堪。"""
471,第一幕·场景2,a1s2,99,a,Amicus,台词,"""[mc], if you manage to embarrass me half as much as I embarrass myself, I will be genuinely impressed.""","""[mc]，如果你让我尴尬的程度能达到我自己一半水平的话，我会对你刮目相看的。"""
472,第一幕·场景2,a1s2,100,,,旁白,I think Amicus is underestimating my abilities.,我想Amicus低估了我的能力。
473,第一幕·场景2,a1s2,101,m,主角(MC),台词,"""Well, I'd like to not embarrass you at all. You already have enough to worry about without me causing problems with stuff like optics. I honestly should probably stay in the villa until you finish all the important stuff.""","""好吧，我还是宁愿不让你尴尬。抛开由我引起的视觉效果之类的麻烦，需要你操心的东西已经够多了。老实说，也许我应该躲在别墅里，直到你把重要的工作都完成。"""
474,第一幕·场景2,a1s2,102,,,旁白,"I'm genuinely trying to offer a realistic solution, but I can't help but feel that it's coming off as bitter.",我是真心想要提供一个现实的解决方案，却不禁觉得这会导致不好的后果。
475,第一幕·场景2,a1s2,103,,,旁白,Amicus clearly thinks the same.,Amicus显然也有同感。
476,第一幕·场景2,a1s2,105,a,Amicus,台词,"""Listen, we didn't go to hell and back only for you to then be hidden away like a bad secret. You are important, and not only to me, but all of Adastra. Public gaffes are not enough to change that.""","""听着，我们历经劫难，可不是为了把你像个难以启齿的秘密一样藏起来的。你很重要，不仅是对我，更是对整个阿达斯特拉而言。在公开场合失态不足以撼动这一点。"""
477,第一幕·场景2,a1s2,106,,,旁白,We finally reach the shore at that moment and Amicus helps me out of the craft.,就在此时，我们终于抵达了岸边，Amicus帮助我下了船。
478,第一幕·场景2,a1s2,108,m,主角(MC),台词,"""Alright, but you know, in {i}Adastra: A History{/i}, they talked about a few emperors that couldn't adjust to the formalities of the position and abdicated, or even, uh, 'descended into insanity' and became mad kings. Are {i}you{/i} doing alright?""","""好吧，不过你知道吗？在{b}阿达斯特拉：一段历史{/b}中，记载了几位因无法适应礼节而退位，甚至，呃，‘精神错乱’的疯狂皇帝。{b}你{/b}真的不要紧吗？"""
479,第一幕·场景2,a1s2,110,a,Amicus,台词,"""Please, [mc]. My mind is not so weak that I cannot handle the duties expected of me since birth.""","""拜托，[mc]。我的意志还没有弱到不能胜任自出生以来就被寄予的厚望。"""
480,第一幕·场景2,a1s2,112,a,Amicus,台词,"""And are you referring to Emperor Lucius, the one that married and divorced every week because he was too impotent to bare children?""","""你说的是皇帝Lucius吗？那个无能到生不了孩子，每周都在结婚和离婚中度过的家伙？"""
481,第一幕·场景2,a1s2,114,,,旁白,"Amicus laughs loudly, and I just stare at him.",Amicus大笑了起来，而我只是瞪着他。
482,第一幕·场景2,a1s2,115,m,主角(MC),台词,"""Okay, first of all, it has nothing to do with weakness, and if you {i}do{/i} feel like you're crumbling under the pressure, tell me. Promise me that.""","""首先，这不是弱不弱的问题。答应我，如果你{b}感觉{/b}承受不住压力了，一定要告诉我。"""
483,第一幕·场景2,a1s2,116,,,旁白,My tone brings Amicus's bravado crashing down like I hoped it would.,我的语气令Amicus的虚张声势如我希望的那般瓦解了。
484,第一幕·场景2,a1s2,118,a,Amicus,台词,"""Yes, of course, just trying to add a touch of levity--""","""好啦，我只是想活跃一下气氛-"""
485,第一幕·场景2,a1s2,119,m,主角(MC),台词,"""Secondly, yes, I was talking about Lucius, and yes, he was real self-conscious about his dick not working to the point that he revived execution by immolation to punish anyone he thought might have mentioned it.""","""其次，我的确说的是Lucius。还有没错，他对自己无能的老二很有自知之明，乃至恢复了火刑，以惩罚那些他觉得嘲笑过他的人。"""
486,第一幕·场景2,a1s2,121,a,Amicus,台词,"""Ah yes, I believe anything phallic was enough to send him into a rage.""","""是的，相信任何与阳具有关的东西都足以令他暴跳如雷。"""
487,第一幕·场景2,a1s2,122,m,主角(MC),台词,"""It's a very Adastran story.","""很有阿达斯特拉风格的故事。"""
488,第一幕·场景2,a1s2,124,a,Amicus,台词,"""Though I do not remember mention of deaths by burning. Perhaps you are confusing his era with an earlier one?""","""不过我不记得里面有提到火刑啊，是不是和之前的年代搞混了？"""
489,第一幕·场景2,a1s2,125,,,旁白,"I open my mouth to deny that I am, but then I remember that I'd heard that particular piece of information in the Khemian rebuttal.",就在我张口否认之际，我突然想起这条信息是收录在克希米亚版本中的。
490,第一幕·场景2,a1s2,126,m,主角(MC),台词,"""M--maybe, either way, my earlier statement stands.""","""也-也许吧，总之，我之前的话是认真的。"""
491,第一幕·场景2,a1s2,128,a,Amicus,台词,"""Of course, and I feel that maybe this also applies to you in that you are feeling a bit under pressure at the moment?""","""放心。还有，我想这对你也适用，因为你现在好像有一点点压力？"""
492,第一幕·场景2,a1s2,129,,,旁白,I sigh.,我叹了口气。
493,第一幕·场景2,a1s2,130,m,主角(MC),台词,"""A little. I'm representing all of humanity, after all.""","""有点，毕竟我代表了全人类。"""
494,第一幕·场景2,a1s2,131,,,旁白,Amicus puts his arm around me as we walk toward the palace.,Amicus搂着我走向皇宫。
495,第一幕·场景2,a1s2,133,a,Amicus,台词,"""Trust me, this will all become easier once you've experienced your first day. It will just become a bit boring after that.""","""相信我，只要熬过第一天，一切就都简单了。就是之后会变得有些无聊。"""
496,第一幕·场景2,a1s2,135,m,主角(MC),台词,"""I prefer boring, these days.""","""现如今，我倒是更喜欢无聊。"""
497,第一幕·场景2,a1s2,137,a,Amicus,台词,"""Me too.""","""彼此彼此。"""
498,第一幕·场景2,a1s2,141,,,旁白,"I can tell that we're running pretty late even as Amicus takes his time getting ready, including fitting in another shower that he pulls me into.",看得出我们已经迟到很久了，可Amicus还是慢吞吞的，包括拉我去洗澡的时候。
499,第一幕·场景2,a1s2,142,,,旁白,"He assures me that because of the semi-formal nature of the trip, the schedule isn't all that strict.",他向我保证，由于这次旅行是半正式的，所以行程安排上不会太过严格。
500,第一幕·场景2,a1s2,143,,,旁白,"Of course, that doesn't really matter when others are waiting us.",当然，在有人等我们的时候例外。
501,第一幕·场景2,a1s2,144,,,旁白,Others like Virginia.,像是Virginia那种人。
502,第一幕·场景2,a1s2,146,,,旁白,She stares at us as we walk up to her.,她注视着我们走上前。
503,第一幕·场景2,a1s2,147,,,旁白,"The automatic carriage sits behind her, Neferu casually slouching in the front, busying himself with his tablet.",在她身后停着一辆自动马车，Neferu正懒洋洋地坐在前面的位置，忙活着手里的终端。
504,第一幕·场景2,a1s2,148,,,旁白,"As we come to a stop in front of her, Amicus keeps his arm around me, still in good spirits.",我们在她面前停住，Amicus始终紧搂着我，心情依然很不错。
505,第一幕·场景2,a1s2,149,,,旁白,Virginia seems to work her jaw for a moment before speaking.,Virginia似乎抖了抖下巴，然后才开口道：
506,第一幕·场景2,a1s2,150,v,Virginia,台词,"""You are {i}impressively{/i} late this time, Amicus, almost an hour in fact.""","""令人{b}叹为观止{/b}的迟到，Amicus。确切地说，你几乎晚了一个小时。"""
507,第一幕·场景2,a1s2,152,a,Amicus,台词,"""Sorry, Virginia, but unforeseen circumstances dictated that I take a dip in the lake. I then determined that being late was worth washing and grooming myself so that I may be presentable--""","""不好意思，Virginia。事发突然，我在湖里泡了泡。为了之后的体面，我决定自己应该洗个澡，打扮一下，这次迟到是值得-"""
508,第一幕·场景2,a1s2,154,v,Virginia,台词,"""Just get in the carriage, Amicus.""","""赶紧上车吧，Amicus。"""
509,第一幕·场景2,a1s2,156,a,Amicus,台词,"""Of course, dearest sister. How have you been lately? We've not had a moment to catch up today.""","""没问题，亲爱的妹妹。你最近过得怎么样？我们今天还没来得及叙旧呢。"""
510,第一幕·场景2,a1s2,157,,,旁白,I would have kicked Amicus if we'd been seated at a table.,真想踢他一脚，如果我们坐在桌边的话。
511,第一幕·场景2,a1s2,159,,,旁白,Virginia just eyes her brother up and down before turning away and climbing into the carriage herself.,Virginia只是上下打量着她的哥哥，然后转身离开，自己上了马车。
512,第一幕·场景2,a1s2,161,v,Virginia,台词,"""Today I've been reminded that most things are not worth it, brother.""","""有人提醒过我，今天大部分事情不值得深究，哥哥。"""
513,第一幕·场景2,a1s2,163,a,Amicus,台词,"""Fantastic!""","""好极了！"""
514,第一幕·场景2,a1s2,165,,,旁白,"Amicus hops into the carriage and offers a paw to me, pulling me up while at the same time, the carriage begins to move.",Amicus跳上马车，朝我伸来一只爪子，把我拉了上去。与此同时，马车开始了移动。
515,第一幕·场景2,a1s2,168,n,Neferu,台词,"""Are his tactics to antagonize you beginning to succeed Virginia? That's not like you at all.""","""他的反抗奏效了，Virginia？真是一点也不像你啊。"""
516,第一幕·场景2,a1s2,170,v,Virginia,台词,"""It depends on the day, Neferu, though I must admit those particular days are becoming more frequent.""","""这取决于具体的日期，Neferu，尽管我必须承认那些日期正变得愈加频繁。"""
517,第一幕·场景2,a1s2,173,,,旁白,"I glance up at Amicus, but he just continues smiling, running his blunt claws through my hair.",我抬头瞥了一眼Amicus，只见他依然面带微笑，用钝爪捋着我的头发。
518,第一幕·场景2,a1s2,174,,,旁白,While I understand and usually side with Virginia when it comes to Amicus's behavior and lack of punctuality--,当涉及到Amicus的行为及不守时时，我通常理解并站在Virginia那边-
519,第一幕·场景2,a1s2,175,,,旁白,--I do sometimes like it when he's able to counter her dour mood with an overly-positive one.,-但有时，我还挺喜欢他用一种过分积极的情绪来对抗她的阴郁情绪的。
520,第一幕·场景2,a1s2,179,,,旁白,"We ride in silence for a while, content to just take in the scenery.",我们坐在马车上，静静欣赏着沿途的风景。
521,第一幕·场景2,a1s2,180,,,旁白,"About halfway there, Neferu turns around.",行至一半，Neferu转过身来。
522,第一幕·场景2,a1s2,182,n,Neferu,台词,"""Did you tell Amicus what we discovered on the island, [mc]?""","""你告诉Amicus我们在岛上的发现了吗，[mc]？"""
523,第一幕·场景2,a1s2,184,,,旁白,"Amicus lets out a slow breath, his content mood dissipating with it.",Amicus缓缓呼出一口气，满足的心情也随之消散。
524,第一幕·场景2,a1s2,186,n,Neferu,台词,"""I'll take that as a yes.""","""那么我就把这当做‘是’了。"""
525,第一幕·场景2,a1s2,187,m,主角(MC),台词,"""Why didn't you tell him?""","""你怎么不说？"""
526,第一幕·场景2,a1s2,188,n,Neferu,台词,"""Because he explodes on the topic of Alex.""","""因为涉及到Alex的话题会令他勃然大怒。"""
527,第一幕·场景2,a1s2,190,n,Neferu,台词,"""Have you decided what to do?""","""你想到解决方案了吗？"""
528,第一幕·场景2,a1s2,191,a,Amicus,台词,"""No.""","""没有。"""
529,第一幕·场景2,a1s2,192,n,Neferu,台词,"""Well, you do have an advisor.""","""这个嘛，别忘了你还有一位顾问。"""
530,第一幕·场景2,a1s2,194,v,Virginia,台词,"""Kill him.""","""杀了他。"""
531,第一幕·场景2,a1s2,196,n,Neferu,台词,"""I'm sorry?""","""你说什么？"""
532,第一幕·场景2,a1s2,199,v,Virginia,台词,"""Kill him. The cat has done more than enough to deserve it. Not a public execution, mind you, but rather an accident.""","""杀了那只猫，这是他活该。还有，切记不能公开处决，要伪装成一场意外。"""
533,第一幕·场景2,a1s2,200,,,旁白,"I go over what Virginia just said in my mind, not really sure if I'm understanding correctly.",我把Virginia的话在脑中重温了一遍，不确定自己的理解是否正确。
534,第一幕·场景2,a1s2,201,v,Virginia,台词,"""This would at least deprive Omorfa of one excuse for war. And if you truly feel you have no options in terms of deportation or imprisonment, I honestly recommend this route. It's asinine that we are allowing a dangerous spy to be so close to the imperial family.""","""至少这会令奥莫法失去一个发动战争的借口。如果你确实没有驱逐或是监禁他的打算，那么我真心建议你采取这种方法。我们竟然允许一名危险的间谍如此接近皇室，实在愚蠢至极。"""
535,第一幕·场景2,a1s2,202,v,Virginia,台词,"""It is dangerous for all of Adastra.""","""这会是全阿达斯特拉的隐患。"""
536,第一幕·场景2,a1s2,203,,,旁白,I shift uncomfortably.,我不自在地动了动身体。
537,第一幕·场景2,a1s2,204,,,旁白,"While I knew Amicus hadn't been serious before, Virginia seems to be deadly serious right now.",与此前的Amicus不同，Virignia绝对是认真的。
538,第一幕·场景2,a1s2,205,,,旁白,"Meanwhile, Amicus doesn't react much at all, continuing to stare at the back of the bench in front of us while he goes on stroking my hair.",与此同时，Amicus似乎完全不为所动。他一边盯着前方的长椅，一边继续抚摸着我的头发。
539,第一幕·场景2,a1s2,207,n,Neferu,台词,"""The way you speak of death so callously for someone we know is quite unsettling.""","""如此冷酷地谈论一个我们认识的人的死亡实在令人不安。"""
540,第一幕·场景2,a1s2,209,v,Virginia,台词,"""Neferu, while I thank you for alerting me to the issue, I am not in the mood for a lecture on the superiority of Khemian morality today.""","""感谢提醒，Neferu，但我今天没有心情听你的克希米亚道德讲座。"""
541,第一幕·场景2,a1s2,212,v,Virginia,台词,"""The bigger problem with that cat is that he is going to go back to Omorfa eventually with all the knowledge he obtained here on Adastra. Have you not heard rumors of what the cats are planning?""","""更严重的问题是，那只猫终会带着他在阿达斯特拉获取的情报回到奥莫法。你们难道没有听说过猫族的计划吗？"""
542,第一幕·场景2,a1s2,213,v,Virginia,台词,"""They claim the parents to be malicious. Even Adastra never outright said such things.""","""他们声称Parents心怀不轨。就连阿达斯特拉也不曾直截了当地发表过如此言论。"""
543,第一幕·场景2,a1s2,214,,,旁白,"If I'd ever taken time to think about it, I definitely would have assumed that Virginia would have wanted Alexios executed.",如果花时间去想的话，我肯定会认为Virginia希望Alexios被处死。
544,第一幕·场景2,a1s2,215,,,旁白,But her idea echoes of something in the past that I want to bring up... but I can't.,但她的想法不过是过去某件事情的重现，我想提出来...但我不能。
545,第一幕·场景2,a1s2,216,,,旁白,"It's a strange feeling, like I'm choosing to stay silent because it's not my place, but also that if I tried to speak, I might not be able to.",真是种奇怪的感觉，我选择保持沉默，是因为这里不是我的地盘，但还因为我可能做不到。
546,第一幕·场景2,a1s2,217,,,旁白,I also feel like we're being watched.,因为我觉得我们被监视着。
547,第一幕·场景2,a1s2,218,,,旁白,This isn't a new feeling.,这不是什么新鲜感觉了。
548,第一幕·场景2,a1s2,219,,,旁白,It's something that I've been experiencing for the past several months.,过去的几个月我一直深受其扰。
549,第一幕·场景2,a1s2,220,,,旁白,"In fact, it started at the university we're heading toward now, and I try to force the image of a contorted statue to the back of my mind.",准确来说，是从我们要去的那所学院开始的。我强迫自己把那扭曲的雕像抛到脑后。
550,第一幕·场景2,a1s2,221,,,旁白,I lean harder against Amicus.,我往Amicus身上靠得更紧了。
551,第一幕·场景2,a1s2,223,n,Neferu,台词,"""--they are in political turmoil for the first time in a millennia. In my opinion, it is simply a necessary reckoning with their identity and values. They will return to the fold as a stronger people, and we will welcome them back.""","""-他们千年来头一次陷入政治动荡。在我看来，这不过是对他们自身和价值观的一次必然清算。他们将作为一个更强大的种族重返我们这个大家族，我们亦需欢迎他们的归来。"""
552,第一幕·场景2,a1s2,224,v,Virginia,台词,"""Which would be a mistake on the part of the parents--""","""对Parents而言这是错误的-"""
553,第一幕·场景2,a1s2,225,,,旁白,This talk about the parents...,谈到Parents了...
554,第一幕·场景2,a1s2,226,v,Virginia,台词,"""--when they know what the cats are capable of.""","""-在他们知道猫族的能力后。"""
555,第一幕·场景2,a1s2,227,,,旁白,"...Reminds me that I'm under their control in so many ways, and right now I can feel it more than ever.",...我知道自己很多方面受制于他们，而现在，我比以往任何时候都能更切实地体会到。
556,第一幕·场景2,a1s2,228,,,旁白,"I open my mouth, feeling the mechanical structure in my throat strain and protest, jammed as if it has stopped working.",我张开嘴，感觉喉咙里的机械结构绷紧、并发出了抗议，仿佛卡死了一般。
557,第一幕·场景2,a1s2,229,,,旁白,"They have my voice, and I know they're using that against me right now.",他们掌控了我的声音，我还知道他们正利用这一点来对付我。
558,第一幕·场景2,a1s2,230,,,旁白,"I grip into Amicus's thigh and I hear him grunt, then shift to look at me.",我紧紧抓住Amicus的大腿，他先是嘀咕了一声，然后转头看向我。
559,第一幕·场景2,a1s2,232,a,Amicus,台词,"""[mc], are you alright?""","""你还好吗，[mc]？"""
560,第一幕·场景2,a1s2,233,,,旁白,He says it in a low voice so it won't interrupt Virginia and Neferu.,他用不会打断Virginia和Neferu的音量低声说道。
561,第一幕·场景2,a1s2,234,,,旁白,{i}I won't. I won't. I won't. I won't... Be silent!{/i},{b}我绝对不会，不会，不会，不会...保持沉默！{/b}
562,第一幕·场景2,a1s2,237,m,主角(MC),台词,"""IIIIIEEE WON'T!""","""{b}咻想！！！{/b}"""
563,第一幕·场景2,a1s2,242,,,旁白,"Amicus jumps as my voice makes an odd, glitchy droning sound before seeming to kick back into working order.",Amicus被我发出的奇怪而刺耳的嗡嗡声吓了一跳，我的喉咙似乎终于恢复了运转。
564,第一幕·场景2,a1s2,244,a,Amicus,台词,"""What was that!? Are you alright?""","""怎么了！？你还好吗？"""
565,第一幕·场景2,a1s2,245,m,主角(MC),台词,"""Yeah, sorry, something's wrong with the throat machine the parents stuck in me. It's working now though.""","""咳，抱歉，Parents安的机械喉咙出了点故障。不过现在没问题了。"""
566,第一幕·场景2,a1s2,246,,,旁白,I look at Virginia.,我看向Virginia。
567,第一幕·场景2,a1s2,247,m,主角(MC),台词,"""I just wanted to say that I'm completely against killing Alex, and I would rather you not talk about it in my presence.""","""我只是想说，关于杀死Alex这件事，我持完全反对的态度，也不希望你们继续在我面前讨论。"""
568,第一幕·场景2,a1s2,248,,,旁白,I notice then that I'm heaving for breath.,我注意到自己在大喘气。
569,第一幕·场景2,a1s2,249,,,旁白,"I'd planned to say it in a calm, firm sort of way, but something was trying to stop me, and that's left me even more unsettled than the assassination talk.",我本打算以一种平静、坚定的方式说出来，却被什么东西所阻止-比这场关于暗杀的谈话更令我感到不安的东西。
570,第一幕·场景2,a1s2,255,,,旁白,"A strange feeling hangs in the air, and not just the one caused by my awkward, glitched-out outburst.",空气中弥漫着诡异的气氛，不仅仅是因为我突然情绪爆发而引起的尴尬。
571,第一幕·场景2,a1s2,256,,,旁白,"Rather, something feels different, like I've broken away from something, like I've steered my way off a road I'd been stuck on.",更确切地说，感觉不太一样了，就好像我挣脱了什么，比如一直束缚着我的道路。
572,第一幕·场景2,a1s2,257,,,旁白,It's like this wasn't meant to happen.,就好像这是不该发生的。
573,第一幕·场景2,a1s2,258,,,旁白,And It's like I'm free.,就好像我自由了。
574,第一幕·场景2,a1s2,260,v,Virginia,台词,"""Amicus, is your friend psychologically sound?""","""Amicus，你的朋友心理健全吗？"""
575,第一幕·场景2,a1s2,262,a,Amicus,台词,"""Of course he is!""","""当然健全了！"""
576,第一幕·场景2,a1s2,264,,,旁白,Amicus takes a closer look at me.,Amicus仔细观察着我。
577,第一幕·场景2,a1s2,265,a,Amicus,台词,"""You are alright, right? You said your throat modification is having issues?""","""没事吧？你说喉咙出故障了？"""
578,第一幕·场景2,a1s2,266,,,旁白,"I rub my throat, finally catching my breath, quickly nodding.",我揉了揉自己的喉咙，终于缓过气来，连忙点点头。
579,第一幕·场景2,a1s2,267,m,主角(MC),台词,"""Yeah... Yeah, sorry everyone. Something got stuck and I really wanted to say something so it kinda just exploded out.""","""嗯...咳，不好意思，各位。有哪里卡住了，我又真的很想说点什么，于是就像喷出来了一样。"""
580,第一幕·场景2,a1s2,269,v,Virginia,台词,"""You really wanted to defend the cat?""","""你当真想保护那只猫吗？"""
581,第一幕·场景2,a1s2,271,a,Amicus,台词,"""Hey, enough of this. He just said he did not want to be involved in this.""","""嘿，够了。他说过不想被卷入这件事。"""
582,第一幕·场景2,a1s2,272,m,主角(MC),台词,"""I just think we should consider who else plotted an assassination and made it look like an accident. It's a different situation, yeah, but I think we're a bit better than him and can figure out a more peaceful way to solve this.""","""我只是觉得我们不该忘记还有谁策划了一场暗杀，并把它伪装成意外。诚然，那是不同的情况，但我想我们至少比那个家伙强，能够想出一个更和平的解决方法。"""
583,第一幕·场景2,a1s2,273,,,旁白,Virginia keeps her eyes narrowed and doesn't say anything.,Virginia眯着眼睛，始终一言不发。
584,第一幕·场景2,a1s2,275,n,Neferu,台词,"""I, for one, agree. I would also consider visiting the university archives to see if the parents will check your device.""","""就个人而言，我同意。我会考虑拜访学院的档案库，看Parents是否愿意检查你的设备。"""
585,第一幕·场景2,a1s2,277,n,Neferu,台词,"""That sound was truly otherworldly.""","""那声音可谓超凡脱俗。"""
586,第一幕·场景2,a1s2,278,m,主角(MC),台词,"""Yeah...""","""呃..."""
587,第一幕·场景2,a1s2,281,,,旁白,Amicus just stares at me with concern for the rest of the ride as we fall into a very uncomfortable silence.,在这之后，Amicus只是关切地望着我，我们全员陷入了不舒服的沉默中。
588,第一幕·场景2,a1s2,282,,,旁白,"I don't mind, though.",不过我不介意。
589,第一幕·场景2,a1s2,283,,,旁白,"I'm wrapped up in trying to figure out what the hell just happened, and what exactly I should do next.",我正绞尽脑汁想要弄清刚才到底发生了什么，以及接下来该怎么做。
590,第一幕·场景2,a1s2,286,,,旁白,Things stay awkward for the rest of the ride to the university.,去往学院的路途变得异常尴尬。
591,第一幕·场景2,a1s2,288,,,旁白,"When we finally step inside, Cassius and Alex are already there, sitting in the main hall.",当我们终于走进去的时候，Cassius和Alex已经坐在大厅里了。
592,第一幕·场景2,a1s2,289,,,旁白,"Well, Cassius is laying down on a bench while Alex is standing next to a large creature, one that I've never seen before.",好吧，Cassius躺在长凳上，而Alex则站在一个我从没见过的巨大生物旁边。
593,第一幕·场景2,a1s2,290,,,旁白,"He's big, but so are most of the aliens I've seen.",他块头是很大，不过我见过的大多数外星人也不小。
594,第一幕·场景2,a1s2,291,,,旁白,"I know he's most likely our guide, the bear that Amicus mentioned earlier.",我想他很可能是我们的向导，Amicus之前提到的那头熊。
595,第一幕·场景2,a1s2,292,,,旁白,"If anything, his fashion gives him away as not being from Adastra.",话说回来，看他的打扮就不像阿达斯特拉本地人。
596,第一幕·场景2,a1s2,293,,,旁白,"I don't know much about them, or their culture.",我不怎么了解熊族和他们的文化。
597,第一幕·场景2,a1s2,294,,,旁白,"There's little mention of them in {i}Adastra: A History{/i}, probably because they never warred with the wolves.",他们很少出现在{b}阿达斯特拉：一段历史{/b}中，也许是因为他们从来没有跟狼族打过仗吧。
598,第一幕·场景2,a1s2,295,,,旁白,It makes me wonder if they have a lot in common.,我不禁怀疑这两方是否有不少共同点。
599,第一幕·场景2,a1s2,296,,,旁白,"Alex is talking to him, and I can already tell that the conversation is awkward before I can even hear what's being said.",Alex正在和他说话，不等听清内容，我就已经知道这段对话有多尴尬了。
600,第一幕·场景2,a1s2,299,al,Alexios,台词,"""Think of it this way; I am standing on a bed of nails surrounded by flames. I am already in a painful position while being told I have the choice to leave it... into a worse position.""","""可以这样想：正当我站在被火焰包围的钉床上，痛苦万分之际，被告知我可以选择离开...却是落入一个更糟糕的境地。"""
601,第一幕·场景2,a1s2,300,al,Alexios,台词,"""Is that really choice or simply the manipulator using a poor situation as cover to claim they gave you a choice?""","""这真的称得上是选择吗？还是说，这不过是操纵者以糟糕的局面作为掩护，声称他们给出了选择？"""
602,第一幕·场景2,a1s2,302,unk,?????,台词,"""...""","""..."""
603,第一幕·场景2,a1s2,304,unk,?????,台词,"""Haha! But that isn't the actual choice now, is it?""","""哈哈！不过这句话应该不是选择吧？"""
604,第一幕·场景2,a1s2,305,,,旁白,The bear seems to notice our presence as we draw closer.,当我们走近时，熊似乎注意到了我们的存在。
605,第一幕·场景2,a1s2,307,unk,?????,台词,"""Ah, your imperial majesty. It is an honor to meet you.""","""啊，很荣幸见到您，陛下。"""
606,第一幕·场景2,a1s2,308,,,旁白,The bear bows low to the ground.,那头熊鞠躬致意。
607,第一幕·场景2,a1s2,310,a,Amicus,台词,"""Greetings. I presume you to be our guide? I was told your name earlier, but I seem to have forgotten in the day's chaos.""","""日安。你就是我们的向导吗？我早些时候听过你的名字，不过似乎被这混乱的一天冲散了。"""
608,第一幕·场景2,a1s2,311,unk,?????,台词,"""Not a problem. I am Bjarni, and I will indeed be your tour guide. Speaking of chaos--""","""别在意。我叫Brni，你们未来的向导。说到混乱-"""
609,第一幕·场景2,a1s2,312,,,旁白,"During the exchange, Alex had been casually sidling away toward Cassius who is still laying out on a bench.",在交谈过程中，Alex漫不经心地朝仍躺在长凳上的Cassius靠了过去。
610,第一幕·场景2,a1s2,313,b,Bjarni,台词,"""Your little chaos lover seems to be up to his old ways, if he ever abandoned them in the first place, that is. Trying to turn me against the parents just before the trip. Ha!""","""你们那个混乱爱好者似乎又重操旧业了-如果他有放下的话-临出发前还让我跟Parents对着干，哈！"""
611,第一幕·场景2,a1s2,315,,,旁白,Alexios freezes as he realizes that he's being addressed.,Alexios被提到时整个人都僵住了。
612,第一幕·场景2,a1s2,317,a,Amicus,台词,"""Shocking.""","""难以置信。"""
613,第一幕·场景2,a1s2,319,al,Alexios,台词,"""E-excuse me, but I was simply presenting to you a thought experiment to better illustrate an idea.""","""请-情原谅，但我不过是通过阐述一个思想实验，以更好地诠释自己的想法。"""
614,第一幕·场景2,a1s2,321,b,Bjarni,台词,"""Hell of a topic for our first conversation, I think.""","""咱们还真是头一次聊就选了个好话题，大概。"""
615,第一幕·场景2,a1s2,323,,,旁白,"Alexios wisely chooses not to respond, instead walking away back toward Cassius.",Alexios明智地没有选择回应，而是转身走向Cassius。
616,第一幕·场景2,a1s2,324,,,旁白,"It's quiet for a moment, then Bjarni's demeanor suddenly becomes dark.",在沉默了一段时间后，Bjarni一改之前的态度，变得阴郁起来。
617,第一幕·场景2,a1s2,326,b,Bjarni,台词,"""I know you are already aware of this, but keep an eye on that cat. He's pure deception.""","""我知道您心里有数，不过还请留意那只猫，他是个不折不扣的骗子。"""
618,第一幕·场景2,a1s2,328,a,Amicus,台词,"""Oh, er, I plan to.""","""哦，呃，我自有打算。"""
619,第一幕·场景2,a1s2,331,b,Bjarni,台词,"""Anyway, is this [mc]? Pleasure to meet you as well.""","""总之，这位就是[mc]吧？很高兴见到你。"""
620,第一幕·场景2,a1s2,332,,,旁白,"Bjarni extends a paw in a way that's so familiar, I instinctively raise my hand.",Bjarni以一种非常熟悉的方式伸出了爪子，我本能地抬起了手。
621,第一幕·场景2,a1s2,333,,,旁白,"He then takes it and slowly, but deliberately, shakes it.",然后他握住我的手，缓缓地、有意地摇了摇。
622,第一幕·场景2,a1s2,334,,,旁白,"If it weren't for him being overly-careful with his movements, I wouldn't have even realized that this is a handshake and how strange it is that Bjarni seems to know about it.",若不是他的动作过于小心，我甚至不会意识到这是一次握手，以及Bjarni知道握手这件事有多么反常。
623,第一幕·场景2,a1s2,335,,,旁白,"Amicus frowns at our exchange, unsure what to make of it.",Amicus皱着眉头，注视着我们的交流，不明所以。
624,第一幕·场景2,a1s2,337,b,Bjarni,台词,"""Seems I need to work on that, judging by your reaction.""","""从你的反应来看，我还需要再加把劲。"""
625,第一幕·场景2,a1s2,338,a,Amicus,台词,"""Eh?""","""啊？"""
626,第一幕·场景2,a1s2,339,m,主角(MC),台词,"""It was a... Handshake?""","""这是...握手？"""
627,第一幕·场景2,a1s2,341,b,Bjarni,台词,"""Definitely need to work on it, but yes, the dominant form of physical greeting in Europe and a majority of Earth, from what I understand. I thought you might know that, Amicus.""","""是的，看来我的确需要加把劲了。据我所知，这是欧洲和地球的大部分地区普遍的肢体问候方式。我还以为您知道，Amicus。"""
628,第一幕·场景2,a1s2,342,a,Amicus,台词,"""Oh, well, I do know quite a bit about Earth, Europe, and Italy, though I must admit, I've never been greeted in that way.""","""噢，好吧，我确实对地球、欧洲和意大利知之甚少。不过我必须承认，我从没有受到过类似的问候。"""
629,第一幕·场景2,a1s2,343,,,旁白,Amicus gives me a look like this is something I should have told him.,Amicus偷瞄了我一眼，好像我应该早点告诉他似的。
630,第一幕·场景2,a1s2,344,m,主角(MC),台词,"""It's pretty formal; not really something that friends do. How did you know about it, though, Bjarni?""","""朋友之间很少握手的，因为这很正式。不过你是怎么知道的，Bjarni？"""
631,第一幕·场景2,a1s2,346,b,Bjarni,台词,"""It was shown to me during the briefing for this mission. Considering that we are preparing to integrate humanity into our daily interactions, we thought it best to start the process with you.""","""在这次任务的简报会上看到的。考虑到我们正准备将人类融入到这里的日常交往中，我们认为这个过程最好从你开始。"""
632,第一幕·场景2,a1s2,348,b,Bjarni,台词,"""Actually, the program was set up by you, your majesty.""","""事实上，这个项目是由您设立的，陛下。"""
633,第一幕·场景2,a1s2,350,a,Amicus,台词,"""Oh, right, right.""","""哦，是的，没错。"""
634,第一幕·场景2,a1s2,352,a,Amicus,台词,"""Perhaps I should undergo these programs before implementing them.""","""也许我应该在实施前先亲身经历过一遍。"""
635,第一幕·场景2,a1s2,354,b,Bjarni,台词,"""Well, you're very busy running the moon, and all. Besides, having the first human on Adastra as your companion is quite a bit more useful than knowing the intricacies of handshaking.""","""毕竟您正在各地忙东忙西嘛。再说，拥有阿达斯特拉史上第一名人类伴侣比了解握手的细节shiyong得多。"""
636,第一幕·场景2,a1s2,356,a,Amicus,台词,"""It is a nice advantage, yes.""","""不错，这是很大的优势。"""
637,第一幕·场景2,a1s2,357,,,旁白,"Amicus pulls me against his side in a quick side hug, the human-style physical contact he's more familiar with.",Amicus一把将我揽入怀中，他更熟悉这种人类式的身体接触。
638,第一幕·场景2,a1s2,358,,,旁白,Amicus then shifts to gesture behind himself.,接着Amicus朝身后做了个手势。
639,第一幕·场景2,a1s2,359,a,Amicus,台词,"""Anyway, this is my sister and adviser Virginia and Neferu, the unofficial ambassador from Khemia and the Pharaoh's second son.""","""总而言之，这位是吾妹兼顾问Virginia，这位是来自克希米亚的非官方大使及法老的次子Neferu。"""
640,第一幕·场景2,a1s2,362,v,Virginia,台词,"""Pleasure.""","""很荣幸见到你。"""
641,第一幕·场景2,a1s2,363,n,Neferu,台词,"""Greetings.""","""日安。"""
642,第一幕·场景2,a1s2,365,,,旁白,"There's a bit more small talk and it's clear that Bjarni actually finds Neferu more exotic than me, with a long tangent about the state of affairs on Khemia.",然后他们继续闲聊了一会儿。看得出来，Bjarni发现Neferu其实比我更具异国风情，他们还大谈起了克希米亚的政治事务。
643,第一幕·场景2,a1s2,366,,,旁白,"Finally though, Bjarni clears his throat.",最后，Bjarni清了清嗓子。
644,第一幕·场景2,a1s2,373,b,Bjarni,台词,"""Alright, let's begin the briefing. Just an overview of the itinerary along with general specifics of each location, mainly for those of us who are not native to the moon.""","""好了，开始报告吧。主要是为我们的非原住民朋友们概括下大致行程，以及各地的细节。"""
645,第一幕·场景2,a1s2,374,,,旁白,"The bear fishes around his person, reaching into an unseen pocket and pulls out a tablet.",那头熊在身上四处摸索，从一个隐蔽的口袋里掏出终端。
646,第一幕·场景2,a1s2,375,,,旁白,"Rather than the more common rod-style tablet, it's the type designed to act as a projector for more public demonstrations.",与常见的杆式终端不同，这一款的设计初衷是可以用来展示的投影仪。
647,第一幕·场景2,a1s2,377,b,Bjarni,台词,"""After discussions with the triumvirate and analyses of the current political situation, we've decided on visiting three locations.""","""经过与三人执政团的讨论和对当前政治形势的分析，我们决定参观三个地点。"""
648,第一幕·场景2,a1s2,379,b,Bjarni,台词,"""First, we shall visit the city of Lux. Officially, it is known as Adastra's frontier city in the harsh, mountainous regions of the far north. Unofficially, it is known as the City of Defiance.""","""首先，我们要访问位于遥远的北方山区，环境恶劣的边境城市卢克斯。按照非官方的说法，那里又被称为叛逆之城。"""
649,第一幕·场景2,a1s2,380,b,Bjarni,台词,"""Due to Cassius's popularity there, and Amicus's general unpopularity-- Pardon me, your majesty.""","""由于Cassius在那里具有相当的人气，Amicus普遍不受欢迎-请原谅，陛下。"""
650,第一幕·场景2,a1s2,381,,,旁白,Amicus waves his paw like it's not a problem and for him to go on.,Amicus若无其事地挥了挥爪子，示意他继续。
651,第一幕·场景2,a1s2,382,b,Bjarni,台词,"""--we thought it best to make it the main priority. Lux is the largest producer of natural resources on Adastra.""","""-我们认为最好把它作为首要目标。卢克斯是阿达斯特拉自然资源的最主要产地。"""
652,第一幕·场景2,a1s2,383,b,Bjarni,台词,"""A look at the history of the city shows that times of frequent protests, rioting, and strikes, which would often disrupt industries all over Adastra, usually resulted in failed emperors.""","""纵观那座城市的历史，里面充斥着抗议、暴动与罢工，这往往会扰乱整个阿达斯特拉的工业，随之而来的则是皇帝的退位。"""
653,第一幕·场景2,a1s2,384,b,Bjarni,台词,"""By visiting Lux first, we show that they are our number one priority, and with Cassius present, he can play a role in winning more support for Amicus.""","""我们可以通过率先访问卢克斯，以表明他们被我们放在第一优先级。Cassius的出席也将为Amicus赢得更多支持。"""
654,第一幕·场景2,a1s2,385,,,旁白,"Bjarni pauses, glancing at Cassius who seems to be staring out the window.",Bjarni停顿了下，瞥了眼似乎正望着窗外的Cassius。
655,第一幕·场景2,a1s2,386,,,旁白,Alex subtly nudges him.,Alex轻推了他一把。
656,第一幕·场景2,a1s2,388,c,Cassius,台词,"""Hm? Oh, yes, yes, indeed.""","""嗯？哦，是的，的确。"""
657,第一幕·场景2,a1s2,390,a,Amicus,台词,"""Do you have a speech prepared, Cassius?""","""你做好演讲的准备了吗，Cassius？"""
658,第一幕·场景2,a1s2,392,c,Cassius,台词,"""I do not need to {i}prepare{/i} speeches, Amicus.""","""我不需要{b}准备{/b}，Amicus。"""
659,第一幕·场景2,a1s2,393,,,旁白,Cassius points at his head.,Cassius指着自己的脑袋。
660,第一幕·场景2,a1s2,394,c,Cassius,台词,"""Unlike you, I know what they want, therefore the speech is already written.""","""我与你不同，我清楚他们的需求，故言之有物。"""
661,第一幕·场景2,a1s2,395,c,Cassius,台词,"""The question is if you will truly do what you want me to promise them. I will not lie to a people who have already been deceived by emperors of old... and new.""","""问题在于你能否实现让我承诺他们的东西。我不会放任他们被曾经...以及现任皇帝所蒙蔽。"""
662,第一幕·场景2,a1s2,396,,,旁白,There's an awkward silence.,令人尴尬的沉默。
663,第一幕·场景2,a1s2,397,a,Amicus,台词,"""We'll speak more of this on the way there.""","""我们可以路上再谈。"""
664,第一幕·场景2,a1s2,402,,,旁白,Bjarni clears his throat again.,Bjarni又清了清他的嗓子。
665,第一幕·场景2,a1s2,403,b,Bjarni,台词,"""Anyway, Lux has also requested that we take one of their triumvirs with us so that they may play a role in talks with other regions of Adastra.""","""总而言之，卢克斯还请求我们带上当地三人执政团中的一位，以便他们在与阿达斯特拉其他地区的对话中发挥作用。"""
666,第一幕·场景2,a1s2,405,a,Amicus,台词,"""That will depend on his skill at {i}pugnu{/i}.""","""这取决于他们的{b}Pugnu{/b}水平。"""
667,第一幕·场景2,a1s2,406,m,主角(MC),台词,"""What?""","""你说什么？"""
668,第一幕·场景2,a1s2,408,b,Bjarni,台词,"""It is not my place, but I advise some caution as the triumvir who has challenged you was once {i}pugnu{/i} champion of the province.""","""无意冒犯，但我建议您小心，毕竟挑战您的三人执政团曾是地方{b}Pugnu{/b}的冠军。"""
669,第一幕·场景2,a1s2,410,a,Amicus,台词,"""What, 30 years ago, or so?""","""哈，30年前的冠军？还是更早的？"""
670,第一幕·场景2,a1s2,411,,,旁白,I see my feelings reflected in Virginia's posture as she has her face buried in one paw.,Virginia把脸埋在了一只爪子后面，我深有同感。
671,第一幕·场景2,a1s2,413,,,旁白,"Bjarni seems to be thinking, then says quickly;",Bjarni似乎在思考什么，然后迅速说道：
672,第一幕·场景2,a1s2,414,b,Bjarni,台词,"""Actually, if he is easily beatable, consider losing on purpose as there is no doubt that a loss and thus a loss of representation on the tour will result in protests and riots.""","""事实上，如果他只是虚有其表，您可以考虑故意输掉比赛，毕竟失去巡视的代表权毫无疑问将引发抗议与骚乱。"""
673,第一幕·场景2,a1s2,416,a,Amicus,台词,"""Er...""","""呃..."""
674,第一幕·场景2,a1s2,418,b,Bjarni,台词,"""Moving on--""","""我要继续了-"""
675,第一幕·场景2,a1s2,419,,,旁白,"Amicus stutters over his words, but doesn't interrupt.",Amicus的舌头像是打了结一样，不过他没有打断那头熊。
676,第一幕·场景2,a1s2,421,,,旁白,"After this briefing, I hope that I can convince him to settle this political issue in a non-violent way.",在这次报告之后，希望我能说服他以非暴力的方式解决这个政治问题。
677,第一幕·场景2,a1s2,422,b,Bjarni,台词,"""From there we will visit the city of Lupas, considered the cultural epicenter of Adastra. This is where you might play a role, [mc].""","""之后，我们将访问被认为是阿达斯特拉文化中心的鲁帕斯城，你届时发挥作用的地方，[mc]。"""
678,第一幕·场景2,a1s2,423,,,旁白,I shift on the bench I'm seated on.,坐在长凳上的我挪动了一下。
679,第一幕·场景2,a1s2,424,m,主角(MC),台词,"""Oh?""","""哦？"""
680,第一幕·场景2,a1s2,425,,,旁白,"I look at Amicus, frowning, but he looks just as confused as me.",我皱着眉头看向Amicus，但他貌似和我一样困惑。
681,第一幕·场景2,a1s2,427,b,Bjarni,台词,"""This is a bit last minute, but it was suggested by their triumvirate that seeing and hearing a human speak might help them adjust to the idea of future human contact.""","""这是那里的三人执政团在最后一刻提出的建议，看到和听到人类讲话可能有助于他们适应未来与人类的接触。"""
682,第一幕·场景2,a1s2,428,m,主角(MC),台词,"""Oh... Yeah, of course. I could use some guidance on the speech, though--""","""噢...唔，确实。不过我需要演讲方面的指导-"""
683,第一幕·场景2,a1s2,430,b,Bjarni,台词,"""Never fear. Most of us do not have the gift of a flowing tongue like Cassius, therefore a speechwriter has already prepared your remarks.""","""别怕，很少有人拥有Cassius那样能言善辩的天赋，因此一位演讲稿撰写人已为你准备好了演讲稿。"""
684,第一幕·场景2,a1s2,431,,,旁白,"That makes me feel better, but I'm surprised when it's Neferu that speaks up.",我松了口气，不过出人意料的是Neferu开口了。
685,第一幕·场景2,a1s2,433,n,Neferu,台词,"""Forgive me for interrupting, but is that a wise decision? Because, and correct me if I'm wrong, isn't that the center of operations for the separatist movement currently gaining momentum?""","""不好意思打断你们的对话，但这是明智的决定吗？因为，我若说错了还请纠正，那里的分裂主义运动不是正盛？"""
686,第一幕·场景2,a1s2,434,n,Neferu,台词,"""I've seen their demonstrations, and while it is mainly imagery of myself being used to evoke their anger, [mc]'s likeness is also being used.""","""我见识过那里的示威游行，虽然用来唤起他们愤怒的主要是我的照片，但也不乏[mc]的肖像。"""
687,第一幕·场景2,a1s2,436,b,Bjarni,台词,"""Really? I thought it was only anti-Khemian? I assumed that their feelings towards the primates is more cautious rather than hateful.""","""真的吗？我还以为那只是为了反克希米亚？我个人认为他们对灵长类更偏向谨慎，而不是仇恨。"""
688,第一幕·场景2,a1s2,438,al,Alexios,台词,"""It's not the separatists, but rather a cult devoted to wolven gods and wolven supremacy. That's not to say there isn't a great deal of crossover; there is. But the cultists appear too strange for the separatist brand, so they are kept separate.""","""那不是分裂主义，而是醉心于沃尔文神明与沃尔文权利至高无上的狂信徒。这两者并非没有交集，但即便在分裂主义者眼中，狂信徒也显得格格不入。"""
689,第一幕·场景2,a1s2,439,m,主角(MC),台词,"""What?""","""哈？"""
690,第一幕·场景2,a1s2,440,,,旁白,"I'm clearly completely out-of-the-loop, and I feel like Amicus should have told me this.",很显然，我对此一无所知，Amicus本该应该告诉我的。
691,第一幕·场景2,a1s2,442,,,旁白,"I look at him accusingly, but now his posture mirrors that of Virginia's not too long ago.",我略带责备地看了过去，但他的反应与之前的Virginia如出一辙。
692,第一幕·场景2,a1s2,443,al,Alexios,台词,"""Actually, and I know it is not {i}my{/i} place to say this, but I would advise [mc] not to visit Lupas in its current state. This is the same cult that attempted to plant a bomb in the Forum, but botched it when the one doing the planting blew himself up.""","""我知道，这里没有{b}我{/b}说话的资格，但眼下我不建议[mc]访问鲁帕斯。那些狂信徒与此前在集会所安置炸弹，却失手将自己炸飞的那个人的同出一源。"""
693,第一幕·场景2,a1s2,444,,,旁白,It's quiet for a moment.,对话中断了一段时间。
694,第一幕·场景2,a1s2,445,,,旁白,"Then he adds, as if it's an afterthought;",然后他似乎想到了什么，又补充道：
695,第一幕·场景2,a1s2,447,al,Alexios,台词,"""And they did burn an effigy of [mc] in their most recent demonstration.""","""并且在最近的一次示威游行中，他们还焚烧了一尊[mc]的塑像。"""
696,第一幕·场景2,a1s2,448,,,旁白,"I look at Amicus again, but he whispers to me.",我再次看向Amicus，他则对我耳语道：
697,第一幕·场景2,a1s2,450,a,Amicus,台词,"""Let us speak in private after the briefing, alright?""","""咱们私下再谈，好吗？"""
698,第一幕·场景2,a1s2,451,,,旁白,"I just nod, not sure what to think right now.",我只是点点头，不确定自己该作何感想。
699,第一幕·场景2,a1s2,457,,,旁白,Bjarni clears his throat once again.,Bjarni又清了清嗓子。
700,第一幕·场景2,a1s2,459,b,Bjarni,台词,"""Well, that's all up to you and the emperor of course, though I will remind everyone that security will be airtight during the entire journey, so...""","""唔，这当然取决于皇帝与你。不过我要提醒各位，整趟旅行拥有严格的安保措施，所以..."""
701,第一幕·场景2,a1s2,460,,,旁白,Another awkward pause.,又是令人尴尬的沉默。
702,第一幕·场景2,a1s2,462,b,Bjarni,台词,"""Moving on.""","""我还是继续说吧。"""
703,第一幕·场景2,a1s2,463,b,Bjarni,台词,"""The last destination is Ad Rotae; Adastra's entertainment and resort city.""","""最后的目的地是艾德罗迪：阿达斯特拉的娱乐与度假之都。"""
704,第一幕·场景2,a1s2,464,b,Bjarni,台词,"""This will be a moment to relax after work is done in the previous cities, though of course this is also an opportunity to show the public your more sapient side. To remind them that you are not a soulless robot.""","""这将是前几个城市的工作完成后的放松时刻，当然也是向公众展示你智慧的一面，并提醒他们你不是一个没有感情的机器人的机会。"""
705,第一幕·场景2,a1s2,466,,,旁白,"Bjarni puts away his tablet, then looks at us expectantly.",Bjarni收起终端，并满怀期待地看向我们。
706,第一幕·场景2,a1s2,468,b,Bjarni,台词,"""So those are our main goals for the next few weeks. Any questions?""","""这就是我们未来几周的主要目标了。有什么问题吗？"""
707,第一幕·场景2,a1s2,470,v,Virginia,台词,"""When is departure?""","""什么时候出发？"""
708,第一幕·场景2,a1s2,472,b,Bjarni,台词,"""In about one hour. It would have been about... right now, but the delay is forcing another security check. Apologies for that.""","""大约一小时后，本来应该是现在的...但因为延误迫，我们不得已进行了另一次安全检查。我对此深感抱歉。"""
709,第一幕·场景2,a1s2,474,v,Virginia,台词,"""No, that's actually good. Amicus, [mc]. Please discuss what we just heard so that it will be sorted out before we leave.""","""不必道歉，这正合我意。Amicus、[mc]，烦请讨论一下刚刚听到的内容，以便在出发前解决。"""
710,第一幕·场景2,a1s2,476,a,Amicus,台词,"""Alright. This way, [mc].""","""好吧，过来这边，[mc]。"""
711,第一幕·场景2,a1s2,481,,,旁白,I stiffly follow the wolf down a hallway until it seems we're out of earshot.,我生硬地跟在狼的身后，朝走廊深处走去，直到我们脱离他们的听觉范围。
712,第一幕·场景2,a1s2,484,a,Amicus,台词,"""Think this is private enough?""","""你觉得够私密了吗？"""
713,第一幕·场景2,a1s2,485,m,主角(MC),台词,"""I guess. Why does it need to be private?""","""应该吧。不过为什么要保密？"""
714,第一幕·场景2,a1s2,486,a,Amicus,台词,"""Well, Virginia likely just doesn't want to hear it, and I know you prefer privacy when the conversation is about you.""","""这个嘛，Virginia只是单纯不想听吧，再说我知道你喜欢私密-在讨论自己的事的时候。"""
715,第一幕·场景2,a1s2,487,m,主角(MC),台词,"""But it's about my duties, right?""","""但那是我的职责，不是吗？"""
716,第一幕·场景2,a1s2,489,a,Amicus,台词,"""You have no duties, [mc], just opportunities if you so wish to take them.""","""你身上没有职责，[mc]，那只是个无关紧要机会。"""
717,第一幕·场景2,a1s2,490,m,主角(MC),台词,"""I mean, I think I should be obligated to do some things.""","""我的意思是，我觉得自己有必要做些什么。"""
718,第一幕·场景2,a1s2,492,a,Amicus,台词,"""But not if it endangers your life.""","""但不值得赌上性命。"""
719,第一幕·场景2,a1s2,493,m,主角(MC),台词,"""But that's the nature of what we're doing. And what's with this separatist movement, and a cult? You told me this was a vacation?""","""但这就是这次行动的本质。还有，分裂主义运动和狂信徒是怎么回事？你不是说这只是场度假？"""
720,第一幕·场景2,a1s2,495,a,Amicus,台词,"""The majority of it is, but there will be portions involving the usual politics of it all.""","""基本上是，不过也有涉及到一般政治的部分。"""
721,第一幕·场景2,a1s2,496,m,主角(MC),台词,"""But what about the cult, and burning effigies of me?""","""那狂信徒呢？还有我被焚毁的塑像？"""
722,第一幕·场景2,a1s2,498,a,Amicus,台词,"""Yes, this is something I was not aware of. I will need to look into it to make sure that damned cat wasn't just lying to stir up trouble again.""","""这就是我不清楚的了。我需要调查一下，确保那只该死的猫不是又在挑拨离间。"""
723,第一幕·场景2,a1s2,500,a,Amicus,台词,"""If that IS the case though, I would agree that you shouldn't make the speech despite having impenetrable security. I'd rather you not enter the city, in fact.""","""若情况{b}属实{/b}，就算有滴水不漏的安保措施，我也不建议你参加演讲。说实话，我宁愿你不要进城。"""
724,第一幕·场景2,a1s2,501,m,主角(MC),台词,"""If security is airtight, I think I can handle at least giving a short speech, to show I'm a walking, talking sapient, you know?""","""如果安保措施严密的话，我想我至少可以做个简短的演讲，让大家知道我是个会走会说话的智慧生物？"""
725,第一幕·场景2,a1s2,502,,,旁白,{i}Do not give the speech.{/i},{b}不要演讲。{/b}
726,第一幕·场景2,a1s2,504,a,Amicus,台词,"""Ah--""","""呃-"""
727,第一幕·场景2,a1s2,505,m,主角(MC),台词,"""Yeah, I--I want to give the speech.""","""没错，我-我想要演讲。"""
728,第一幕·场景2,a1s2,506,,,旁白,"Amicus remains frozen, and it's clear that he desperately wants to say no.",Amicus仍僵在那里，但明显想要说‘不’。
729,第一幕·场景2,a1s2,508,,,旁白,"Amicus notices Neferu down the hall, lurking about while looking at the statues, probably trying to catch bits of our conversation.",同时他还注意到了走廊那头的Neferu，对方正一边欣赏雕像，一边鬼鬼祟祟地来回走动，也许是想偷听我们的谈话内容。
730,第一幕·场景2,a1s2,511,,,旁白,The wolf takes my hand and guides me through the nearest doorway next to us.,狼牵住我的手，带我走进最近的一扇门。
731,第一幕·场景2,a1s2,512,,,旁白,"It's an atrium, the sun currently at an angle that doesn't allow much light in.",这里有一座天井，维塔当前的高度使得屋内并不敞亮。
732,第一幕·场景2,a1s2,513,,,旁白,"Amicus takes me to a corner, then takes a deep breath.",Amicus把我领到一处角落，然后深吸一口气。
733,第一幕·场景2,a1s2,516,a,Amicus,台词,"""Alright, I know that I've made promises to trust you, that I won't ever tell you what to do--""","""好吧，我知道我承诺过要相信你，绝不会对你指手画脚-"""
734,第一幕·场景2,a1s2,517,m,主角(MC),台词,"""But?""","""但是？"""
735,第一幕·场景2,a1s2,518,a,Amicus,台词,"""But I'll still advise you, and it's just... Have you ever had a REALLY bad feeling about something, that something just isn't a good idea.""","""但我还可以建议你。你...有没有对某件事产生过不好的预感？觉得那不是个好主意？"""
736,第一幕·场景2,a1s2,519,m,主角(MC),台词,"""Yeah. All the time, Amicus.","""当然了，Amicus，我从始至终都这么觉得。"""
737,第一幕·场景2,a1s2,520,a,Amicus,台词,"""Aaaand... How do you feel about this, exactly?""","""那...你对此有何看法？"""
738,第一幕·场景2,a1s2,521,,,旁白,Amicus is looking at me carefully.,Amicus认真注视着我。
739,第一幕·场景2,a1s2,522,,,旁白,{i}Do not give the speech.{/i},{b}不要演讲。{/b}
740,第一幕·场景2,a1s2,523,,,旁白,I roll my shoulders like I'm physically feeling something out.,我扭了扭肩膀，仿佛身体感觉到了什么。
741,第一幕·场景2,a1s2,524,m,主角(MC),台词,"""Eh, pretty good, I think.""","""呃，我觉得挺好的。"""
742,第一幕·场景2,a1s2,525,,,旁白,{i}What?{/i},{b}什么？{/b}
743,第一幕·场景2,a1s2,526,a,Amicus,台词,"""Uh...""","""唔..."""
744,第一幕·场景2,a1s2,527,m,主角(MC),台词,"""Alright, ready to head back?""","""好了，咱们回去吧？"""
745,第一幕·场景2,a1s2,528,a,Amicus,台词,"""...""","""..."""
746,第一幕·场景2,a1s2,529,a,Amicus,台词,"""No.""","""不。"""
747,第一幕·场景2,a1s2,530,,,旁白,"I fold my arms, tilting my head in a ""I knew you'd do this"" sort of way.",我抱起双臂，歪着头，摆出一副‘我就知道’的姿势。
748,第一幕·场景2,a1s2,532,,,旁白,Amicus huffs in annoyance.,Amicus气冲冲地哼了声。
749,第一幕·场景2,a1s2,533,,,旁白,"I'm teasing Amicus, but I think I know what he's talking about, if this {i}feeling{/i} that he's talking about is what I'm {i}hearing{/i} and if it's the same for him.",我是在开他的玩笑，但也明白他的意思，如果他想{b}表达{/b}的就是我所{b}听到{/b}的话。也许他也一样。
750,第一幕·场景2,a1s2,534,a,Amicus,台词,"""It's very hard to explain, [mc]. I know it must seem terrible, the way I promised you complete agency, yet question all of your decisions--""","""解释起来很复杂，[mc]。我向你保证过充分的权利，却又总是质疑你的决定，我知道自己好像很差劲-"""
751,第一幕·场景2,a1s2,535,a,Amicus,台词,"""--but this is honestly different. I am truly worried for your safety, and I think it would be irresponsible of me to let you walk into a situation you don't fully understand.""","""-但这次完全不同。我真的很担心你的安全。让你陷入一个你自己都不完全理解的境地，这是我不负责任。"""
752,第一幕·场景2,a1s2,536,m,主角(MC),台词,"""I mean, you could have filled me in on some of this.""","""我只是想说，你本可以让我了解一下情况的。"""
753,第一幕·场景2,a1s2,537,a,Amicus,台词,"""Yes, and I admit there are things I should have told you, but I know that you yourself are under a great amount of pressure in different ways.""","""是，我承认欠你个说明。但我知道，你正承受着来自多方面的巨大压力。"""
754,第一幕·场景2,a1s2,538,a,Amicus,台词,"""And I suppose I must admit that some things I just choose not to tell you because it would only bring you misery. I surely would have told you the goings on in Lupas if I'd known about the speech and direct interaction with its people.""","""我还必须承认，我向你隐瞒了一些事，因为这只会为你带来痛苦。要是早知道鲁帕斯的演讲和跟当地人的直接交流，我肯定会告诉你那里的情况的。"""
755,第一幕·场景2,a1s2,539,a,Amicus,台词,"""I just want you to feel able to relax at some point... And that was going to happen until that damn bear switched up the schedule.""","""我只是希望你能在旅行期间放松一下...直到那头该死的熊改变了日程，事情就变成这样了。"""
756,第一幕·场景2,a1s2,540,m,主角(MC),台词,"""He's just doing his job, and I should be doing mine.""","""他只是在履行自己的工作，我也应该履行我的。"""
757,第一幕·场景2,a1s2,541,a,Amicus,台词,"""Listen--""","""听着-"""
758,第一幕·场景2,a1s2,542,n,Neferu,台词,"""Sorry, am I interrupting?""","""不好意思，我打扰你们了吗？"""
759,第一幕·场景2,a1s2,544,,,旁白,We both look up to see Neferu lounging in the doorway in the most come-hither way I've ever seen.,我们一并看向门口，只见Neferu正以我最熟悉的方式懒洋洋地斜靠在那里。
760,第一幕·场景2,a1s2,545,,,旁白,Which is definitely saying something.,这无疑意味着什么。
761,第一幕·场景2,a1s2,547,a,Amicus,台词,"""What the hell? Don't ask idiotic questions just to make an entrance, and this is a private conversation. Didn't you hear Virginia?""","""你在发什么神经？少明知故问了，这是私人谈话，你没听见Virginia说的吗？"""
762,第一幕·场景2,a1s2,548,n,Neferu,台词,"""Yes, but she asked me to listen in and offer my own advice to make sure you don't create more conflict down the road.""","""听见了，不过她让我旁听，还有提出意见，好避免你们产生更多争执。"""
763,第一幕·场景2,a1s2,549,m,主角(MC),台词,"""About making the speech. I've already made my decision.""","""关于演讲，我心意已决了。"""
764,第一幕·场景2,a1s2,550,,,旁白,Neferu walks up to the sofa and lounges in it casually.,Neferu走到沙发前，自顾自地躺了上去。
765,第一幕·场景2,a1s2,552,n,Neferu,台词,"""Did he mention Lupas's history of assassinations? They are quite good at killing those who are instrumental to de-radicalization and alliances.""","""他有没有提到鲁帕斯的暗杀史？他们相当善于抹除那些有助于去极端化和结盟的存在。"""
766,第一幕·场景2,a1s2,553,,,旁白,"Amicus looks back at me, breathing hard.",Amicus回头看着我，呼吸急促。
767,第一幕·场景2,a1s2,554,a,Amicus,台词,"""It's--It's difficult to remember every single thing he needs to know. And--""","""我-我很难什么事都记得，还有-"""
768,第一幕·场景2,a1s2,555,,,旁白,Amicus is sputtering and stumbling through words like I've never seen before.,这还是我头一次见到Amicus这么语无伦次，结结巴巴。
769,第一幕·场景2,a1s2,556,m,主角(MC),台词,"""Hey, it's okay. You wanna avoid the stuff that's going to make me worry. I do that with you too, but--""","""嘿，没关系的。你不想让我担心，换做是我也一样，只不过-"""
770,第一幕·场景2,a1s2,557,m,主角(MC),台词,"""--these are things I need to know now. I'm part of all of this and that's gonna bring a lot of responsibility with it.""","""-我必须尽快了解那些，我与这一切脱不了干系，自然也无法袖手旁观。"""
771,第一幕·场景2,a1s2,559,n,Neferu,台词,"""He's right, you know. You should have at least mentioned the movement because that directly involves him.""","""他没说错。最起码，你应该提到那场运动的，毕竟这与他息息相关。"""
772,第一幕·场景2,a1s2,560,a,Amicus,台词,"""It doesn't involve him; {i}they{/i} are involving him against his will.""","""这与他无关，是{b}他们{/b}违背了他的意愿，强行将他牵扯进来。"""
773,第一幕·场景2,a1s2,561,,,旁白,Amicus snarls in frustration.,Amicus沮丧地咆哮道：
774,第一幕·场景2,a1s2,562,a,Amicus,台词,"""Damn them all!""","""让他们见鬼去吧！"""
775,第一幕·场景2,a1s2,563,m,主角(MC),台词,"""Well, it's not really about me though, is it? I'm just an idea to them, and they want to destroy that idea. So giving a speech could be a good idea.""","""但他们其实另有所图，不是吗？我对他们而言只是一个概念，他们只是想毁掉这个概念。所以演讲不失为一个好主意。"""
776,第一幕·场景2,a1s2,564,m,主角(MC),台词,"""It's like Cassius in Lux; I could sway the less radical people if they're just able to see that I'm not... I dunno, a terrible monster.""","""就像Cassius在卢克斯做的那样，我可以说服那些不那么激进的民众，若他们能看到我不是一个...我也不知道，一个可怕的怪物？"""
777,第一幕·场景2,a1s2,566,,,旁白,"Amicus sighs deeply once again, closing his eyes and keeping them closed.",Amicus再次深深叹了口气，双眼紧闭。
778,第一幕·场景2,a1s2,567,,,旁白,It's almost like he's listening for something.,像是在聆听什么。
779,第一幕·场景2,a1s2,568,,,旁白,"Parental guidance, maybe?",可能是Parent的指引？
780,第一幕·场景2,a1s2,569,m,主角(MC),台词,"""Do you think I should give a speech, Neferu?""","""你怎么想，Neferu？"""
781,第一幕·场景2,a1s2,571,n,Neferu,台词,"""Hmm...""","""嗯..."""
782,第一幕·场景2,a1s2,572,,,旁白,The jackal seems to think for a bit.,胡狼思考了片刻。
783,第一幕·场景2,a1s2,573,n,Neferu,台词,"""I have two answers;""","""我有两个答案。"""
784,第一幕·场景2,a1s2,574,n,Neferu,台词,"""As your friend, no. I think there would be too much risk for me to feel comfortable with you being in public anywhere in Lupas.""","""作为你的朋友，我不赞成。在鲁帕斯的公共场所出没实在太冒险了。"""
785,第一幕·场景2,a1s2,575,,,旁白,Amicus nods quietly.,Amicus无声地点了点头。
786,第一幕·场景2,a1s2,576,n,Neferu,台词,"""From the standpoint of a political ally, though, I think it would be advantageous for us both, and I will be making public appearances there as well.""","""但从政治的角度分析，我认为这对我们双方都有利，并且我也会在那里公开露面。"""
787,第一幕·场景2,a1s2,577,,,旁白,That actually makes me feel a bit better.,这令我感觉好多了。
788,第一幕·场景2,a1s2,578,,,旁白,{i}Do not make the speech.{/i},{b}不要演讲。{/b}
789,第一幕·场景2,a1s2,579,m,主角(MC),台词,"""Then... I'll do it. This is my duty.","""那么...我要演讲。这是我的职责。"
790,第一幕·场景2,a1s2,580,,,旁白,{i}Shades of Meera...{/i},{b}Meera的阴影...{/b}
791,第一幕·场景2,a1s2,581,,,旁白,"Amicus is quiet for a bit, then nods.",Amicus先是沉默了一段时间，然后才点点头。
792,第一幕·场景2,a1s2,582,a,Amicus,台词,"""Alright.""","""好吧。"""
793,第一幕·场景2,a1s2,584,a,Amicus,台词,"""Though I'm going to have a word with that bear. I do not trust the way he briefed us. I'm the emperor and I should be let known these things before announcing in ways that completely embarrass me!""","""不过我有必要跟那头熊谈谈。真不敢相信他的说明方式，我可是皇帝，有权在这些令我难堪的东西宣布前知道！"""
794,第一幕·场景2,a1s2,587,b,Bjarni,台词,"""Sorry, I just came to mention that the security check is on track to complete sooner than thought. Was there something you wanted to say to me?""","""抱歉，我只是来提醒一下各位，安全检查正在按部就班，预计很快就会完成。您想跟我谈什么吗？"""
795,第一幕·场景2,a1s2,588,a,Amicus,台词,"""Ah! Er... Just that, uh--""","""啊！呃...就是，嗯-"""
796,第一幕·场景2,a1s2,589,m,主角(MC),台词,"""Let me give you some privacy. I'm gonna visit the restrooms""","""我要去趟洗手间，就不打扰你们了。"""
797,第一幕·场景2,a1s2,590,,,旁白,"Bjarni walks in as I walk out, leaving Amicus to deal with that particular situation.",我与Bjarni擦肩而过，为他和Amicus留出私人的空间。
798,第一幕·场景2,a1s2,592,,,旁白,"My mind is cluttered at the moment though, trying to figure several things out at once.",只是，我的脑子很乱，好几件事同时困扰着我。
799,第一幕·场景2,a1s2,593,,,旁白,"Something about the way the parents... Or whatever it was, tried to manipulate my voice, well--",无所谓Parents...还是什么发出的，试图控制我的声音-
800,第一幕·场景2,a1s2,594,,,旁白,"--it's left me feeling angry, and to have that voice return when things are becoming dangerous again is too much.",-这令我感到愤怒。我绝不允许在情况再次变得危险的时刻，再度听到那个声音。
801,第一幕·场景2,a1s2,595,,,旁白,"It will only lead me to scenarios that they ""didn't plan for"", or whatever.",我只会因此联想到他们‘没有预见到’之类的说辞。
802,第一幕·场景2,a1s2,596,,,旁白,"They don't know what they're doing, and for them to start making these ominous warnings again about something that could be helpful to all of us is making me more angry.",他们自己都没把握，就又针对或许有益于我们所有人的行动危言耸听，这令我尤为生气。
803,第一幕·场景2,a1s2,597,,,旁白,"I see Alex in the main hall, off to the side, reading the inscriptions on the statues.",我看见Alex站在大厅一侧，读着雕像上的铭文。
804,第一幕·场景2,a1s2,598,,,旁白,"I'm going to tell him about what's being said about him, if only because I feel it's the right thing to do.",我要过去告诉他别人对他的评价，只因为我觉得这样做是正确的。
805,第一幕·场景2,a1s2,599,,,旁白,And because the parents tried to silence me for speaking up about it.,还因为Parents曾试图让我闭嘴，不许我说出口。
806,第一幕·场景2,a1s2,600,,,旁白,"And as I walk toward him, time stops.",当我走向他时，时间静止了。
807,第一幕·场景2,a1s2,602,,,旁白,"There's a certain amount of satisfaction that I feel, along with a good helping of fear.",我感到了一定的满足感，同时伴随着强烈的恐惧。
808,第一幕·场景2,a1s2,603,,,旁白,But I'm not letting them fuck things up a second time.,但我不会再让他们把事情搞砸了。
809,第一幕·场景2,a1s2,604,,,旁白,I want real answers before this plan of theirs is put into action.,在他们的计划实施前，我需要得到真正的答案。
810,第一幕·场景2,a1s2,606,mon,Monitor,台词,"""Well, you've changed.""","""啊，你变了。"""
811,第一幕·场景2,a1s2,607,,,旁白,You could say this is exactly what I wanted to happen.,可以说，这正符合我的预期。
812,第一幕·场景2,a1s2,608,,,旁白,But I doubt I'll be able to get what I want from them all that easily.,但那个答案，恐怕他们不会轻易开口。
813,第一幕·场景3,a1s3,3,m,主角(MC),台词,"""And you haven't.""","""你倒是一点也没变。"""
814,第一幕·场景3,a1s3,4,,,旁白,I try to adjust to the feeling of speaking without having a throat to speak with.,我适应着用不存在的喉咙讲话。
815,第一幕·场景3,a1s3,5,,,旁白,At least I can't be manually silenced with my synthetic vocal chords.,起码现在，我的沉默不是被强制的了。
816,第一幕·场景3,a1s3,6,,,旁白,"The dragon stares back at me with his typical, unfazed, stoic stare.",那条龙用他一贯泰然自若的眼神回望着我。
817,第一幕·场景3,a1s3,7,mon,Monitor,台词,"""It is not I who makes the desci--""","""这并非我的决-"""
818,第一幕·场景3,a1s3,8,m,主角(MC),台词,"""I don't care. I'm not doing this again.""","""我不在乎，也不打算再受你们的摆布。"""
819,第一幕·场景3,a1s3,9,mon,Monitor,台词,"""Wha--""","""摆-"""
820,第一幕·场景3,a1s3,10,,,旁白,"Again, I cut him off.",我又打断了他。
821,第一幕·场景3,a1s3,11,m,主角(MC),台词,"""Do you have your own thoughts, feelings, stuff like that?""","""你有自己的意志、想法之类的吗？"""
822,第一幕·场景3,a1s3,12,,,旁白,"There's a moment of silence that tells me that he does indeed have his own feelings, feelings that are clearly annoyed right now.",片刻的沉默告诉我他确实有，并显然十分恼火。
823,第一幕·场景3,a1s3,13,mon,Monitor,台词,"""That is not important--""","""这无关紧-"""
824,第一幕·场景3,a1s3,14,m,主角(MC),台词,"""It is when you're the only one I can talk to about the parents. What's going on? Why are we doing this again?""","""不，这很重要，毕竟你是我唯一能讨论Parents的对象。到底发生了什么？我们为什么还要重蹈覆辙？"""
825,第一幕·场景3,a1s3,15,mon,Monitor,台词,"""Doing what again?""","""重蹈覆辙？"""
826,第一幕·场景3,a1s3,16,m,主角(MC),台词,"""This whole song and dance where I listen to your 'don't do this, do that' advice, and then proceed to die.""","""就是听着你们不着边际的话，‘这个能做，这个不能做’，然后准备赴死。"""
827,第一幕·场景3,a1s3,17,mon,Monitor,台词,"""You--""","""你-"""
828,第一幕·场景3,a1s3,18,m,主角(MC),台词,"""And then claim that you 'didn't foresee this happening', or whatever.""","""接着你们再声称‘没有预见到’，诸如此类。"""
829,第一幕·场景3,a1s3,19,,,旁白,"There's another pause, as if he's waiting to see if my outburst is finished.",他又陷入了沉默，就像是在等待我的爆发结束。
830,第一幕·场景3,a1s3,20,mon,Monitor,台词,"""You never died. You simply came close to expiring, but were then saved by parental benevolence.""","""你没有死过。仁慈的Parent把你从死亡线上救了回来。"""
831,第一幕·场景3,a1s3,21,,,旁白,"Silence follows once again, but this time it's from my end while I stare at the being in front of me.",沉默再度降临，不过这次是因为我，我怒视着眼前的龙。
832,第一幕·场景3,a1s3,22,,,旁白,"At least, I give him the feeling of being stared at.",至少，我给了他被瞪的感觉。
833,第一幕·场景3,a1s3,23,,,旁白,"I haven't summoned a body this time, not really being in the mood to do so.",这一次，我没有召唤身体，因为我真的没那个心情。
834,第一幕·场景3,a1s3,24,,,旁白,"Instead, I just float in the void, watching him from seemingly every angle at once.",相反，我只是漂浮于虚空中，从各个角度同时观察着他。
835,第一幕·场景3,a1s3,25,,,旁白,"It's hard to describe how things look in this state, but it's more of a feeling rather than being physically present.",这很难形容，比起物理上的存在，这更类似一种感觉。
836,第一幕·场景3,a1s3,26,,,旁白,"For the first time, I sense what feels like discomfort from him, or maybe it's embarrassment.",我头一次从他身上感觉到了尴尬，或者说不安。
837,第一幕·场景3,a1s3,27,,,旁白,"Whatever it is, I rather enjoy it.",无论是什么，我都很喜欢。
838,第一幕·场景3,a1s3,28,mon,Monitor,台词,"""So what is it that you want? Why have you forced me to intervene?""","""所以你究竟有何意图？为什么要强迫我介入？"""
839,第一幕·场景3,a1s3,29,m,主角(MC),台词,"""You already know the answer to that.""","""你已经知道这个问题的答案了。"""
840,第一幕·场景3,a1s3,30,mon,Monitor,台词,"""Well, yes, but putting thoughts into words is important for clarity. Even the parents still communicate with words.""","""的确，但把想法用语言表达出来非常重要，即便Parents也仍在用语言交流。"""
841,第一幕·场景3,a1s3,31,,,旁白,"It's an odd thought, imagining the parents talking to one another.",我想象了一下Parents互相交谈的情景，有够怪的。
842,第一幕·场景3,a1s3,32,,,旁白,I guess it's hard to imagine anything involving them when I don't know where or even {i}when{/i} they are.,反正常人很难代入他们的视角，毕竟我对他们的位置，甚至{b}时代{/b}都一无所知。
843,第一幕·场景3,a1s3,33,,,旁白,"I sigh mentally as I focus on putting my concerns into words, at the same time realizing how the Monitor is right in that I need to better organize my feelings to get my point across.",我在心里叹了口气，集中精神把自己的担忧用语言表达出来。同时，我意识到监管者是正确的，我需要更好地组织思路，以阐述自己的观点。
844,第一幕·场景3,a1s3,34,m,主角(MC),台词,"""Well, first of all, I want to know what the plan is. Why shouldn't I give that speech?""","""首先，我想知道你们的计划，你们为什么不希望我演讲？"""
845,第一幕·场景3,a1s3,35,,,旁白,I sense a flash of irritation mixed with what feels like a feeling of helplessness from the dragon.,我感觉到了一股恼火，混合着来自龙的无助。
846,第一幕·场景3,a1s3,36,mon,Monitor,台词,"""You know as well as I do that I cannot tell you that.""","""你也知道，我没办法告诉你。"""
847,第一幕·场景3,a1s3,37,,,旁白,"I do know that, and I wonder if all of this really is futile.",我当然知道，但无论如何我都要一探究竟。
848,第一幕·场景3,a1s3,38,m,主角(MC),台词,"""Then I'm not following the plan. With the way things turned out last time, it's clear you have no idea what you're doing.""","""既然如此，我拒绝接受你们的提议。根据上次的结果来看，你们连自己在做什么都不清楚。"""
849,第一幕·场景3,a1s3,39,m,主角(MC),台词,"""So, maybe if I do the opposite of what you want, this time I'll survive.""","""所以，如果我和你们背道而驰，没准就能活下来呢。"""
850,第一幕·场景3,a1s3,40,,,旁白,I sense another burst of annoyance from the ethereal being.,我感觉到了另一股来自那个虚无缥缈存在的烦恼。
851,第一幕·场景3,a1s3,41,mon,Monitor,台词,"""The issue, [mc], is that I myself do not know how the future might play out. I am only a messenger.""","""可问题是，我同样不知道未来的走向，[mc]，我不过是一位信使。"""
852,第一幕·场景3,a1s3,42,m,主角(MC),台词,"""Then ask them. That's the whole point of your existence, right? To communicate with the parents and act as a bridge between them and us?""","""去问他们啊。这不就是你存在的全部意义吗？与Parents沟通，充当他们和我们之间的桥梁？"""
853,第一幕·场景3,a1s3,43,mon,Monitor,台词,"""They will not tell me.""","""他们是不会告诉我的。"""
854,第一幕·场景3,a1s3,44,m,主角(MC),台词,"""Have you tried?""","""你试过了？"""
855,第一幕·场景3,a1s3,45,mon,Monitor,台词,"""Many times.""","""试过许多次。"""
856,第一幕·场景3,a1s3,46,m,主角(MC),台词,"""Then I'm just going to do what I want, and I'll start by telling Alex what the plans are regarding his future.""","""那我就按自己的想法行动了，我要先告诉Alex关于他的未来。"""
857,第一幕·场景3,a1s3,47,mon,Monitor,台词,"""[mc]...""","""[mc]..."""
858,第一幕·场景3,a1s3,48,,,旁白,The monitor seems to heave a heavy sigh that I can almost hear.,监管者长叹一声，我几乎能够听到他的叹息。
859,第一幕·场景3,a1s3,49,mon,Monitor,台词,"""The parents only aim to help you. Killing you is exactly what they are trying to avoid.""","""Parents旨在帮助你，你的死正是他们极力想要避免的。"""
860,第一幕·场景3,a1s3,50,m,主角(MC),台词,"""They did a terrible job of that last time.""","""上次的结果可不怎么好看。"""
861,第一幕·场景3,a1s3,51,mon,Monitor,台词,"""They are not perfect. Time is a delicate thing to try to manipulate. They may see it as a whole, but as soon as a disruption occurs, unseen consequences occur.","""他们并非完人。时间脆弱而又难以把握，一旦产生混乱，就会在看不见的地方埋下隐患。"
862,第一幕·场景3,a1s3,52,mon,Monitor,台词,"""When such things happen, there is less time to alter it back to a safe state.""","""隐患越近，将其恢复到安全状态的时间就越紧迫。"""
863,第一幕·场景3,a1s3,53,m,主角(MC),台词,"""Then maybe I should disrupt things now, early on. That would give them plenty of time to fix the future kinks, right?""","""那么也许我该早点儿把它打乱，比如现在，好给他们足够的时间来解决未来的问题，不是吗？"""
864,第一幕·场景3,a1s3,54,mon,Monitor,台词,"""Now you are being difficult for the sake of it.""","""你这是在为难你自己。"""
865,第一幕·场景3,a1s3,55,m,主角(MC),台词,"""Well, yeah, I'm tired of this. It's bad enough that I'm practically a puppet, but it's a whole lot worse when the puppet masters don't seem to actually have control.""","""是啊，当个木偶已经够我受的了，更糟糕的是，木偶的主人似乎还没有真正的控制权。"""
866,第一幕·场景3,a1s3,56,,,旁白,"The monitor doesn't say anything, and we just stare at one another for what seems like a long time.",监管者一言不发，只是和我对视良久。
867,第一幕·场景3,a1s3,57,,,旁白,I don't worry about what's happening on my plane of existence.,我并不担心本体存在的那个世界。
868,第一幕·场景3,a1s3,58,,,旁白,"I imagine that time is moving so slowly that when I return, I'll be in that same moment, walking toward Alex.",我想象着时间的流逝有多缓慢，乃至回去时，我还停留在走向Alex的那一刻。
869,第一幕·场景3,a1s3,59,mon,Monitor,台词,"""It is not my place--""","""这不是我该管的-"""
870,第一幕·场景3,a1s3,60,,,旁白,"I see one of his fin-like ears twitch, as if he's heard something that I can't.",他鳍状的耳朵有一只抽搐了起来，就好像听到了什么我听不见的声音。
871,第一幕·场景3,a1s3,61,,,旁白,Maybe a warning?,也许是警告？
872,第一幕·场景3,a1s3,62,mon,Monitor,台词,"""If I were to hazard a guess, it would be that great harm would come upon you if you were to proceed with the speech in Lupus.""","""恕我冒昧地猜想一下，如果你执意要在鲁帕斯演讲，将会受到不可估量的伤害。"""
873,第一幕·场景3,a1s3,63,,,旁白,I feel like that's an obvious guess.,真是个显而易见的猜想。
874,第一幕·场景3,a1s3,64,mon,Monitor,台词,"""Then why go against their advice?""","""所以何不采纳他们的建议呢？"""
875,第一幕·场景3,a1s3,65,,,旁白,The Monitor seems to have temporarily given up on waiting for me to form words.,监管者似乎暂时放弃了等我组织语言。
876,第一幕·场景3,a1s3,66,m,主角(MC),台词,"""Well, to provoke this into happening, first of all.""","""首先，挑起这一切的是你们。"""
877,第一幕·场景3,a1s3,67,mon,Monitor,台词,"""Well, you succeeded, as you can see.""","""但如你所见，你成功了。"""
878,第一幕·场景3,a1s3,68,m,主角(MC),台词,"""Second of all, what about Alex? Why am I not allowed to warn him of what's happening?""","""其次，Alex呢？我为什么不能警告他？"""
879,第一幕·场景3,a1s3,69,mon,Monitor,台词,"""I do not know the answer to that, [mc], just that it is not in their plan.""","""我没有这个问题的答案，[mc]，因为这不在他们的计划之中。"""
880,第一幕·场景3,a1s3,70,,,旁白,"This time, I hear a growl under his words, and I'm a bit surprised by the amount of emotion I'm eliciting from this creature.",这一次，我听出了他话音中的愤愤，这个生物表现出来的情绪丰富到令我有点意外。
881,第一幕·场景3,a1s3,71,,,旁白,It reminds me that maybe he's more on my side of the bridge rather than the parents'.,这也提醒了我，也许他更站在我这边，而不是Parents。
882,第一幕·场景3,a1s3,72,m,主角(MC),台词,"""I thought the parents value life above all else?""","""我还以为在Parent眼里生命高于一切？"""
883,第一幕·场景3,a1s3,73,mon,Monitor,台词,"""Well, not if that life is a threat to a greater quantity of life.""","""除非某个生命对更多数量的生命构成威胁。"""
884,第一幕·场景3,a1s3,74,m,主角(MC),台词,"""They took control of my voice. I should at least have the freedom to say what I want.""","""他们夺取了我的声音。我应该有最基本的畅所欲言的权利。"""
885,第一幕·场景3,a1s3,75,,,旁白,The monitor closes his eyes in a way that tells me he's finally receiving direct communication.,监管者闭上了眼睛，这意味着他终于得到了Parent直接的信息。
886,第一幕·场景3,a1s3,76,mon,Monitor,台词,"""Then risk jeopardizing the millennia-long mission you are integral to.""","""同时冒着危及你千年使命的风险。"""
887,第一幕·场景3,a1s3,77,,,旁白,His voice is cold and flat.,他的声音即冷漠，又单调。
888,第一幕·场景3,a1s3,78,,,旁白,"Finally, I feel fully defeated.",到了最后，我还是输得一败涂地。
889,第一幕·场景3,a1s3,79,,,旁白,"Powerless, like I've felt ever since Amicus kidnapped me from my bedroom in Rome.",有心无力，自被Amicus从罗马的卧室绑架以来，这种感觉就从未停止过。
890,第一幕·场景3,a1s3,80,,,旁白,"I am just a puppet, and if that's the case, it's hard to understand why I'm involved in any of this at all.",我只是一个傀儡，既然如此，为什么又要把我卷进去？
891,第一幕·场景3,a1s3,81,,,旁白,"The monitor opens his eyes and stares back at me, and I see what almost looks like sympathy.",监管者睁开眼睛，正迎上我的目光，他露出一副近乎同情的表情。
892,第一幕·场景3,a1s3,82,mon,Monitor,台词,"""I know it may seem unfair, and it truly is, but the parents are making a great sacrifice in interfering as much as they are to guide you.""","""我知道这可能显得不太公平，且的确如此。但Parent为了引导你，进行了非常多的干涉，这牺牲不可谓不巨大。"""
893,第一幕·场景3,a1s3,83,,,旁白,"That annoys me quite a bit, especially since it feels like I'm the one doing their dirty work.",这话令我十分恼火，尤其是他们把脏活都交给我来做。
894,第一幕·场景3,a1s3,84,m,主角(MC),台词,"""Yeah, seems like they're giving up a lot.""","""看来他们妥协了挺多呢。"""
895,第一幕·场景3,a1s3,85,mon,Monitor,台词,"""They are. They wish not to do such things to a sapient, but you were chosen for this, and if you listen to their advice, things will be much easier.""","""的确。他们本不愿干涉一个智慧生物，但你是被选中的存在。只要听从他们的建议，事情就会容易得多。"""
896,第一幕·场景3,a1s3,86,,,旁白,I shake my imaginary head.,我摇了摇头。
897,第一幕·场景3,a1s3,87,m,主角(MC),台词,"""Yeah, fine, but I will warn Alex about what's going to happen to him. Give me your word that you're not going to allow him to be executed, and I'll do what they want.""","""好吧，不过我还是要警告Alex他的下场。向我保证他不会被处决，我就听你们的。"""
898,第一幕·场景3,a1s3,88,mon,Monitor,台词,"""It is not my--""","""这不是我该-"""
899,第一幕·场景3,a1s3,89,m,主角(MC),台词,"""Then fucking ask.""","""那就他妈的去问。"""
900,第一幕·场景3,a1s3,90,,,旁白,"The monitor raises a brow, then sighs heavily again, closing his eyes.",监管者扬起眉毛，又重重叹了口气，闭上双眼。
901,第一幕·场景3,a1s3,91,,,旁白,There are a few seconds of silence before he opens them again.,沉默了数秒钟后才睁开。
902,第一幕·场景3,a1s3,92,mon,Monitor,台词,"""You have their word. Now, continue your mission.""","""他们会遵守承诺。现在，继续你的任务。"""
903,第一幕·场景3,a1s3,94,,,旁白,I only have a moment to feel some surprise at how quickly they gave in before everything around me disappears.,我只有片刻的时间对他们如此快就屈服而感到惊讶，因为四周顿时烟消云散。
904,第一幕·场景3,a1s3,100,,,旁白,"When I reappear, I'm back in the university, though I'm no longer in the hall.",再次醒来时，我已经回到了学院，尽管不是在大厅里。
905,第一幕·场景3,a1s3,101,,,旁白,"Instead, I'm standing next to Amicus.",相反，我正站在Amicus身旁。
906,第一幕·场景3,a1s3,102,,,旁白,"Our guide seems to be in the middle of giving instructions once again, this time about our upcoming departure.",我们的导游似乎又在发号施令了，这次是关于大伙即将启程的相关事宜。
907,第一幕·场景3,a1s3,103,,,旁白,"It takes a second to reorient myself, and I'm a bit annoyed that I've been moved to a different time and place without my knowledge.",我花了点时间才找回现实感。我在不知情的情况下被转移到了一个时间和地点完全不同的地点，真令人不爽。
908,第一幕·场景3,a1s3,104,,,旁白,How did that even happen?,我甚至不了解其间发生了什么？
909,第一幕·场景3,a1s3,105,,,旁白,"Again, the feeling of being a puppet come to mind.",被操纵的感觉再次浮现了出来。
910,第一幕·场景3,a1s3,109,,,旁白,I look over and see Alex standing quietly next to Cassius.,我张望了一圈，看到Alex静静地站在Cassius旁边。
911,第一幕·场景3,a1s3,110,,,旁白,"If I had acted strangely in the time that's missing from my mind, there's no sign of that in the people standing around me.",根据周围人的表现，我并没有在无意识的情况下做过什么出格的事。
912,第一幕·场景3,a1s3,111,,,旁白,I'm still a little bit jarred by how quickly the parents agreed to my spontaneous demand.,但我心里还是隐隐不安，因为Parent非常快就答应了我的要求。
913,第一幕·场景3,a1s3,112,,,旁白,It makes me wonder if it had all been part of the plan.,我不禁怀疑这是否也是计划的一部分。
914,第一幕·场景3,a1s3,113,,,旁白,"If the parents can kind of, sort of, see into the future, I wouldn't put it past them to have set this all up.",假设Parent能够以某种手段观测到一定程度的未来，那么我想这一切都是安排好的。
915,第一幕·场景3,a1s3,114,,,旁白,"To make it seem as if Alex's life was in danger, and that they only took control of my voice so I'd have that thought process.",他们让我觉得Alex有生命危险，并只夺取了我的声音，好让我产生思考。
916,第一幕·场景3,a1s3,115,,,旁白,"Then, knowing I would only demand that the traitorous cat's life be saved, it would lock me back into their ""plan"".",他们清楚我只会要求拯救那只叛徒猫，并以此将我牵回他们的‘计划’中。
917,第一幕·场景3,a1s3,116,,,旁白,{i}The parents only mean well.{/i},{b}Parents只会出于好意。{/b}
918,第一幕·场景3,a1s3,117,,,旁白,"I quell my anger, knowing that showing my emotions now will only make me look unhinged to the others.",我把怒火吞了下去，在这里表露情绪只会让别人以为我发狂了。
919,第一幕·场景3,a1s3,122,,,旁白,I feel Amicus's light touch on my shoulder.,我感觉Amicus在轻轻抚摸我的肩膀。
920,第一幕·场景3,a1s3,124,a,Amicus,台词,"""Are you alright, [mc]?""","""你没事吧，[mc]？"""
921,第一幕·场景3,a1s3,125,,,旁白,Maybe I'm not doing such a good job of hiding my emotions.,也许我没能很好地隐藏起来。
922,第一幕·场景3,a1s3,127,m,主角(MC),台词,"""Yeah, yeah I'm good.""","""嗯，没事，没事。"""
923,第一幕·场景3,a1s3,128,,,旁白,Bjarni raises his voice.,Bjarni提高了嗓门。
924,第一幕·场景3,a1s3,132,b,Bjarni,台词,"""Now, if that will be all, our ship is ready for departure.""","""目前就是这样，咱们的飞船已经准备好出发了。"""
925,第一幕·场景3,a1s3,136,,,旁白,The dragon feels his being loosen with relief following the human's departure.,人类离开后，龙感到自己松了一口气。
926,第一幕·场景3,a1s3,137,,,旁白,It only lasts a few second before he turns his irritation on the entities in the plane above him.,这种感觉只持续了几秒钟，接着他把怒气转向了上界的实体。
927,第一幕·场景3,a1s3,138,mon,Monitor,台词,"""That was {i}excruciating{/i}.""","""真是一场{b}折磨{/b}。"""
928,第一幕·场景3,a1s3,139,,,旁白,The void answers with silence.,虚空回以沉默。
929,第一幕·场景3,a1s3,140,mon,Monitor,台词,"""I know you're listening. If I were you, I'd consider answering at least {i}some{/i} of his questions. I doubt this will be the last time he tries this.""","""我知道你在听。换做是我的话，至少会考虑回答他的{b}一部分{/b}问题。我想这已经是他最后一次尝试了。"""
930,第一幕·场景3,a1s3,141,,,旁白,"""...""","""..."""
931,第一幕·场景3,a1s3,142,mon,Monitor,台词,"""I'm sure you do, but your failure to keep him safe during his previous directive has left him full of mistrust, and rightfully so, I might add.""","""我当然相信。但你在之前的指示中没能确保他的安全，这让他充满了猜疑。顺带一提，这也是理所当然的。"""
932,第一幕·场景3,a1s3,143,,,旁白,"""...""","""..."""
933,第一幕·场景3,a1s3,144,mon,Monitor,台词,"""Yes, yes, you only mean well, but my own patience wears thin when I'm made to involve other sapients in your games.""","""是，是，你只是出于好意，但被迫将其他智慧生物邀进你们游戏里的可是我，我的耐心正在消磨殆尽。"""
934,第一幕·场景3,a1s3,145,,,旁白,"""...""","""..."""
935,第一幕·场景3,a1s3,146,mon,Monitor,台词,"""Oh, I am fully loyal to you and the plan. I'm simply warning you that next time, I will not vouch for your 'benevolence'.""","""噢，我完全忠于你和你的计划。这只是一次警告，我不会再为你的‘仁慈’做担保了。"""
936,第一幕·场景3,a1s3,148,mon,Monitor,台词,"""But consider revealing more to your children rather than just relying on blind faith and obedience.""","""拿出实际行动，而不是仅仅依靠Children盲目的信仰和顺从。"""
937,第一幕·场景3,a1s3,152,,,旁白,The ship we fly on is larger and less agile compared to the one that Amicus uses.,与Amicus的飞船相比，我们的船更大，也不够灵活。
938,第一幕·场景3,a1s3,153,,,旁白,"It's clunky, and I worry a bit as it takes off, the vibrations and noises making me feel like it's about to break apart in midair.",还有些笨重。起飞时的噪音和震动让我一度以为它要在空中散架了。
939,第一幕·场景3,a1s3,154,,,旁白,"None of the others seem concerned though, Neferu using the time to fall asleep while Virginia seems glued to her tablet.",不过其他人好像都不担心，Neferu在利用这段时间补觉，Virginia则专注在她的平板电脑上。
940,第一幕·场景3,a1s3,155,,,旁白,"Amicus sits across from me in his own seat, though there isn't much chance for conversation with how loud the aircraft is.",Amicus坐在我的正对面，他自己的座位上。虽然考虑到飞船上的噪声，人们很少有机会闲聊。
941,第一幕·场景3,a1s3,156,,,旁白,He simply reaches across the aisle towards me and our fingers brush briefly before he pulls back and also closes his eyes to get some sleep before our landing.,他只是在经过走道的时候伸出手，用爪子蹭蹭我的手指，又很快缩了回去。之后他闭上眼睛，在我们着陆前小憩了一会。
942,第一幕·场景3,a1s3,157,,,旁白,"Though I try to do the same, it's difficult with how bumpy the journey is, and the one window I can see only shows a gray, overcast atmosphere.",我也尝试过睡觉，但无奈一路上太颠簸了，更别提我唯一能看到景色只有阴云密布的大气层。
943,第一幕·场景3,a1s3,158,,,旁白,"So, I just sit back and wait.",于是，我只能干坐着等。
944,第一幕·场景3,a1s3,159,,,旁白,"It's not technically a long journey, but because of how uncomfortable it is, it almost feels as long as my flight to Rome had been.",严格来说航程并不算长，然而难熬度堪比我飞往罗马的那趟。
945,第一幕·场景3,a1s3,160,,,旁白,"Maybe a little more than an hour later, we're alerted by Com to 'brace' for our landing.",大约过了一个多小时，Com通知我们‘准备’着陆。
946,第一幕·场景3,a1s3,161,,,旁白,"As the rumbling doubles, I wonder for a moment if accidents are common occurrences on Adastra.",伴着呈指数增长的轰鸣声，我开始思考阿达斯特拉上的事故有多常发生了。
947,第一幕·场景3,a1s3,162,,,旁白,But then the shuddering interior of the craft comes to a sudden halt as our landing is surprisingly smooth.,但随后飞船内部的震动突然停止，我们的着陆出人意料地平稳。
948,第一幕·场景3,a1s3,164,,,旁白,"I follow everyone else's lead as they undo their safety harnesses, managing to figure it out before Amicus has to help me.",我效仿其他人解开了安全带，毕竟不能总是依靠Amicus帮忙。
949,第一幕·场景3,a1s3,165,,,旁白,"I'm ready for him to take my hand, reaching up halfway.",我伸出手，想让Amicus握住。
950,第一幕·场景3,a1s3,166,,,旁白,"Then I remember our conversation about not showing affection in public, and I drop it back to my side.",紧接着回忆起我们之前还讨论过不要在公共场合表达爱意，便将悬在半空的胳膊收了回去。
951,第一幕·场景3,a1s3,170,,,旁白,"As we exit the aircraft, I'm greeted to that gray, overcast sky, along with jagged, snow-capped mountains.",离开飞行器，迎接我们的是灰蒙蒙的天空，以及参差不齐的雪山。
952,第一幕·场景3,a1s3,171,,,旁白,"Compared with the lush, green fields and forests near Adastra City, the scenery surrounding Lux is about as bleak as I expected.",与阿达斯特拉城附近郁郁葱葱的田野和森林相比，卢克斯的风景只能用凄凉形容。
953,第一幕·场景3,a1s3,172,,,旁白,"What I'm struck by most, however, is just how cold it is when we exit the aircraft.",然而最让我印象深刻的，还属刚下飞船时的天气。
954,第一幕·场景3,a1s3,173,,,旁白,"It's probably above freezing, but with how little clothing I have on, I gasp at the sudden change in temperature.",体感没到零下，但我身上的衣物太单薄了，温度的骤然变化令我的呼吸都急促了起来。
955,第一幕·场景3,a1s3,174,,,旁白,I hear Amicus move up behind me.,我听到Amicus从我身后走了上来。
956,第一幕·场景3,a1s3,176,a,Amicus,台词,"""Did you sleep well?""","""睡得好吗？"""
957,第一幕·场景3,a1s3,177,m,主角(MC),台词,"""Not really. Amicus, I need more clothing than this.""","""一点也不好。我需要厚衣服，Amicus。"""
958,第一幕·场景3,a1s3,179,a,Amicus,台词,"""Hmm?""","""嗯？"""
959,第一幕·场景3,a1s3,180,,,旁白,"The wolf seems confused at first, looking at me with furrowed brows.",这只狼皱起眉头，一脸困惑的样子。
960,第一幕·场景3,a1s3,181,a,Amicus,台词,"""What's wrong?""","""怎么了？"""
961,第一幕·场景3,a1s3,182,m,主角(MC),台词,"""It's too cold. I need something covering my legs and arms.""","""这儿太冷了，我得找东西把胳膊和腿盖住。"""
962,第一幕·场景3,a1s3,183,,,旁白,I notice the others looking over at me and I feel myself getting a bit red.,我注意到了其他人投来的目光，脸微微一红。
963,第一幕·场景3,a1s3,184,,,旁白,It's strange that I should feel embarrassed about being underprepared like this when I knew nothing about the place we were going.,奇怪的是，我尴尬的地方不在于对目的地一无所知，而导致准备不足。
964,第一幕·场景3,a1s3,185,,,旁白,But there's something about me being naturally weak as a human that makes me self-conscious.,而是作为一个人类，我天生就比较脆弱，这让我有些难为情。
965,第一幕·场景3,a1s3,186,,,旁白,"As far as I know, every sibling is equipped with fur that makes an environment like this one no problem for them to withstand.",据我所知，全部的Sibling都长有能够适应这样环境的皮毛。
966,第一幕·场景3,a1s3,187,,,旁白,"I shiver, and that's when Amicus finally seems to understand.",看到我在打哆嗦，Amicus终于明白了。
967,第一幕·场景3,a1s3,189,a,Amicus,台词,"""Oh! Yes, let's get you to a tailor. Should be one around here, even if it is Lux.""","""噢！没错，咱们先去买衣服吧。即便是卢克斯，附近应该也有裁缝店才对。"""
968,第一幕·场景3,a1s3,191,v,Virginia,台词,"""What seems to be the issue, Amicus?""","""有什么问题吗，Amicus？"""
969,第一幕·场景3,a1s3,192,,,旁白,"Virginia looks as annoyed and impatient as usual, and right now I wish I hadn't said anything despite the fact that, judging by how cold it is during the day, I'll be dead during the night if I don't put on more layers.",Virginia看起来还是一如既往的不耐烦，搞得我现在反而希望自己什么也没说。但说实话，鉴于这里白天的气温，不多穿几层我估计都熬不过今晚。
970,第一幕·场景3,a1s3,194,a,Amicus,台词,"""[mc] needs extra clothing for the weather. He's already shivering.""","""[mc]在发抖，他需要御寒的衣物。"""
971,第一幕·场景3,a1s3,196,,,旁白,"Virginia examines me, as if looking for a reason to become furious with Amicus again, but seems to decide this is something even she hadn't foreseen.",Virginia审视着我，似乎又在寻找冲Amicus发火的理由，不过最终还是接受了这也是她自己的失策。
972,第一幕·场景3,a1s3,198,b,Bjarni,台词,"""Ah, of course! I imagine the lack of fur would be a hinderance in such a climate.""","""说的没错！在这样的气候条件下，没有皮毛的确是比较棘手。"""
973,第一幕·场景3,a1s3,199,c,Cassius,台词,"""What seems to be the hold up. Is something wrong with the human, again?""","""是什么耽误了我们的脚步，又是人类吗？"""
974,第一幕·场景3,a1s3,201,,,旁白,"Cassius shouldn't have the power to embarrass me at this point, but I'm more aware of how I look now that I'm a part of an official delegation.",让我难堪的不是Cassius的嘲讽，而是我现在这幅样子，我可是官方代表团的一员。
975,第一幕·场景3,a1s3,203,,,旁白,But that's when I feel someone stand next to me and I look up to see Neferu.,不过就在这时，有人站在了我身旁。我定睛一看，对方是Neferu。
976,第一幕·场景3,a1s3,212,n,Neferu,台词,"""Actually, I too am very nearly freezing.""","""其实，我也快被冻僵了。"""
977,第一幕·场景3,a1s3,214,a,Amicus,台词,"""Really? You have fur, Neferu.""","""真的吗？你有毛啊，Neferu。"""
978,第一幕·场景3,a1s3,216,n,Neferu,台词,"""Yes, I've noticed, but it is much, much shorter than yours.""","""我当然知道，但我的毛比你们短得多，非常多。"""
979,第一幕·场景3,a1s3,217,,,旁白,"Though I can tell Neferu is trying to make me feel less self-conscious, I can see that his body is also shivering slightly, and I can hear it in his voice too.",我知道Neferu是在帮我解围，不过可以看到他的身体也在微微发抖，他的声音也一样。
980,第一幕·场景3,a1s3,219,b,Bjarni,台词,"""Not a problem! We'll escort the two of you to a tailor. A curfew was imposed on the city in preparation for the visit, thus it should not be a problem.""","""没关系！我们可以护送二位去裁缝铺。因为这次访问的缘故，该城实施了宵禁，还请放心。"""
981,第一幕·场景3,a1s3,220,b,Bjarni,台词,"""In fact, it's best to do it now while you make your arrival speech, Amicus. The others will not need to be present for it, after all, aside from Cassius.""","""事实上，最好现在动身，趁着Amicus演讲的功夫。毕竟只有Cassius需要出席。"""
982,第一幕·场景3,a1s3,221,a,Amicus,台词,"""Are you escorting them, then?""","""那么由你来护送他们？"""
983,第一幕·场景3,a1s3,223,b,Bjarni,台词,"""I was thinking the Khemian ambassador to Adastra might be able to do that. He needs to become more familiar with his fellow Khemian, anyway!""","""我想克希米亚驻阿达斯特拉大使应该能胜任这一职。再说，他需要多熟悉一下自己的克米扬同胞嘛！"""
984,第一幕·场景3,a1s3,225,a,Amicus,台词,"""Where--""","""Brunis在-"""
985,第一幕·场景3,a1s3,230,unk,?????,台词,"""I'm here! Sorry for bein' late. Misplaced my damn pa... my medication, I mean.""","""我在这儿！不好意思来晚了，我把我的烟...药，搞混了。"""
986,第一幕·场景3,a1s3,235,,,旁白,"A deep, gruff voice comes from up the trail to the landing site, and I look to see a new creature.",低沉、粗哑的声音从通往停机坪的小道上传来，一个陌生的生物出现在我眼前。
987,第一幕·场景3,a1s3,237,,,旁白,"Well, not completely new.",好吧，也不算完全陌生。
988,第一幕·场景3,a1s3,238,,,旁白,"Despite not having heard the voice before, I do recognize the wolverine.",尽管头一次听到他的声音，但我认识这只狼獾。
989,第一幕·场景3,a1s3,239,,,旁白,"I'd seen him at the university about a month ago, but only for a few seconds.",大约一个月前，我在学院里和他有过一面之缘。
990,第一幕·场景3,a1s3,240,,,旁白,"Neferu seems to be familiar with him, though.",不过Neferu似乎跟他很熟。
991,第一幕·场景3,a1s3,242,n,Neferu,台词,"""Brunis! I was wondering if you'd been dragged to this little outing of ours.""","""Brunis！我还在想你会不会来参加我们这场小郊游呢。"""
992,第一幕·场景3,a1s3,243,br,Brunis,台词,"""Of course I was. I'm not doing much else on this damn moon, after all!""","""那还用说，我在这颗星球上都快闷死了！"""
993,第一幕·场景3,a1s3,245,b,Bjarni,台词,"""Fantastic! Brunis shall be your escort.""","""好极了！护送二位的任务就交给Brunis了。"""
994,第一幕·场景3,a1s3,247,br,Brunis,台词,"""Escort? For what?""","""护送？为什么？"""
995,第一幕·场景3,a1s3,249,b,Bjarni,台词,"""These two need a tailor.""","""这两位得找个裁缝。"""
996,第一幕·场景3,a1s3,251,br,Brunis,台词,"""I don't know where the hell that--""","""这跟我有-"""
997,第一幕·场景3,a1s3,255,b,Bjarni,台词,"""Moving on!""","""出发吧！"""
998,第一幕·场景3,a1s3,260,,,旁白,"The large bear makes brisk ""come on"" gestures to the rest of the group.",大熊麻利地对其他人做了个‘跟我来’的手势。
999,第一幕·场景3,a1s3,262,,,旁白,"Amicus looks unsure of what to do, but I give him a reassuring smile.",Amicus似乎拿不定主意，于是我给了他一个安慰的微笑。
1000,第一幕·场景3,a1s3,263,m,主角(MC),台词,"""I'll be fine! See you in a bit after your speech, okay?""","""没事的！演讲结束见，好吗？"""
1001,第一幕·场景3,a1s3,265,a,Amicus,台词,"""Alright. Sorry for not thinking ahead.""","""好吧。抱歉，是我考虑不周。"""
1002,第一幕·场景3,a1s3,266,m,主角(MC),台词,"""I don't think any of us did. I'll see you again soon.""","""我想大伙都没有。那么之后见了。"""
1003,第一幕·场景3,a1s3,267,,,旁白,"Despite our talk earlier about PDA, Amicus pulls me into a quick hug before letting go.",尽管之前谈过公开秀恩爱的话题，但Amicus还是拥抱了我一下。
1004,第一幕·场景3,a1s3,269,a,Amicus,台词,"""Okay, I trust you are in good hands. Love you.""","""嗯，相信你会得到很好的照顾的。爱你。"""
1005,第一幕·场景3,a1s3,270,m,主角(MC),台词,"""Love you too.""","""我也爱你。"""
1006,第一幕·场景3,a1s3,272,,,旁白,"Then the greater part of our delegation heads up another trail, toward a smaller grouping of buildings away from the city.",在这之后，代表团的大部分成员沿着另一条小径，朝着远离城市的小型建筑群离开了。
1007,第一幕·场景3,a1s3,275,br,Brunis,台词,"""What the hell? I don't know where anything is in this city is except the restaurant I went to for lunch. And by the way, it was the blandest meal I've ever had.""","""搞毛啊？除了吃午饭的那家餐厅，我压根没去过其他地方好不好。顺带一提，那是我吃过最淡的一顿饭。"""
1008,第一幕·场景3,a1s3,277,br,Brunis,台词,"""And since when did I become an escort service? I'm the goddamn Khemian ambassador to Adastra! Looks pretty suspect when they shove off the two Khemians and abandoned alien right at the get-go.""","""而且护送什么时候变成我的活儿了？我可是克希米亚驻阿达斯特拉大使！瞧他们急着把两个克米扬跟一个被遗弃的外星人支走的样，太可疑了。"""
1009,第一幕·场景3,a1s3,279,n,Neferu,台词,"""Manners, Brunis. You haven't introduced yourself to [mc], the 'abandoned alien'.""","""注意礼貌，Brunis。你还没有向[mc]做自我介绍，就是那个‘被遗弃的外星人’。"""
1010,第一幕·场景3,a1s3,281,br,Brunis,台词,"""Really, Neferu? You're freezing your ass off... and so is he! I think his lips are turning blue.""","""有没有搞错，Neferu？你都快冻死了...还有他！他的嘴是不是变蓝了？"""
1011,第一幕·场景3,a1s3,282,,,旁白,The wolverine's much less formal style has me feeling much more comfortable in his presence compared to most others I meet on this moon.,与在这颗星球上遇到的大多数人相比，这只狼獾不那么正经的风格给了我不少好印象。
1012,第一幕·场景3,a1s3,283,m,主角(MC),台词,"""Hello, I'm the...""","""你好，我是..."""
1013,第一幕·场景3,a1s3,284,,,旁白,"I have to think for a moment since I'm so used to being referred to as a ""pet"".",我不得不思考一下，毕竟我已经习惯被称为‘宠物’了。
1014,第一幕·场景3,a1s3,285,m,主角(MC),台词,"""... the Emperor's companion.""","""...皇帝的伴侣。"""
1015,第一幕·场景3,a1s3,287,br,Brunis,台词,"""Nice meeting ya. You already heard who I am, eh? Anyway, let's get you some warmth.""","""你好呀。你应该听说过我吧？总之，取暖要紧。"""
1016,第一幕·场景3,a1s3,289,n,Neferu,台词,"""[mc], do you need to find shelter? You look to be on the verge of hypothermia.""","""要先帮你找个住处吗，[mc]？你看起来快患上低温症了。"""
1017,第一幕·场景3,a1s3,290,,,旁白,I shake my head as I stomp my sandal-clad feet.,我跺了跺穿凉鞋的脚，摇摇头。
1018,第一幕·场景3,a1s3,291,m,主角(MC),台词,"""I'll be good once we start moving.""","""没事，活动起来就暖和了。"""
1019,第一幕·场景3,a1s3,293,br,Brunis,台词,"""Right, let's get a move on, then!""","""那咱们这就出发吧！"""
1020,第一幕·场景3,a1s3,297,,,旁白,"I do start to feel a bit better as I copy the quick pace of my two furry companions, feeling more numb than cold as we enter the seemingly-deserted city.",我模仿两个毛茸茸的伙伴迈开步伐，感觉确实好了点。当终于进入这座被遗弃似的城市时，我感觉更多的不是寒冷，而是麻木。
1021,第一幕·场景3,a1s3,298,,,旁白,"Meanwhile, the two banter ahead of me.",与此同时，那两个人在前面有说有笑。
1022,第一幕·场景3,a1s3,300,br,Brunis,台词,"""So why the hell did you show up here without a heat source, Nef?""","""你怎么也不带个取暖的东西过来，Nef？"""
1023,第一幕·场景3,a1s3,302,n,Neferu,台词,"""I had other matters on my mind, Brunis.""","""我还有别的事要考虑，Brunis。"""
1024,第一幕·场景3,a1s3,304,br,Brunis,台词,"""Probably not now, eh? Haha!""","""现在考虑不了了吧？哈哈！"""
1025,第一幕·场景3,a1s3,306,n,Neferu,台词,"""I assume you have drones? I'd rather not wear wolven fashion.""","""你应该有无人机吧？相比较而言，我不想穿沃尔文的衣服。"""
1026,第一幕·场景3,a1s3,308,br,Brunis,台词,"""Of course I do. Wouldn't want to ruin your pretty looks, would we?""","""当然啦，可不能毁了你那张俊脸呢。"""
1027,第一幕·场景3,a1s3,309,m,主角(MC),台词,"""Drones?""","""无人机？"""
1028,第一幕·场景3,a1s3,310,,,旁白,Brunis glances back at me.,Brunis回头看了我一眼。
1029,第一幕·场景3,a1s3,312,br,Brunis,台词,"""Yeah. I know they wanted us to take you to a tailor, or something, but Khemian climate drones let you control your own temperature and such.""","""对。他们是让我带你们去裁缝铺之类的地方，不过克希米亚的气候无人机用来调节体温绰绰有余了。"""
1030,第一幕·场景3,a1s3,313,m,主角(MC),台词,"""Oh.""","""哦。"""
1031,第一幕·场景3,a1s3,314,,,旁白,I didn't even think such technology existed.,我压根没想过这种技术。
1032,第一幕·场景3,a1s3,315,,,旁白,All I saw at the palace was the central climate control.,皇宫里就只有中央空调系统。
1033,第一幕·场景3,a1s3,316,br,Brunis,台词,"""We can get you clothes if you prefer that. Doubt the tailor would know how the hell to dress you, though.""","""你喜欢的话，咱们也可以去整套衣服。不过我相当怀疑裁缝那有适合你穿的。"""
1034,第一幕·场景3,a1s3,318,n,Neferu,台词,"""[mc] is simply not used to such tech. He's only been exposed to the wolven way of life.""","""[mc]还不习惯类似的科技，他只接触过沃尔文的生活方式。"""
1035,第一幕·场景3,a1s3,320,br,Brunis,台词,"""Shame. Well, we'll show you the ways of Khemian comfort in a bit. Just gotta go get them from the flat they stuck me in.""","""太遗憾了，那正好看看我们克米扬有多舒服，咱们先回他们分配给我的那间‘监狱’拿东西。"""
1036,第一幕·场景3,a1s3,322,n,Neferu,台词,"""Where {i}did{/i} they stick you, by the way?""","""话说回来，是{b}哪里{/b}的‘监狱’？"""
1037,第一幕·场景3,a1s3,324,br,Brunis,台词,"""Believe it or not, I think it was a hostel. They cleared out a bunch of wolves right when I arrived.""","""好像是一家旅馆，信不信由你。我才刚到，就看见他们把一群狼赶走。"""
1038,第一幕·场景3,a1s3,326,n,Neferu,台词,"""Seems a bit crude.""","""听起来有点粗鲁。"""
1039,第一幕·场景3,a1s3,328,br,Brunis,台词,"""The entire city is! Even by Adastran standards. Pretty sure I walked by a fucking public whipping before curfew kicked in.""","""整座城市都这尿性！就算按阿达斯特拉的标准看也一样。我很肯定我在宵禁开始前路过了一次公开鞭刑。"""
1040,第一幕·场景3,a1s3,329,,,旁白,That makes me feel a bit on edge.,这让我有些不安。
1041,第一幕·场景3,a1s3,330,,,旁白,"While it doesn't surprise me, I'd been sheltered by the palace since I got here, as much as it could be called a shelter, anyway.",虽然我不该感到惊讶。自从来到这里，我就一直住在皇宫。换而言之，我的庇护所。
1042,第一幕·场景3,a1s3,331,,,旁白,But I've never really been exposed to the wolven way of life.,我从未真正接触过沃尔文的生活方式。
1043,第一幕·场景3,a1s3,332,,,旁白,Brunis lowers his voice.,Brunis压低了嗓门。
1044,第一幕·场景3,a1s3,334,br,Brunis,台词,"""I mean, they're practically barbarians, Neferu...""","""要我说，他们根本没开化嘛，Neferu..."""
1045,第一幕·场景3,a1s3,336,n,Neferu,台词,"""Don't say that, Brunis. Besides, this area is particularly disadvantaged politically and economically.""","""别这么说，Brunis。况且，这一地区的政治和经济处于尤其不利的地位。"""
1046,第一幕·场景3,a1s3,337,,,旁白,"Neferu's tone is quiet, but stern.",Neferu的语气平静而严厉。
1047,第一幕·场景3,a1s3,339,br,Brunis,台词,"""I know, I know. It's just weird seeing it in person, you know?""","""我知道，我知道。只是亲眼一看感觉怪怪的，你懂吧？"""
1048,第一幕·场景3,a1s3,341,n,Neferu,台词,"""You also seem to keep forgetting that the Emperor's companion is with us.""","""你似乎忘记了我们正和皇帝的伴侣在一起。"""
1049,第一幕·场景3,a1s3,342,,,旁白,Brunis looks back at me.,Brunis回头看向我。
1050,第一幕·场景3,a1s3,344,br,Brunis,台词,"""Oh yeah, sorry. You're with the wolf emperor, right?""","""啊，抱歉。你和皇帝一起，是不是？"""
1051,第一幕·场景3,a1s3,345,,,旁白,"I wonder what he means by ""with"", but I assume it's a lot considering it's fairly common knowledge.",我不清楚他说的‘一起’是什么意思，但考虑到这里的民情，绝没有字面上那么单纯。
1052,第一幕·场景3,a1s3,346,,,旁白,I clear my throat.,我清了清喉咙。
1053,第一幕·场景3,a1s3,347,m,主角(MC),台词,"""Yeah, but you don't have to censor yourself in front of me.""","""是的，不过你不必在我面前拘束。"""
1054,第一幕·场景3,a1s3,349,,,旁白,Brunis laughs.,Brunis笑了。
1055,第一幕·场景3,a1s3,350,br,Brunis,台词,"""Well, it {i}is{/i} my job to be delicate in front of important people, and I would consider you to be just that.""","""这个嘛，我的工作{b}就是{/b}在重要的人面前小心谨慎，我想你就十分重要。"""
1056,第一幕·场景3,a1s3,352,n,Neferu,台词,"""I haven't known you for very long, Brunis, but delicate isn't how I'd describe anything you do.""","""虽然认识你的时间不长，Brunis，但我不会用小心谨慎来形容你做的哪怕任何一件事。"""
1057,第一幕·场景3,a1s3,356,br,Brunis,台词,"""Why's that, Neferu?""","""为什么，Neferu？"""
1058,第一幕·场景3,a1s3,358,n,Neferu,台词,"""Because you're so...""","""因为你太..."""
1059,第一幕·场景3,a1s3,359,,,旁白,Neferu waves a paw lazily in Brunis's general direction.,Neferu懒洋洋地朝Brunis的方向挥了挥爪子。
1060,第一幕·场景3,a1s3,360,n,Neferu,台词,"""Well, you.""","""有个人风格了。"""
1061,第一幕·场景3,a1s3,362,br,Brunis,台词,"""What, cuz' I don't do things the traditional way? I did go to Sabayt, just like you, Neferu. I'm pretty sure I got higher marks, too.""","""怎么，就因为我特立独行？我跟你一样上的萨拜特，Neferu，而且我的学分肯定比你高。"""
1062,第一幕·场景3,a1s3,364,n,Neferu,台词,"""Academia isn't quite the same as real world application.""","""书本上的知识并不能完全套用在现实。"""
1063,第一幕·场景3,a1s3,366,br,Brunis,台词,"""Yeah, and I've lead a few dozen negotiations that resulted in some of the most important galactic treaties being signed.""","""我还主持过不下数十次谈判，并促成了重要星系条约的签署。"""
1064,第一幕·场景3,a1s3,367,,,旁白,The conversation's sudden turn from friendly to tense is a bit jarring.,谈话突然从友好转为了紧张，有点不和谐。
1065,第一幕·场景3,a1s3,368,,,旁白,"It's clearly about a lot more than Brunis's ""delicacy"", and I wonder if this was already a point of contention between them.",其内容显然远远超出了Brunis的‘小心谨慎’，我想知道这是否成为了他们的争论点。
1066,第一幕·场景3,a1s3,370,n,Neferu,台词,"""But as important as this?""","""但有现在重要吗？"""
1067,第一幕·场景3,a1s3,371,,,旁白,Brunis is quiet for a moment.,Brunis沉默了好一会。
1068,第一幕·场景3,a1s3,373,br,Brunis,台词,"""You think your brother is trying to fuck this up for you, huh?""","""你以为是你哥在搞鬼吗？"""
1069,第一幕·场景3,a1s3,374,,,旁白,I kind of wish we'd just gone to a tailor.,我真的希望我们能找个裁缝了。
1070,第一幕·场景3,a1s3,375,,,旁白,Being inside someplace warm while being fussed over by another wolf is preferable to being alone with these two bickering Khemians.,在温暖的地方被一只狼纠缠，总好过跟这两个剑拔弩张的克米扬独处。
1071,第一幕·场景3,a1s3,377,n,Neferu,台词,"""I did not say--""","""我没这么说-"""
1072,第一幕·场景3,a1s3,379,br,Brunis,台词,"""Oh, you said it. You've more than said it. If you don't think I'm fit for the job, then just tell your boss. I'll gladly resign.""","""你当然说了，还话里有话呢。你要是觉得我不适合这份工作，就去上报你的老板。我巴不得辞职。"""
1073,第一幕·场景3,a1s3,381,n,Neferu,台词,"""Did you not want this job?""","""你不愿意接受这份工作吗？"""
1074,第一幕·场景3,a1s3,383,br,Brunis,台词,"""I want it. I've trained my entire life for it, but if my own fellow Khemian doesn't want me here, then that's a piss-poor start, don't you think?""","""我愿意，为此我倾尽了毕生所学。但如果我甚至无法获得自己同胞的认可，那我就太失败了，不是吗？"""
1075,第一幕·场景3,a1s3,384,,,旁白,The silence really drags on now as we turn onto a street that's as empty as the last.,我们默不作声地拐进另一条同样空旷的街道。
1076,第一幕·场景3,a1s3,385,,,旁白,"I occasionally catch the sight of wolves peering from windows or balconies, but they quickly disappear as soon as I look up.",偶尔能看到有狼从窗户或阳台上窥视，但只要我一抬头，他们便迅速消失了。
1077,第一幕·场景3,a1s3,386,m,主角(MC),台词,"""Haven't you been here a few months, Brunis? It seems like you two are only just meeting.""","""你不是都来几个月了吗，Brunis？怎么听起来你们才刚认识似的。"""
1078,第一幕·场景3,a1s3,387,,,旁白,"I fill the awkward silence, wanting to make myself more a part of the conversation rather than being a reluctant eavesdropper.",我率先打破了沉默。我更希望自己参与到对话中，而不是一个不情愿的偷听者。
1079,第一幕·场景3,a1s3,389,br,Brunis,台词,"""Yeah, well, negotiations got delayed on the Khemia side, and then I got shipped out here to be part of this whole... I dunno, whatever the hell this is. This is the first time we've spoken in weeks.""","""唔，克希米亚那边的谈判推迟了，之后我被派来参加...我不知道，随便叫什么好了。这是我和他几个星期来头一次讲话"""
1080,第一幕·场景3,a1s3,391,n,Neferu,台词,"""We spoke through the portal several times, Brunis.""","""我们在网上聊过几次，Brunis。"""
1081,第一幕·场景3,a1s3,393,br,Brunis,台词,"""Wish you'd been a bit more blunt about how you felt about me.""","""要是你能对我更坦率就好了。"""
1082,第一幕·场景3,a1s3,395,n,Neferu,台词,"""I was simply asking a question. You're as informal as they come, and I just find it surprising that you were chosen.""","""我只是感到意外，毕竟被选中你和他们一样不拘小节。"""
1083,第一幕·场景3,a1s3,397,br,Brunis,台词,"""Listen, Neferu.""","""听着，Neferu。"""
1084,第一幕·场景3,a1s3,398,,,旁白,Brunis turns to the jackal and we stop.,Brunis转向胡狼，我们一行人停了下来。
1085,第一幕·场景3,a1s3,400,br,Brunis,台词,"""Yeah, I'm here for a reason. I'm a political statement, I'm a reminder, a scar for the wolves to think about while they negotiate.""","""没错，我在这里是有原因的。我是一种政治立场、一份警醒、一道沃尔文在谈判时必须考虑到的伤疤。"""
1086,第一幕·场景3,a1s3,401,,,旁白,"Now that I'm focusing more on those scars and prosthetic arm, I'm suddenly realizing who this might be, and where he might come from.",我把注意力放在了那些疤和假肢上，猛地意识到他可能是谁，可能来自哪里。
1087,第一幕·场景3,a1s3,403,br,Brunis,台词,"""But, I'm also damn good at my job, and I'll be honest when I say that you're not very good at yours.""","""但这不代表我的本职工作不出色。就让我把话挑明了吧，你不擅长这行。"""
1088,第一幕·场景3,a1s3,405,,,旁白,"Neferu noticeably bristles, which is what surprises me most about all of this.",Neferu丝毫不掩饰脸上的愠色，这也是最让我惊讶的。
1089,第一幕·场景3,a1s3,406,,,旁白,"It is very, very hard to get under Neferu's skin.",要激怒他是一件非常、非常难的事。
1090,第一幕·场景3,a1s3,407,,,旁白,"I can count, on one hand, the number of times I've seen it happen.",类似的情况用一只手都能数得过来。
1091,第一幕·场景3,a1s3,408,,,旁白,"I feel bad for Neferu, but he did provoke this argument, and I guess Khemians are supposed to be blunt.",我为Neferu感到难过，但也是他挑起了这场争论。克米扬确实很直言不讳。
1092,第一幕·场景3,a1s3,410,br,Brunis,台词,"""So I'm here to help you, and make this a success so that you're known for more than just getting your nuts cracked.""","""所以我来帮你了，让一切走上正轨，免得你的闻名只是因为球被踢了。"""
1093,第一幕·场景3,a1s3,411,,,旁白,I see Neferu's ears lower even more.,我看到Neferu的耳朵压得更低了。
1094,第一幕·场景3,a1s3,413,br,Brunis,台词,"""Your brother might be an asshole, but he's not stupid enough to jeopardize the entire {i}Galaxias{/i} just to make you more miserable.""","""你哥可能是个混蛋，但他还没有蠢到为了让你受苦而危害到整个{b}加拉西亚斯{/b}。"""
1095,第一幕·场景3,a1s3,415,,,旁白,"After a few seconds, I see Neferu bring his expression into a more neutral state, though I see his eyes flick toward me for just a moment, probably wishing just as much as I do that I wasn't here.",过了几秒钟，Neferu的表情缓和了下来。尽管我留意到他朝我瞥了一眼，可能是和我一样希望我没在场吧。
1096,第一幕·场景3,a1s3,417,br,Brunis,台词,"""I've got a vague idea of what's going on in your family, and I do think you got the shortest end of the stick, but that's not important here.""","""我大致了解过你家里的情况，也相信你受到了不公平的对待，但那些在这儿不重要。"""
1097,第一幕·场景3,a1s3,419,n,Neferu,台词,"""Try to lower your voice a bit, Brunis. We have spectators.""","""收声，Brunis，我们有观众了。"""
1098,第一幕·场景3,a1s3,420,,,旁白,"Sure enough, wolven heads have reappeared at windows and balcony ledges, many of them staring wide-eyed at all three of us.",果然，窗口和阳台上又冒出了沃尔文的脑袋，其中不少人盯着我们三个，眼睛睁得大大的。
1099,第一幕·场景3,a1s3,421,br,Brunis,台词,"""Just know that I'm on your side, alright?""","""我只是想让你知道，我站在你这边，明白吗？"""
1100,第一幕·场景3,a1s3,423,n,Neferu,台词,"""Yes, alright. Now lets move before you reveal more sensitive information to random passerby, shall we?""","""明白。好了，咱们先赶路吧，趁你向路人透露更多敏感信息之前？"""
1101,第一幕·场景3,a1s3,425,,,旁白,Brunis turns and starts walking up the street again.,Brunis转过身，重新走了起来。
1102,第一幕·场景3,a1s3,426,br,Brunis,台词,"""Pff! They wouldn't know what the hell we're talking about even if they could hear us, Nef.""","""噗！他们就算听见也摸不着头脑的，Nef。"""
1103,第一幕·场景3,a1s3,428,n,Neferu,台词,"""Again, don't say such things.""","""再提醒你一遍，别这么说。"""
1104,第一幕·场景3,a1s3,430,br,Brunis,台词,"""I'm not saying they're stupid, just that they don't have the context to understand any of it. Hell, I'll bet the Emperor's companion is the same!""","""我又没说他们傻，他们只是不了解事情的来龙去脉。我打赌皇帝的伴侣也不例外。"""
1105,第一幕·场景3,a1s3,431,,,旁白,Brunis turns to me for confirmation.,Brunis转身求证。
1106,第一幕·场景3,a1s3,432,m,主角(MC),台词,"""Well...""","""这个嘛..."""
1107,第一幕·场景3,a1s3,433,,,旁白,"I look around, deciding we're far enough away from the watching wolves to not be heard.",我环顾四周，确定我们离正在观察的狼们足够远，不会隔墙有耳。
1108,第一幕·场景3,a1s3,434,m,主角(MC),台词,"""I know about the situation with the alliance, that there are issues between Neferu and his family, and I was actually wondering...""","""我了解联盟的情况，还有Neferu的家庭矛盾，不过我真正好奇是..."""
1109,第一幕·场景3,a1s3,438,,,旁白,"Although Brunis isn't looking at me, I can see his ears twitch lower with every word, just as Neferu's are coming up.",尽管Brunis没有看我，可他的耳朵随着每个词而往下耷拉，就像Neferu的耳朵一样。
1110,第一幕·场景3,a1s3,439,,,旁白,"I'm not intending to make him look foolish, but I don't want to be making the impression that I'm a clueless ape, either.",我不想让他吃瘪，但更不想给人留下我是一只蠢猿的印象。
1111,第一幕·场景3,a1s3,440,,,旁白,I've done that for too long on this moon.,我已经演了太久了。
1112,第一幕·场景3,a1s3,441,m,主角(MC),台词,"""Are you one of the wolverines from Deshereth? Sorry if I'm being too forward, but I know Khemians appreciate that style of conversation.""","""你是来自德萨雷斯的狼獾之一吗？恕我直言，不过我知道你们克米扬喜欢这种说话方式。"""
1113,第一幕·场景3,a1s3,443,,,旁白,Neferu side-eyes Brunis.,Neferu侧眼瞧着Brunis。
1114,第一幕·场景3,a1s3,445,br,Brunis,台词,"""Um, yeah, actually. One of two still alive.""","""呃，是啊。更准确地说，是唯二的幸存者之一。"""
1115,第一幕·场景3,a1s3,446,m,主角(MC),台词,"""I'm sorry to hear that. It was a terrible thing that happened.""","""很遗憾听到这个消息，真是可怕。"""
1116,第一幕·场景3,a1s3,447,,,旁白,Brunis shrugs.,Brunis耸耸肩。
1117,第一幕·场景3,a1s3,449,br,Brunis,台词,"""Too young to remember much anyway. Surprised you know about it.""","""反正我当时还小，不记事。没想到你连这都知道。"""
1118,第一幕·场景3,a1s3,450,m,主角(MC),台词,"""Sorry, I'm learning about politics and diplomacy and all of that still, so if I overstep boundaries just let me know.""","""抱歉，我正在学习政治和外交相关的知识。如果我越线了，请务必告诉我。"""
1119,第一幕·场景3,a1s3,452,br,Brunis,台词,"""I appreciate it, actually. I'd have thought that you wouldn't have learned about what happened on Deshereth from Adastran history.""","""哪有的事，我欣赏你，我还以为你不会从阿达斯特拉的历史中翻出德萨雷斯呢。"""
1120,第一幕·场景3,a1s3,453,,,旁白,We seem to finally reach the wolverine's flat as we walk around to the back of a two-story building and towards a door that seems to lead down into a basement.,似乎终于抵达了狼獾的公寓。我们走到一栋双层楼的后面，朝着一扇通向地下室的门走去。
1121,第一幕·场景3,a1s3,454,m,主角(MC),台词,"""I've supplemented it with Khemian recordings as well.""","""我会辅以克希米亚的记录。"""
1122,第一幕·场景3,a1s3,456,br,Brunis,台词,"""Well, good on ya!""","""哈，你可真行！"""
1123,第一幕·场景3,a1s3,460,,,旁白,"We don't even enter the building as he rummages around in some metal crates right at the entrance before activating black, dome-shaped drones that float above us.",我们都没有进到楼中。他在入口处的金属箱里翻找了一番，然后激活了黑色、圆顶状的无人机，悬浮在我们头顶。
1124,第一幕·场景3,a1s3,461,,,旁白,"I can already tell that they're far more advanced when compared to Adastran drones, and I'm even more impressed when I feel a warm, cone-like shape pour over me.",光凭外表，我就可以肯定它比阿达斯特拉的无人机先进得多。当一个温暖的锥形倾泻在我身上时，我更加确信了。
1125,第一幕·场景3,a1s3,463,br,Brunis,台词,"""You can adjust the heat with commands from your lingua.""","""你可以用自己的Lingua来调节温度。"""
1126,第一幕·场景3,a1s3,465,,,旁白,I watch Neferu as he seems to squirm in delight at the feeling of his own drone's warmth.,我看向Neferu，他似乎沉浸在无人机的温暖中，忘乎所以。
1127,第一幕·场景3,a1s3,466,m,主角(MC),台词,"""So... is this where we're gonna be staying?""","""那么...我们要住这儿吗？"""
1128,第一幕·场景3,a1s3,470,,,旁白,They both laugh.,他们一起笑了。
1129,第一幕·场景3,a1s3,471,n,Neferu,台词,"""No, you'll have your own living space with the Emperor, likely far outside the city.""","""不，皇帝和你有独立的住所，很可能在远离城市的郊外。"""
1130,第一幕·场景3,a1s3,473,br,Brunis,台词,"""Oh shit, speaking of, I think Amicus's {i}pugnu{/i} match is gonna start soon. Let's pick up the pace and get to the amphitheater.""","""糟糕，说起来，Amicus的{b}Pugnu{/b}比赛好像马上就要开始了，咱们快去竞技场吧。"""
1131,第一幕·场景3,a1s3,474,,,旁白,I feel the uneasiness return.,我的不安感又回来了。
1132,第一幕·场景3,a1s3,475,m,主角(MC),台词,"""Already? Don't we have meetings and speeches to do, or something?""","""这么快？不是还有会议和演讲吗？"""
1133,第一幕·场景3,a1s3,477,n,Neferu,台词,"""No, this is what the city cares about most. If Amicus beats their champion, their only desire for representation will be destroyed. I honestly hope that Amicus is willing to take a fall for our delegation.""","""不，这才是这座城市最关心的。如果Amicus击败了他们的冠军，就意味着他们唯一的代表权也破灭了。为了代表团好，我衷心希望Amicus愿意被击败。"""
1134,第一幕·场景3,a1s3,478,m,主角(MC),台词,"""I'd rather it not happen at all.""","""我宁愿不要有这场比赛。"""
1135,第一幕·场景3,a1s3,480,br,Brunis,台词,"""Meh, they like this kind of shit. I'd worry more about one of those famous Lux riots happening while we're here.""","""啧，他们就喜欢这玩意儿。我更担心咱们被卷入臭名昭著的卢克斯暴乱中。"""
1136,第一幕·场景3,a1s3,481,,,旁白,"Their words don't offer much comfort as we make our way to the city center, the eyes of the peering wolves seeming to follow us the entire way there.",他们的话并没有给我带来多少安慰。在前往市中心的路上，狼群的目光似乎始终粘着我们。
1137,第一幕·场景3,a1s3,484,,,旁白,"Amicus stands in the middle of the amphitheater, still seething after Cassius's speech.",Amicus站在竞技场中心，仍在因Cassius的演讲而怄气。
1138,第一幕·场景3,a1s3,485,,,旁白,"By any other standard, it would have been a fine speech, something he himself would have been proud of if he'd been the one to give it.",不管以什么标准来看，那都是一场精彩的演讲。如果演讲人是他的话，他也为此感到骄傲的。
1139,第一幕·场景3,a1s3,486,,,旁白,"For Cassius, though, it was subpar at best.",虽然对Cassius而言，这连一般水准都达不到。
1140,第一幕·场景3,a1s3,487,,,旁白,"He'd certainly said what was needed to be said, but his usual fire and passion had been absent.",他自然说了该说的话，却不见了平日里的热情与激情。
1141,第一幕·场景3,a1s3,488,,,旁白,"While there are no large crowds due to the curfew, it was obvious the Luxians were aware of how lacking the speech had been.",拜宵禁所赐，现场人不多，但卢克斯的人民明显察觉到了这场演讲有多不足。
1142,第一幕·场景3,a1s3,489,,,旁白,"Even now, the triumvirs appear slightly perturbed, and Amicus closes his eyes in quiet frustration as he imagines the thousands of citizens listening to the speech in their homes.",到了现在，就连三人执政团好像都在惴惴不安。Amicus想象着千家万户收听演讲的画面，在沮丧中闭上了双眼。
1143,第一幕·场景3,a1s3,490,,,旁白,"Still, Amicus knows that he won't be scolding his brother after all is said and done.",尽管如此，Amicus明白，自己终究不会责怪弟弟的行为。
1144,第一幕·场景3,a1s3,491,,,旁白,"Cass had not been himself since his poisoning, and Amicus had suspected that what would be his first speech since that incident would not go well.",Cass中毒后就一直不在状态，Amicus也怀疑自事件以来，他的首次演讲能否顺利进行。
1145,第一幕·场景3,a1s3,492,,,旁白,Amicus also imagines that Cassius having to verbally pledge his support to him only made it more difficult for his younger brother.,Amicus还觉得，Cassius不得不口头承诺支持他，这只会让他弟弟的日子更难过。
1146,第一幕·场景3,a1s3,493,,,旁白,"But now, the exhibition match is already upon him, and because of that uninspiring speech, Amicus realizes that he must lose this match if he's to quell the City of Rebellion's fury.",但眼下，表演赛已经开始了。Amicus心里清楚，由于那篇乏味的演讲，为了平息叛逆之城的怒火，他必须输掉这场比赛。
1147,第一幕·场景3,a1s3,494,,,旁白,"As he warms up, stretching and practicing his stances, he watches his soon-to-be opponent do the same out of the corner of his eye.",他一边热身和伸展，一边用眼角的余光打量在做同样动作的对手。
1148,第一幕·场景3,a1s3,498,,,旁白,"The old wolf, who had been smiling pleasantly off to the side for the duration of the introductory speeches, moves rather smoothly, and Amicus notes his unusual focus on kicks.",开幕期间，老狼始终面带微笑、动作自信而流畅，Amicus也能注意到他对踢腿非一般的投入。
1149,第一幕·场景3,a1s3,499,,,旁白,"It's not anything Amicus hasn't come up against in his past matches, and he has little doubt he can easily crush the old man if he caught him in a grapple.",Amicus在过去的比赛中未曾遭遇敌手，如果能找准时机抓住老狼，他有十足的把握轻松击败对方。
1150,第一幕·场景3,a1s3,500,,,旁白,"But that wolf is a hero, a champion in these lands.",但那只狼是这片土地的冠军，一位英雄。
1151,第一幕·场景3,a1s3,501,,,旁白,"Amicus knows that the consequences of beating him in front of his own people might very well lead to a sudden, unlawful end to the curfew, followed by a riot that would endanger the entire delegation.",Amicus知道在人民面前惨败他的后果：宵禁可能会突然结束，随之而来的是危及整个代表团的暴乱。
1152,第一幕·场景3,a1s3,503,,,旁白,Amicus glances over to where said delegation is seated and he's a bit startled to see [mc] settling down to watch.,Amicus瞥了眼代表团的位置，惊讶地发现[mc]正坐在那里观看。
1153,第一幕·场景3,a1s3,504,,,旁白,"While he would have preferred that his human not see this match, it still fills him with a burst of energy, intending to show him how physically capable he is.",虽然不希望这场比赛被人类看到，但这仍令他充满了动力，他有意展示起自己的身体素质。
1154,第一幕·场景3,a1s3,505,,,旁白,"Indeed, Amicus had shown him that plenty of times during their own physical encounters in the bedroom, but that required considerable restraint on his part.",事实上，Amicus已经在私底下的身体接触中展示过许多次了，但那需要他相当的克制。
1155,第一幕·场景3,a1s3,506,,,旁白,"As Amicus straightens up, breathing evenly, the older wolf disrobes and finally steps forward to greet his emperor.",Amicus直起身子，均匀地呼吸着，老狼也终于脱下衣服，走上前去迎接自己的皇帝。
1156,第一幕·场景3,a1s3,508,,,旁白,"Amicus already knows him to be Magistr, the unusual name having been given to him later in life, indicative of his status amongst the people of Lux.",Magistr，这个不同寻常的名字是他晚年时被赋予的，这代表了他在卢克斯人民心目中的地位，Amicus也有所耳闻。
1157,第一幕·场景3,a1s3,510,ma,Magis,台词,"""Good day, His Imperial Highness. I am Magis, your chosen opponent for a friendly bout of {i}pugnu{/i}. I would be honored if you were to join me in our proud and ancient sport, if you are ready, Your Majesty.""","""日安，陛下。吾名Magis，您选做{b}Pugnu{/b}友谊赛的对手。能与您一同参加我们古老而自豪的运动，我不胜荣幸。请问陛下是否准备就绪？"""
1158,第一幕·场景3,a1s3,512,,,旁白,"Amicus nods his head as the old wolf bows low to the ground, sensing only a genuine feeling of goodwill from the other wolf.",老狼俯身鞠躬，Amicus感受着另一只狼对他的善意，点点头。
1159,第一幕·场景3,a1s3,513,a,Amicus,台词,"""Of course, Magis. Shall we assume our positions?""","""当然，Magis，我们就位吧？"""
1160,第一幕·场景3,a1s3,516,,,旁白,Magis answers by falling into an odd stance that seems to emphasize striking over grappling as Amicus squats low toward the ground.,作为回答，Magis摆出了一种奇怪的姿势。与蹲在地上的Amicus不同，对方突出的不是擒拿，而是打击。
1161,第一幕·场景3,a1s3,517,,,旁白,"Their styles seem to be on opposite ends of the spectrum in {i}pugnu{/i} techniques, but Amicus has dealt with such fighting styles in the past, especially from Cato.",他们的{b}Pugnu{/b}风格似乎截然相反，但Amicus也有应对的经验，尤其是从Cato那。
1162,第一幕·场景3,a1s3,518,,,旁白,He doubts this wolf is able to match that warrior's speed and strength.,他不认为这只狼的速度与力量能与那名战士匹敌。
1163,第一幕·场景3,a1s3,521,,,旁白,"Deciding to make the first move, Amicus rushes in for a tackle, knowing that a takedown would instantly turn the fight in his favor.",Amicus决定先发制人，他冲过去一个擒抱，试图通过摔倒对手让自己占据上风。
1164,第一幕·场景3,a1s3,522,,,旁白,"While he still plans to throw the match, he needs to make it look good.",虽然他无意取得胜利，但场面一定要精彩。
1165,第一幕·场景3,a1s3,523,,,旁白,"[mc] is watching, after all, and maybe his powerful charge will let the old wolf know that his impending win is artificial.",毕竟[mc]也在看，也许一记强有力的冲锋能教会老狼他即将获得的胜利是被人拱手相送的。
1166,第一幕·场景3,a1s3,524,,,旁白,"His muscles propel his bulk forward, and in the back of his mind, Amicus just slightly worries that he might accidentally end the match by crushing the old wolf.",他的身体在肌肉的推动下不断向前逼近，只是Amicus暗自担心，他可能会压伤这只老狼，从而意外取得胜利。
1167,第一幕·场景3,a1s3,528,a,Amicus,台词,"""Ffffwuuuuhhhh!""","""噗————噶————!"""
1168,第一幕·场景3,a1s3,529,,,旁白,"His rush is brought to an instant and jarring halt, the jolt emanating through his core before spreading out to his limbs, making him almost fold in half in midair.",冲锋戛然而止，强烈的震动穿透他的躯干波动到四肢，他几乎在半空中对折成了两半。
1169,第一幕·场景3,a1s3,530,,,旁白,"Pressure builds in his chest, then into his cheeks which almost humorously swell up before his breath blasts from his muzzle so hard and fast that it makes his lips ripple.",压力积聚在他的胸腔，接着被挤到面颊。那一瞬间，他的脸以一种滑稽的方式膨胀起来，猛烈而急促的气流从他的口鼻中爆发，震得他的嘴唇都泛起波纹。
1170,第一幕·场景3,a1s3,531,,,旁白,"It only lasts a few seconds, but Amicus is at least able to understand that he'd been viciously kicked in the stomach.",这只持续了短短几秒，但Amicus最起码能够知道自己被狠狠踢了一脚。
1171,第一幕·场景3,a1s3,532,,,旁白,"So hard, in fact, that Magis's foot had very nearly disappeared into his belly.",这一击如此有力，以至于Magis的脚几乎埋在了他的肚子中。
1172,第一幕·场景3,a1s3,533,,,旁白,"Somehow, his opponent doesn't budge in the least bit as he holds steady against Amicus's much larger bulk, and finally the younger wolf comes back down to land on weak ankles.",不知为何，Amicus的对手稳稳顶住了他庞大得多的身体，丝毫不为所动。最后，年轻的狼双腿无力，朝地面跌去。
1173,第一幕·场景3,a1s3,535,,,旁白,"Amicus then folds up on the floor of the amphitheater, deafening silence ringing in his ears as he heaves several times, wondering how he'd been affected so badly despite being tensed and ready.",随后Amicus瘫倒在了竞技场的地板上，呕吐不止，耳边回荡着震耳欲聋的寂静。他是很紧张，但也做好了准备，他不明白自己为何会受到这么严重的影响。
1174,第一幕·场景3,a1s3,536,,,旁白,"He manages to keep calm, waiting for his breathing to return to normal, having experienced similar situations during his sparring matches with his father, and then with Cato.",他勉强保持着冷静，等待呼吸恢复正常。他在与父亲或Cato的对打训练中也经历过类似的情况。
1175,第一幕·场景3,a1s3,537,,,旁白,"In fact, not since Cato has he felt such breathless agony, but even he had never managed to land such a blow when Amicus had been prepared.",事实上，自Cato之后，他就再也没有感受过如此令人窒息的痛苦。但即便是Cato，也从来无法在Amicus有所准备的情况下打出这样一击。
1176,第一幕·场景3,a1s3,538,,,旁白,"The wolf tries not to look toward his delegation, pushing the knowledge from his mind that his human is watching.",狼尽量不去在意他的代表团，努力把人类正在看的事实从脑中抹去。
1177,第一幕·场景3,a1s3,539,,,旁白,"Finally, he begins to breathe normally, and manages to pull himself back up to his feet, trying to muster back up his will to fight after having it knocked from him.",终于，他取回了呼吸，并设法站起来，试图在被击倒后鼓起斗志。
1178,第一幕·场景3,a1s3,543,,,旁白,"The older wolf had been slowly moving back and forth in a half-circle in front of Amicus, making himself look busy, clearly avoiding a possible grappling situation.",老狼在Amicus面前来来回回绕着半圈，让自己看起来不那么闲，显然是在避免可能发生的扭打。
1179,第一幕·场景3,a1s3,544,,,旁白,"The humiliation of the first blow warms Amicus's cheeks and ears, its memory leaving his belly feeling hollowed out.",第一击的屈辱令Amicus的脸和耳朵直发烫，他的肠子都悔青了。
1180,第一幕·场景3,a1s3,545,,,旁白,"Maybe throwing the match isn't the best idea, not after being downed with such ease, and knowing this is being broadcasted to all of Adastra.",也许还是不放弃为好，尤其是被对手轻松击倒以后，要知道这场比赛正在向全阿达斯特拉直播。
1181,第一幕·场景3,a1s3,546,,,旁白,"Amicus sets his expression into an iron mask of stoic readiness, this time waiting for the old wolf to come to him.",Amicus摆出一副坚忍的扑克脸，这一次，他决定等老狼先手。
1182,第一幕·场景3,a1s3,547,,,旁白,"Magis does so slowly, and the second he's within reach, his foot flies up again.",Magis行动缓慢，可一旦得手，他的脚又瞬间腾空而起。
1183,第一幕·场景3,a1s3,549,,,旁白,Time slows for Amicus as his eyes flick to the sudden movement.,在Amicus快速转动的眼球中，时间慢了下来。
1184,第一幕·场景3,a1s3,550,,,旁白,"The wolf knows he's not in the best shape, his training time having been completely swallowed up by imperial duties.",狼知道现在的自己并非最佳状态，他的训练时间已经被皇帝的职责完全挤占了。
1185,第一幕·场景3,a1s3,551,,,旁白,"Still, some skills never left one's mind after learning them.",然而，有些东西学过就永远不会忘记。
1186,第一幕·场景3,a1s3,555,,,旁白,He's reminded of this as muscle memory kicks in to catch the lighting-quick attack.,当肌肉记忆发挥作用，用以捕捉闪电般的快速攻势时，他回忆了起来。
1187,第一幕·场景3,a1s3,557,,,旁白,"Instinct takes full control, and Amicus begins to prepare his next attack, one which will bring the fight to the ground where he knows he'll have a significant advantage.",本能接管了他的身体，Amicus开始筹备下一次进攻，这将把战场转移向地面，在那里他有显著优势。
1188,第一幕·场景3,a1s3,558,,,旁白,"The man can kick, that's for certain, but even now, Amicus can feel his own muscles and strength overcoming anything the older wolf tries to bring against him.",老狼当然可以踢腿，可到了现在，Amicus同样能感觉自己的肌肉和力量足以碾压对手。
1189,第一幕·场景3,a1s3,559,,,旁白,His foot is stuck and he isn't getting it free unless Amicus lets him.,他的腿被卡住了，除非Amicus允许，否则他将无法脱身。
1190,第一幕·场景3,a1s3,560,,,旁白,"The younger wolf spots the one foot the other wolf is balanced on, preparing to sweep it from under--",年轻的狼把目标瞄向了老狼用来平衡的另一条腿，刚准备从下方扫过-
1191,第一幕·场景3,a1s3,562,,,旁白,"Time slows once more, but this time Amicus can't do much as the older wolf uses the support Amicus is giving him and swings up the other foot.",时间又变慢了，但这一次Amicus无计可施。老狼通过Amicus作支点，单脚发力跳到半空。
1192,第一幕·场景3,a1s3,563,,,旁白,Both of Amicus's paws are occupied.,Amicus的两只爪子都被占用了。
1193,第一幕·场景3,a1s3,564,,,旁白,He can only watch as the foot sails his way.,他只能眼睁睁看着那只脚朝自己的方向袭来。
1194,第一幕·场景3,a1s3,565,,,旁白,Amicus has just enough time to realize it's over when--,他眼前闪过一道白光，那只脚以迅雷不及掩耳之势猛地踢进了他的鼻子，可一点也不疼。
1195,第一幕·场景3,a1s3,569,,,旁白,"Amicus's vision flashes white, the foot whipping into his muzzle so hard and fast that it doesn't hurt at all.",因为Amicus才反应过来，一切都结束了。
1196,第一幕·场景3,a1s3,570,,,旁白,"Instead, a numbing feeling is left behind as the younger wolf is stunned.",因为他被踢得昏昏沉沉，全身上下仅有麻木。
1197,第一幕·场景3,a1s3,571,,,旁白,"Time is still slow, dragging out his defeat longer than he'd like.",时间依旧过得很慢，把他的失败拖得比他希望的还要久。
1198,第一幕·场景3,a1s3,573,,,旁白,"He has a moment to see his crown flash in the dull sunlight, Amicus deciding that it's rather appropriate for how badly he'd been beaten.",有那么一刻，他瞥到自己的皇冠在暗淡的阳光下闪闪发光，他认为这正是自己惨败的最好写照。
1199,第一幕·场景3,a1s3,576,,,旁白,"Again, Amicus is hit with not just a wave of pain, but one of familiarity.",再一次地，Amicus受到的打击不只疼痛，还有一种熟悉的感觉。
1200,第一幕·场景3,a1s3,578,,,旁白,"The feeling of confusion, followed by squinting at the sky.",困惑。他眯起眼睛，注视着天空。
1201,第一幕·场景3,a1s3,579,,,旁白,"It had been a good while since he'd been knocked unconscious, and he doesn't miss the feeling.",他已经有段时间没有被打得不省人事了，他不会怀念这种感觉的。
1202,第一幕·场景3,a1s3,580,,,旁白,"He does savor it for a moment, though, having enough sense to know that something humiliating is waiting for him on the other side of consciousness.",不过，他确实享受了片刻。毕竟残存的理智足够告诉他，什么样的羞辱在等待着他的清醒。
1203,第一幕·场景3,a1s3,584,,,旁白,"Seeing Magis, Amicus is reminded of what happened, and he groans internally.",看到Magis，Amicus想起发生了什么，内心一阵呻吟。
1204,第一幕·场景3,a1s3,585,,,旁白,It hadn't been a terribly embarrassing fight.,这场搏斗并没有那么尴尬。
1205,第一幕·场景3,a1s3,586,,,旁白,"It lasted about as long as an average match, though the kick at the beginning was certainly something that would be hard to live down.",它的时长和一般比赛相近，尽管最开始的那脚注定令人难忘。
1206,第一幕·场景3,a1s3,587,,,旁白,"It would likely be replayed on the news channels over and over, similar to Neferu's clash with Cato.",它多半会在新闻频道上反复播放，就像Neferu和Cato的冲突一样。
1207,第一幕·场景3,a1s3,588,,,旁白,"Sure, he could ban it, but that would only confirm him to be as humiliated as he feels right now.",当然，他可以选择禁播，但这只会让他感到耻辱，正如现在。
1208,第一幕·场景3,a1s3,590,,,旁白,It's made only worse as Magis approaches and kneels before him.,当Magis走过来跪在他面前，耻辱只会成倍增长。
1209,第一幕·场景3,a1s3,593,ma,Magis,台词,"""Your Imperial Highness, are you alright?""","""您没事吧，殿下？"""
1210,第一幕·场景3,a1s3,594,,,旁白,"Amicus stares for a moment, trying to judge the other wolf's intentions.",Amicus凝视着另一只狼好一会，试图判断对方的意图。
1211,第一幕·场景3,a1s3,595,,,旁白,That's important now that he is sure to become a part of their delegation.,这很重要，因为他无疑将成为代表团的一员。
1212,第一幕·场景3,a1s3,596,,,旁白,"But again, rather than sensing any malicious intent to further humiliate the younger wolf, Amicus only senses genuine feelings of respect.",但是，Amicus并没有感觉他有任何进一步羞辱自己的恶意，而是真正的尊重。
1213,第一幕·场景3,a1s3,597,,,旁白,"Quickly, the Emperor rights himself, taking his crown from the other man.",很快，皇帝恢复了意识，从另一个人手中接过皇冠。
1214,第一幕·场景3,a1s3,601,a,Amicus,台词,"""Er, thank you, thank you. Good spar, Magis.""","""谢谢，真是一场精彩的较量，Magis。"""
1215,第一幕·场景3,a1s3,603,ma,Magis,台词,"""Indeed! Your strength was quite formidable. I very nearly lost the match at the end there.""","""的确是！您的力量非同寻常，我差点就被反败为胜了。"""
1216,第一幕·场景3,a1s3,604,,,旁白,"Amicus tries to smile through the after-match pleasantries, finally sparing a glance toward [mc].",在赛后的寒暄中，Amicus直到最后才偷瞄了[mc]一眼。
1217,第一幕·场景3,a1s3,606,,,旁白,"His expression is hard to read, but when he catches Amicus's eye, he gives him a smile.",他的表情很难形容，不过与Amicus的目光相遇时，他对Amicus微微笑了下。
1218,第一幕·场景3,a1s3,607,,,旁白,"It's tight, and concerned, but it still surprises the young wolf.",笑得很僵硬，难掩其中的担心，但仍出乎狼的意料。
1219,第一幕·场景3,a1s3,608,,,旁白,"It's as if he's trying to let Amicus know that it's okay he lost, that he's only concerned for his wellbeing.",就好像他试图让Amicus明白，就算输了也没关系，他只关心他的健康。
1220,第一幕·场景3,a1s3,609,,,旁白,"Still, he can't stop his muzzle from burning slightly, even as he stretches a paw out toward the human, indicating he should join him in the amphitheater.",尽管如此，当他向人类伸出一只爪子，示意人类过来的时候，他的鼻子还是止不住地发烫
1221,第一幕·场景3,a1s3,614,,,旁白,I see Amicus's invitation to join him and quickly take my place by his side.,看到Amicus的邀请，我迅速走到他身边站好。
1222,第一幕·场景3,a1s3,615,,,旁白,I can tell that he's embarrassed right now.,我看得出他现在有多尴尬。
1223,第一幕·场景3,a1s3,616,,,旁白,"Of course he would be after what happened, but I'm just glad to see that he's mostly okay after the brutality of the fight.",发生了这样的事，尴尬也是难免的。不过对我来说，他平安挨过了残酷的一战，这就值得我高兴了。
1224,第一幕·场景3,a1s3,617,,,旁白,"I know him well enough to keep my concern and affections in check for now, instead letting everyone play it off like nothing happened.",出于对他的了解，我暂时克制住自己的关心和感情，让大家假装什么都没发生。
1225,第一幕·场景3,a1s3,618,,,旁白,"The others follow me, introducing themselves one by one to the older wolf.",其他人跟在我后面，一个接一个地向老狼介绍自己。
1226,第一幕·场景3,a1s3,619,,,旁白,"While Virginia had watched the entirety of the fight with hardly any expression, I was a bit surprised to see Cassius lower his eyes when it became clear Amicus was losing.",Virginia几乎面无表情地看完了整场比赛。而让我惊讶的是，当Amicus的失败已成定局时，Cassius垂下了目光。
1227,第一幕·场景3,a1s3,620,,,旁白,"I assumed he might take pleasure in seeing his emperor brother get trounced, but he just seems to have been made uncomfortable by the whole thing.",我还以为他乐于看到自己的皇兄被打败，然而他好像被整件事弄得很不舒服。
1228,第一幕·场景3,a1s3,621,,,旁白,"Meanwhile, Neferu had watched with an expression that seemed on the verge of disgust while Brunis visibly cringed and shook his head throughout.",与此同时，Neferu始终面露近乎厌恶的表情，Brunis则明显被吓到了，整场比赛都在摇头。
1229,第一幕·场景3,a1s3,622,,,旁白,"As for me, I just feel a relieved weakness flooding through my limbs after the surge of adrenaline during the fight.",至于我，在经历过肾上腺素狂飙后，我只觉得四肢瘫软，如释重负。
1230,第一幕·场景3,a1s3,623,,,旁白,"It was a feeling of dread and terror that I had felt a few times, specifically when seeing Amicus and Cato fight.",我有过几次这种惧怕的感觉，尤其是在看到Amicus和Cato的生死之战时。
1231,第一幕·场景3,a1s3,624,,,旁白,It makes me wonder if I can ever watch another {i}pugnu{/i} match again.,我不禁怀疑，自己还能否接受多一场{b}Pugnu{/b}比赛。
1232,第一幕·场景3,a1s3,625,,,旁白,"Amicus places his heavy paw around my shoulders, grunting slightly as he pulls me into his side and fixes a tight smile on his face.",Amicus把沉重的爪子搭在我的肩膀上，轻声咕哝着把我拉到他身边，同时脸上挂着紧绷的微笑。
1233,第一幕·场景3,a1s3,627,a,Amicus,台词,"""Anyway, we're glad to have you as a part of our delegation, Magis.""","""总而言之，欢迎你加入我们的代表团，Magis。"""
1234,第一幕·场景3,a1s3,629,ma,Magis,台词,"""Glad to be a part of it. I only regret that it was under such circumstances.""","""我很高兴成为其中的一员，唯一遗憾的是，在这种不得已的情况下。"""
1235,第一幕·场景3,a1s3,630,,,旁白,Amicus shrugs his shoulders quickly.,Amicus微微耸了耸肩。
1236,第一幕·场景3,a1s3,632,a,Amicus,台词,"""If it was under the circumstance of friendly sport, then I am glad to have experienced it.""","""以友谊赛而言，还算是一次愉快的体验。"""
1237,第一幕·场景3,a1s3,634,ma,Magis,台词,"""Indeed.""","""如您所言。"""
1238,第一幕·场景3,a1s3,635,,,旁白,"Magis smiles pleasantly, and despite his brutality in {i}pugnu{/i} reminding me of Cato, he doesn't seem anything like that old wolf.",Magis和蔼地微笑着。尽管他在{b}Pugnu{/b}中的无情令我想起了Cato，但二者一点也不像。
1239,第一幕·场景3,a1s3,637,b,Bjarni,台词,"""Indeed! Luckily the itinerary anticipated your inclusion, thus plans should remain the same. Would you like to go over the schedule with me?""","""没错！幸运的是，我们预计了您的加入，因此行程没有太大变动。您方便和我过一下日程安排吗？"""
1240,第一幕·场景3,a1s3,639,ma,Magis,台词,"""Oh, definitely.""","""当然可以。"""
1241,第一幕·场景3,a1s3,640,b,Bjarni,台词,"""I trust that you remember the way to the villa, Amicus? The drones have been instructed to keep anyone from following you and your companion.""","""相信您还记得去庄园的路吧，Amicus？无人机已经收到指示，严禁任何人跟踪您和您的伴侣。"""
1242,第一幕·场景3,a1s3,642,a,Amicus,台词,"""Of course. Thank you again for the bout, Magis. I look forward to a more formal meeting tomorrow.""","""当然记得。再次感谢和你的较量，Magis，我很期待明天的正式会议。"""
1243,第一幕·场景3,a1s3,643,,,旁白,"Amicus nods his head at Magis, and I take that as my cue to bow to the old wolf.",Amicus向Magis点头致意，我也借机向老狼鞠躬。
1244,第一幕·场景3,a1s3,647,,,旁白,He responds by making sure to bow lower than me.,作为回应，他鞠躬的姿势比我低。
1245,第一幕·场景3,a1s3,649,ma,Magis,台词,"""Yes, until then, Your Highness, and his companion.""","""那么到时候见，二位大人。"""
1246,第一幕·场景3,a1s3,655,,,旁白,"With that, the formalities seem to end, and I feel Amicus steer me toward one of the exits to the city square.",就这样，他们终于走完了程序，我被Amicus带到了城市广场的一个出口。
1247,第一幕·场景3,a1s3,656,,,旁白,"After we pass under a few archways, along with a few more eyes peering from windows, we emerge into the outskirts of Lux.",我们穿过数道拱门，在沿途目光的陪伴下来到了卢克斯的郊区。
1248,第一幕·场景3,a1s3,659,,,旁白,The cold gray walls give way almost instantly to the rolling hills and jagged mountains of the tundra beyond.,冰冷的灰色墙壁几乎立刻被坐落于苔原上连绵起伏的山丘和参差不齐的山脉所取代。
1249,第一幕·场景3,a1s3,661,,,旁白,"I feel Amicus practically deflate against me, and I feel a wave of sympathy for my wolf as I realize how much that fight must be weighing on his mind.",我能感到Amicus泄了气，这场战斗一定让他承受了太大的压力，我不禁为他感到同情。
1250,第一幕·场景3,a1s3,662,,,旁白,"I raise a hand to touch his bulky, furry arm that's already around me, not saying anything for now, waiting for him to talk if he wants to.",我伸手去碰他用来搂着我的粗壮手臂，等待着他开口，如果他愿意的话。
1251,第一幕·场景3,a1s3,663,,,旁白,"He grunts again, rubbing my arm.",他咕哝了一声，揉了揉我的胳膊。
1252,第一幕·场景3,a1s3,665,a,Amicus,台词,"""Mmh, well, aren't you nice and warm.""","""你这不是挺暖和的吗。"""
1253,第一幕·场景3,a1s3,666,,,旁白,He turns his eyes up toward the drone above me.,他看向我头顶的无人机。
1254,第一幕·场景3,a1s3,668,a,Amicus,台词,"""Khemian tech, eh?""","""Khemian科技？"""
1255,第一幕·场景3,a1s3,669,m,主角(MC),台词,"""Yeah, that ambassador, Brunis, gave it to me.""","""是啊，Brunis大使送我的。"""
1256,第一幕·场景3,a1s3,671,a,Amicus,台词,"""Ah, yes, he's an amicable man. Was your time with him pleasant?""","""没错，他是个亲切的人。你和他相处得愉快吗？"""
1257,第一幕·场景3,a1s3,672,,,旁白,I shrug.,我耸耸肩。
1258,第一幕·场景3,a1s3,673,m,主角(MC),台词,"""It was alright. Not much going on considering the city is basically a ghost town.""","""还好吧。也没发生什么，毕竟这里简直是座鬼城。"""
1259,第一幕·场景3,a1s3,675,a,Amicus,台词,"""Yes, they're rather strict with their curfews and such. It's the product of being such a rebellious city.""","""确实，他们有关宵禁之类的规定异常严苛。这就是叛逆之城的产物。"""
1260,第一幕·场景3,a1s3,676,m,主角(MC),台词,"""I see...""","""这样啊..."""
1261,第一幕·场景3,a1s3,679,,,旁白,"We walk in silence for a few minutes, and I look ahead to the neat layout of the villa at the end of the trail, maybe a mile outside the city gates.",我们又静静地走了几分钟。我望向前方，在离城门大约一英尺远的道路尽头，有一座布局整洁的庄园。
1262,第一幕·场景3,a1s3,680,,,旁白,"Around us are a few other isolated buildings and trails, maybe something what looks like a farm, though I have no idea what they might grow up here.",在我们周围还有一些孤零零的建筑和小径，看起来像是农场，虽然我也不知道这里能种什么。
1263,第一幕·场景3,a1s3,681,,,旁白,"Still, I can't see anyone else around us.",不过，周围还是空无一人。
1264,第一幕·场景3,a1s3,682,,,旁白,"As it becomes clear Amicus isn't going to say anything, I give in:",由于Amicus很明显不打算开口，我让步了：
1265,第一幕·场景3,a1s3,683,m,主角(MC),台词,"""So, uh, are you feeling okay? Should we have a doctor look at your head?""","""那个，呃，你没事吧？要不要请医生看看你的头？"""
1266,第一幕·场景3,a1s3,684,,,旁白,"I focus on Amicus's physical condition, rather than on the state of his pride.",我更在乎Amicus的身体状况，而不是他的自尊心。
1267,第一幕·场景3,a1s3,686,a,Amicus,台词,"""No, no, of course not. Just a bit sore here and there.""","""当然不用，就是有点儿疼而已。"""
1268,第一幕·场景3,a1s3,687,m,主角(MC),台词,"""Okay, that's good, guess.""","""好吧，那就好，大概。"""
1269,第一幕·场景3,a1s3,688,,,旁白,"It's quiet again, then Amicus sighs.",空气又安静了下来，接着Amicus叹了口气。
1270,第一幕·场景3,a1s3,690,a,Amicus,台词,"""I'm sorry.""","""对不起。"""
1271,第一幕·场景3,a1s3,691,,,旁白,I sigh as well.,我同样叹了口气。
1272,第一幕·场景3,a1s3,692,m,主角(MC),台词,"""For what?""","""为了什么？"""
1273,第一幕·场景3,a1s3,693,a,Amicus,台词,"""For my failure in combat. I underestimated my opponent, but I promise to become stronger in the future.""","""为我在比赛中的失利。我低估了自己的对手，但未来我一定会变得更强，我保证。"""
1274,第一幕·场景3,a1s3,694,m,主角(MC),台词,"""But why are you apologizing to me?""","""那为什么要对我道歉呢？"""
1275,第一幕·场景3,a1s3,695,a,Amicus,台词,"""Because, as your partner, your future husband, I not only embarrass myself in these situations, but I risk doing the same to you.""","""因为作为你的伴侣，你未来的丈夫，我不仅自己出丑，还让你蒙了羞。"""
1276,第一幕·场景3,a1s3,696,,,旁白,"I absorb that, keeping my frustration at those words in check.",听罢，我努力控制住对这些话的失望。
1277,第一幕·场景3,a1s3,697,m,主角(MC),台词,"""Amicus, I'm not embarrassed. I was terrified for you, and now I'm relieved that you seem to be okay, and that it's over. That's all I feel right now.""","""我没有蒙羞，Amicus，我是在担心你。现在知道你没事，我只感觉松了口气。"""
1278,第一幕·场景3,a1s3,699,a,Amicus,台词,"""You must be at least slightly embarrassed for me, no?""","""你至少会因为我而感到些许尴尬吧？"""
1279,第一幕·场景3,a1s3,700,m,主角(MC),台词,"""No.""","""不会。"""
1280,第一幕·场景3,a1s3,701,,,旁白,This time Amicus sighs in frustration.,这一次，Amicus沮丧地叹了口气。
1281,第一幕·场景3,a1s3,703,a,Amicus,台词,"""Sometimes I think you only say things because it is the correct thing to say in your culture. You emphasize me being an individual and dismiss your own feelings as unimportant.""","""有时候，我觉得你之所以这么说，只是因为在你们的文化中这才是正确的。你强调我要成为一个独立的人，却认为自己的感受无足轻重。"""
1282,第一幕·场景3,a1s3,704,,,旁白,I stay quiet.,我没有回答。
1283,第一幕·场景3,a1s3,706,a,Amicus,台词,"""[mc]?""","""[mc]？"""
1284,第一幕·场景3,a1s3,707,m,主角(MC),台词,"""Yes?""","""怎么了？"""
1285,第一幕·场景3,a1s3,708,a,Amicus,台词,"""Do you... have anything to say to that?""","""你...不反驳些什么吗？"""
1286,第一幕·场景3,a1s3,709,m,主角(MC),台词,"""I don't know, I'm just not sure what to say.""","""不知道，我无话可说。"""
1287,第一幕·场景3,a1s3,710,a,Amicus,台词,"""Is what I just said that bad?""","""我刚刚是不是说得太过分了？"""
1288,第一幕·场景3,a1s3,711,m,主角(MC),台词,"""Maybe. It just feels like you're dismissing my own feelings right now.""","""也许吧，我只是觉得你也在无视我的感受。"""
1289,第一幕·场景3,a1s3,712,a,Amicus,台词,"""How so?""","""怎么讲？"""
1290,第一幕·场景3,a1s3,713,m,主角(MC),台词,"""By accusing me of saying things because of my culture, and not because it's how I actually feel.""","""你指责我的关心是出于我的文化，而不是真心实意。"""
1291,第一幕·场景3,a1s3,714,m,主角(MC),台词,"""Watching you fight... it was almost as bad as watching those fights you had with Cato. I couldn't care less about being embarrassed right now.""","""看你比赛...就跟看你和Cato拼命一样让我难受。谁还会在乎丢不丢脸呢？"""
1292,第一幕·场景3,a1s3,716,a,Amicus,台词,"""Oh... Well, you know the situation is completely different.""","""噢...其实完全是两码事的。"""
1293,第一幕·场景3,a1s3,717,m,主角(MC),台词,"""... Yeah.""","""...是啊。"""
1294,第一幕·场景3,a1s3,719,,,旁白,"Our conversation seems to end there, the villa only a few minutes away now.",对话到此为止，离庄园只有几分钟的路程了。
1295,第一幕·场景3,a1s3,720,,,旁白,"I'm okay with letting it go, too tired to argue right now.",我没有深究，因为我累到连争辩的力气都没有。
1296,第一幕·场景3,a1s3,721,,,旁白,Amicus squeezes me to his side again.,Amicus又把我搂到他身旁。
1297,第一幕·场景3,a1s3,724,a,Amicus,台词,"""Well, listen. The hard part is over here in Lux. Over the next two days we can do whatever we like.""","""总之，卢克斯最难的部分已经过去了。在接下来的两天里，咱们可以想做什么就做什么。"""
1298,第一幕·场景3,a1s3,725,,,旁白,"I feel like I've heard Amicus say that more than a few times, and it always seems to not quite work out that way.",这句话我也Amicus说过不少次了，但总是事与愿违。
1299,第一幕·场景3,a1s3,726,m,主角(MC),台词,"""You sure some of your duties won't pop up?""","""你确定不会有工作突然冒出来么？"""
1300,第一幕·场景3,a1s3,727,a,Amicus,台词,"""Here and there, but I've arranged for them to call me through my portal... as much as I struggle to use one.""","""不可能没有啦，不过我已经安排好了，让他们在网上叫我...虽然用起来挺费劲的。"""
1301,第一幕·场景3,a1s3,728,m,主角(MC),台词,"""Do you have things planned?""","""有什么计划吗？"""
1302,第一幕·场景3,a1s3,730,a,Amicus,台词,"""Yes. Tomorrow we visit the famous natural springs in the mountains. Just us two.""","""嗯，明天去山上参观著名的天然泉水，就咱俩。"""
1303,第一幕·场景3,a1s3,731,,,旁白,That does sound kind of nice.,听起来不错。
1304,第一幕·场景3,a1s3,732,m,主角(MC),台词,"""Alright.""","""好啊。"""
1305,第一幕·场景3,a1s3,734,a,Amicus,台词,"""And [mc], I'm sorry again. I'm simply sulking after being beaten so badly. I'm not going to ruin this trip.""","""还有，[mc]，我要再次道歉。我被打得很惨，所以一直在生闷气，但我不会毁了这趟旅行的。"""
1306,第一幕·场景3,a1s3,735,,,旁白,"I look up at my wolf, letting the hurt I'd felt a few minutes ago fade into the background.",我抬头注视着我的狼，几分钟前的伤痛渐渐融化。
1307,第一幕·场景3,a1s3,736,m,主角(MC),台词,"""I'll hold you to it. For now, I assume there's a bath in the villa? Then maybe I can give you a massage like old times.""","""一言为定。至于现在嘛，我想庄园里应该有浴室？也许我可以像从前那样给你来次按摩。"""
1308,第一幕·场景3,a1s3,738,a,Amicus,台词,"""Oh, well...""","""好啊..."""
1309,第一幕·场景3,a1s3,739,,,旁白,The wolf rubs his stomach.,狼揉着肚子。
1310,第一幕·场景3,a1s3,740,a,Amicus,台词,"""Definitely wouldn't mind that right now.""","""我现在完全不介意。"""
1311,第一幕·场景3,a1s3,741,m,主角(MC),台词,"""It's a date then.""","""那就是约会了。"""
1312,第一幕·场景3,a1s3,743,a,Amicus,台词,"""Indeed.""","""确实。"""
1313,第一幕·场景3,a1s3,745,,,旁白,"Amicus stops at the door of the villa, then leans in to kiss me, and we kiss for a long time with no prying eyes around to disturb us.",Amicus停在庄园门口，倾身落下一吻。周围没有窥视的目光打扰，我们相拥良久。
1314,第一幕·场景4,a1s4,3,,,旁白,The villa is surprisingly lavish.,这座庄园出奇地豪华。
1315,第一幕·场景4,a1s4,4,,,旁白,"I'm not sure what I was expecting, but after seeing the somewhat barren streets of Lux, I assumed it would be less decked-out than the palace in Adastra City.",并不是说我在期待什么，但在见识过卢克斯荒芜的街道后，我属实没想到这里的华丽度足以媲美阿达斯特拉城的皇宫。
1316,第一幕·场景4,a1s4,6,m,主角(MC),台词,"""Wow, this is really nice.""","""喔哦，真不错。"""
1317,第一幕·场景4,a1s4,8,a,Amicus,台词,"""It is.""","""是啊。"""
1318,第一幕·场景4,a1s4,9,,,旁白,Amicus seems as taken aback as I am.,Amicus看起来也很惊讶。
1319,第一幕·场景4,a1s4,10,m,主角(MC),台词,"""Haven't you been here before? This is where you stay when you're in Lux, right?""","""你没见过吗？那你在卢克斯的时候住哪？"""
1320,第一幕·场景4,a1s4,11,,,旁白,Amicus seems embarrassed.,Amicus似乎有些尴尬。
1321,第一幕·场景4,a1s4,13,a,Amicus,台词,"""Actually, I've never stayed here myself. This is my first visit to Lux as Emperor. My previous visits in my youth never lasted longer than a day.""","""其实，这是我作为皇帝头一次拜访卢克斯。我从没有单独来过，偶尔的几次也都不超过一天。"""
1322,第一幕·场景4,a1s4,15,a,Amicus,台词,"""Cassius is likely familiar with the place, though.""","""不过，Cassius应该很熟悉这个地方吧。"""
1323,第一幕·场景4,a1s4,16,,,旁白,I turn my attention back to the villa.,我把注意力放回庄园上。
1324,第一幕·场景4,a1s4,17,,,旁白,It's decorated and furnished to an extent that's even more extravagant than the palace.,它的装潢和陈设甚至还更胜皇宫一筹。
1325,第一幕·场景4,a1s4,18,,,旁白,"Though, to be fair, the palace isn't all that extravagant, and that was intentional.",不过说句公道话，这也太刻意了。
1326,第一幕·场景4,a1s4,19,,,旁白,Its bare and utilitarian design is meant to appear at least somewhat approachable to the common wolf.,皇宫简约而实用的设计至少在普通狼看来比较平易近人。
1327,第一幕·场景4,a1s4,20,,,旁白,"We go about settling in, and Amicus raids the pantry in the kitchen and returns with a bottle of wine and a smaller bottle of what I assume is {i}virdi{/i}.",我们才刚安顿下来，Amicus就席卷了位于厨房的食品贮藏室，带着一瓶葡萄酒跟一小瓶我认为是{b}virdi{/b}的饮料回来了。
1328,第一幕·场景4,a1s4,21,,,旁白,"It's a drink made mostly with the juice of a cucumber-like fruit, and Amicus knows it's my favorite drink on Adastra, though its pink hue tells me that it's a flavor I haven't tried before.",这是我在阿达斯特拉上最喜欢喝的，以一种黄瓜状的水果为主要原料。虽然其粉红的色泽表明这并非是我熟悉的{b}virdi{/b}。
1329,第一幕·场景4,a1s4,22,,,旁白,"We settle on our reclining couches, which I notice are made with gold trim and polished wood.",我们躺在由抛光木料制成，点缀着黄金的躺椅上。
1330,第一幕·场景4,a1s4,23,m,主角(MC),台词,"""Your grandfather, Vitus, right?""","""你的祖父是Vitus，对吧？"""
1331,第一幕·场景4,a1s4,25,,,旁白,Amicus seems to perk up immediately.,Amicus像是来了精神。
1332,第一幕·场景4,a1s4,26,a,Amicus,台词,"""Oh yes, Vitus. You've learned of him?""","""是啊，Vitus，你听说过他？"""
1333,第一幕·场景4,a1s4,27,,,旁白,"I hold back a wince, forgetting that I hadn't told Amicus about how far I'd gotten in {i}Adastra: A History{/i} quite yet.",我犹豫了下，才想起来Amicus还不知道我有多深入{b}《阿达斯特拉：一段历史》{/b}。
1334,第一幕·场景4,a1s4,28,,,旁白,I quickly move on so he doesn't dwell on it.,我决定用一句话带过，免得他多想。
1335,第一幕·场景4,a1s4,29,m,主角(MC),台词,"""Just a little bit. I just remember that he ended up getting rid of most of the expensive stuff owned by the family and gave it to the people, or something.""","""略有耳闻，我只记得他最后把家里大部分昂贵的东西都扔掉、送掉了，之类的。"""
1336,第一幕·场景4,a1s4,31,a,Amicus,台词,"""He did! About a century ago the palace had far more decorations and murals. It was a very important step forward in the imperial family's relationship with the people.""","""没错！皇宫里的装饰品和壁画比一个世纪前可少多了。由此，皇室与百姓的关系向前迈出了重要的一步。"""
1337,第一幕·场景4,a1s4,32,,,旁白,Amicus swigs from his bottle and I do the same from mine.,Amicus痛饮了一大口酒，我也有样学样。
1338,第一幕·场景4,a1s4,33,,,旁白,I can tell that the pinkish color of the liquid is probably from flower petals since the drink has a distinct floral taste about it.,可以判断出液体的粉红色来自于花瓣，因为这味道明显是花香。
1339,第一幕·场景4,a1s4,34,,,旁白,"Even though it makes me think of walking through a perfume cloud with my mouth open, the chilled drink is still refreshing... as long as that imagery isn't in my mind.",让人联想到张着嘴走在香水云里，不过喝起来倒也清爽宜人...只要我不去想那个画面。
1340,第一幕·场景4,a1s4,35,m,主角(MC),台词,"""Well, I guess I would have thought that might be the case for the villas too, especially in a region as poor as Lux. They don't have much wealth here, right?""","""我想这也适用于庄园，尤其是在卢克斯这样贫穷的地区，不是吗？"""
1341,第一幕·场景4,a1s4,37,a,Amicus,台词,"""Well, the mines and factories are prosperous enough. The issue is how the wealth is then distributed to the people.""","""这个嘛，他们有兴旺的采矿业和制造业，问题出在财富的分配上。"""
1342,第一幕·场景4,a1s4,39,a,Amicus,台词,"""Unfortunately, the people of Lux seem intent on voting for the most extreme politicians, who then tend to be the most corrupt. It's a self-inflicted misery, unfortunately.""","""不幸的是，卢克斯的人民倾向于把选票投给最极端的政客，而那些人往往也是最腐败的，这就是所谓的自酿苦果吧。"""
1343,第一幕·场景4,a1s4,40,m,主角(MC),台词,"""Uh...""","""唔..."""
1344,第一幕·场景4,a1s4,41,,,旁白,"I instinctively blanch at his reasoning, but I don't want to get into another argument.",我本能地不看好他的推理，但我不想和他争辩。
1345,第一幕·场景4,a1s4,42,,,旁白,"Amicus had seen my reaction well enough, though.",然而，Amicus对我的反应了如指掌。
1346,第一幕·场景4,a1s4,44,a,Amicus,台词,"""I should not have to tell you once again that you can speak freely with me, [mc].""","""你不必对我有所隐瞒，这句话我已经说累了，[mc]。"""
1347,第一幕·场景4,a1s4,45,,,旁白,"I know that, but lately I've been feeling more and more like I don't know what I'm talking about.",我明白，但最近我越来越搞不懂自己在说什么了。
1348,第一幕·场景4,a1s4,46,m,主角(MC),台词,"""I know, but I need to remember that Adastra isn't Earth, and sometimes it feels like it isn't my place--""","""我明白，但阿达斯特拉不是地球，这里轮不到我评头论-"""
1349,第一幕·场景4,a1s4,48,a,Amicus,台词,"""But it is. I want a human perspective.""","""轮得到，我想听人类的看法。"""
1350,第一幕·场景4,a1s4,49,m,主角(MC),台词,"""Well, just remember it's only {i}my{/i} perspective.""","""好吧，但记住，这只是我的{b}个人{/b}观点。"""
1351,第一幕·场景4,a1s4,51,a,Amicus,台词,"""Alright.""","""好。"""
1352,第一幕·场景4,a1s4,52,m,主角(MC),台词,"""And I think that when you say it's 'self-inflicted', it feels like you're just blaming them for a situation that isn't really their fault.""","""你的‘自酿苦果’在我听来只是在责怪人民，却忽略了这并非他们的错。"""
1353,第一幕·场景4,a1s4,54,a,Amicus,台词,"""Yes, I understand that, but what I said is mostly out of frustration. It's difficult to sway these people and at times I'm at a loss for what to do about the Lux problem.""","""可以理解，但其实我更多是在抱怨。这里的人太顽固了，有时候，我是真的对卢克斯的问题束手无策。"""
1354,第一幕·场景4,a1s4,55,m,主角(MC),台词,"""Well, make sure you stop calling it the 'Lux problem', first of all.""","""首先，别再管这叫‘卢克斯的问题’了。"""
1355,第一幕·场景4,a1s4,57,a,Amicus,台词,"""I'd never say that out loud to anyone else, of course.""","""放心，我只私下里这样说。"""
1356,第一幕·场景4,a1s4,58,m,主角(MC),台词,"""But someone might hear you. We both know there can be ears anywhere.""","""但隔墙有耳。要知道，窃听者可能无孔不入。"""
1357,第一幕·场景4,a1s4,60,a,Amicus,台词,"""I suppose you're right. But that doesn't fix the actual issue.""","""也许吧，但一个叫法改变不了什么。"""
1358,第一幕·场景4,a1s4,61,m,主角(MC),台词,"""Have you tried building a better relationship with Lux?""","""你试过改善与卢克斯的关系吗？"""
1359,第一幕·场景4,a1s4,62,a,Amicus,台词,"""Of course! But like I said, the funds we send them end up in pockets that we cannot trace. Attempts to regulate or even withhold funds end in riots.""","""当然了！但正如我说的那样，拨给他们的资金最终流进了看不见的腰包，管控乃至扣押的手段都以暴乱告终了。"""
1360,第一幕·场景4,a1s4,63,a,Amicus,台词,"""Attempts to purge unqualified politicians from the ballots end in riots. Really, any attempts to make Lux resemble a civilized Adastran city end in riots that do not end until Adastra gives in to their demands.""","""清洗不合格政客的尝试也以暴乱告终。说实话吧，任何让卢克斯成为文明城市的企图都会以暴乱告终，直到阿达斯特拉屈服于他们的要求。"""
1361,第一幕·场景4,a1s4,65,a,Amicus,台词,"""Tell me, what the hell am I supposed to do to make them understand that Adastra simply wants what is best for them?""","""天啊，我到底该怎么做，才能让他们明白阿达斯特拉是为了他们好呢？"""
1362,第一幕·场景4,a1s4,66,,,旁白,"Amicus's frustration is palpable, but despite his annoyed and growling tone, I know it's not directed at me.",Amicus的沮丧可想而知。尽管他丝毫不掩饰自己的懊恼与怒音，但我知道这并不是在针对我。
1363,第一幕·场景4,a1s4,67,,,旁白,"Another reason I don't feel qualified to judge or tell him what to do is because I know he spends most of his time thinking about things that I can only chime in on, which I imagine is a bit irritating.",我之所以不想评判或给出建议，还有一个原因，那就是大部分政务我也只能动动嘴皮子，也许是我不耐烦了吧。
1364,第一幕·场景4,a1s4,68,,,旁白,"But he seems to be genuinely seeking my advice, so I try to.",但他似乎真的在征求我的意见，那我就试试看好了。
1365,第一幕·场景4,a1s4,69,m,主角(MC),台词,"""From what I understand, a lot of the problems in Lux come from its isolation, right?""","""据我所知，卢克斯的不少问题均来自于它的孤立，对不对？"""
1366,第一幕·场景4,a1s4,71,a,Amicus,台词,"""I would say so, yes.""","""我不否认。"""
1367,第一幕·场景4,a1s4,72,m,主角(MC),台词,"""Oh, and I think a few centuries back an emperor tried to, uh, 'calm the rebellious spirit of Luxians' by importing large amounts of hard liqour into the city... which I can't imagine had a good effect on the people.""","""记得几个世纪前，有一位皇帝曾试图通过向城市输入大量烈酒，以抚平卢克斯人的叛逆精神...很难想象这会起到什么积极作用。"""
1368,第一幕·场景4,a1s4,74,a,Amicus,台词,"""I... do not recall that policy? Did Com tell you that?""","""我...不记得有这个政策？是Com教你的吗？"""
1369,第一幕·场景4,a1s4,75,,,旁白,I remember that I need to tell Amicus that I'm using Khemian records to get a better context for Adastran history.,我有必要告诉Amicus，为了更全面地了解阿达斯特拉史，我参考了克希米亚的版本。
1370,第一幕·场景4,a1s4,76,,,旁白,"Just not right now, with all this other crap going on.",但不是现在，乱七八糟的事已经够多了。
1371,第一幕·场景4,a1s4,77,m,主角(MC),台词,"""I think so. Either way, maybe you can try to address those problems? How do you usually get from one city to another?""","""好像是。总之，也许你可以着手解决一下这些问题？你一般怎么去另一个城市？"""
1372,第一幕·场景4,a1s4,78,a,Amicus,台词,"""Er, well, through flight, of course.""","""呃，当然是全程坐飞行器了。"""
1373,第一幕·场景4,a1s4,79,m,主角(MC),台词,"""Can a Luxian afford that?""","""卢克斯人坐得起吗？"""
1374,第一幕·场景4,a1s4,80,a,Amicus,台词,"""No, most can not. Most travel is done by automated chariots.""","""很少，这里的主流出行方式是自动马车。"
1375,第一幕·场景4,a1s4,81,a,Amicus,台词,"""Though from Lux, I believe you must travel on foot out of the mountains first.""","""尽管如此，我想他们也得先徒步走出山区。"""
1376,第一幕·场景4,a1s4,82,,,旁白,I frown.,我皱起眉头。
1377,第一幕·场景4,a1s4,83,m,主角(MC),台词,"""Aren't the chariots really slow?""","""马车不会太慢了吗？"""
1378,第一幕·场景4,a1s4,85,a,Amicus,台词,"""Well, they're twice that of walking speed, thus it would take about two weeks to travel from here to Adastra city. So not terrible.""","""唔，还好吧，从这里到阿达斯特拉城大约需要两周时间，比步行快一倍呢。"""
1379,第一幕·场景4,a1s4,86,m,主角(MC),台词,"""How do they transport all the raw materials from the mining, or the goods from the factories?""","""那他们如何运输矿上的原材料跟货物？"""
1380,第一幕·场景4,a1s4,88,a,Amicus,台词,"""Those are moved by foot and chariot to a major river, then placed on boats.""","""先通过人力和马车运到一条主要河流，再送上船。"""
1381,第一幕·场景4,a1s4,89,m,主角(MC),台词,"""Do people travel on the boats?""","""人们能乘船旅行吗？"""
1382,第一幕·场景4,a1s4,91,a,Amicus,台词,"""No, the boats are only for the transportation of goods and resources, and the river only connects to Tricelli. They refine the resources and distribute the goods to other cities. What are you going on about, anyway?""","""不，那些船只用来运输货物和资源，河也只通往特里切利。那里的人会对资源进行提纯，还有将货物配送到其他城市。话说，你问这些做什么？"""
1383,第一幕·场景4,a1s4,92,m,主角(MC),台词,"""I'm trying to figure out how people get around on Adastra. From what I can tell, the main problem here is how isolated it is. On Earth, if a state wants to unify its people, it connects its people.""","""我想知道阿达斯特拉人的出行方式。在我看来，孤立是这里的根本问题。在我们地球，如果一个国家想要统一，就必须先联系起它的人民。"""
1384,第一幕·场景4,a1s4,93,m,主角(MC),台词,"""That's usually done through roads, trains, aircraft: you know, general public transport. It sounds like Adastra doesn't really have that.""","""比如公路、火车，飞机等公共交通，但阿达斯特拉貌似都不具备。"""
1385,第一幕·场景4,a1s4,95,a,Amicus,台词,"""Ah, yes, well, we already have the roads and they've served us well for thousands of years.""","""这，呃，我们有公路呀，它们为我们服务了数千年。"""
1386,第一幕·场景4,a1s4,96,m,主角(MC),台词,"""And they only serve slow chariots. I'm not sure how the parents work, or if maybe you can ask Khemia for help, but high-speed transportation for the general public would probably be my first step.""","""但仅限慢车。我不清楚Parents的打算，也许你可以去问克米扬。至于我，我可能会把为公众提供高速交通作为第一步。"""
1387,第一幕·场景4,a1s4,98,a,Amicus,台词,"""Hmm.""","""嗯..."""
1388,第一幕·场景4,a1s4,99,,,旁白,Amicus stares at me and I shake my head.,在Amicus的注视下，我摇了摇头。
1389,第一幕·场景4,a1s4,100,m,主角(MC),台词,"""Sorry, I don't know much about what's possible, so I probably sound crazy right now.""","""抱歉，听起来很没逻辑吧，我只是纸上谈兵罢了。"""
1390,第一幕·场景4,a1s4,101,a,Amicus,台词,"""Well, it's certainly not an easy or quick proposition, but it's something that can be looked into. I appreciate the idea, though one of the reasons we've never pursued a better connection with Lux is because its people do not seem to want one.""","""这当然不是个简单的命题，但可以被攻破。我很欣赏你的想法，虽然我们之所以没有建立更加良好的外交关系，原因之一是这似乎有悖这里的民意。"""
1391,第一幕·场景4,a1s4,102,m,主角(MC),台词,"""Well, maybe it's {i}because{/i} they feel so isolated, like they're not part of Adastra. Over time, that could change.""","""也许是{b}因为{/b}他们感到孤单，觉得自己不是阿达斯特拉的一份子呢。不过随着时间的推移，这种状况会好转的。"""
1392,第一幕·场景4,a1s4,104,a,Amicus,台词,"""I suppose that could be the case. I'll ask some of the others about it.""","""希望如此，我会去请教其他人的。"""
1393,第一幕·场景4,a1s4,105,m,主角(MC),台词,"""Maybe we could ask Magis, since he's coming with us now?""","""可以问问Magis，他不是要跟我们同行吗？"""
1394,第一幕·场景4,a1s4,107,,,旁白,"Amicus shifts, looking a bit embarrassed at the mention of the other wolf, and I feel bad bringing him up.",听到那只狼的名字，Amicus扭了扭身子，显得有点窘迫，我也不免有些自责。
1395,第一幕·场景4,a1s4,108,a,Amicus,台词,"""Yes, that will likely be necessary.""","""是啊，有这个必要。"""
1396,第一幕·场景4,a1s4,110,,,旁白,"I'm tired of talking politics, and Amicus seems to just be tired, so I get up and join him on his own couch, and he sets aside his wine to hold me close to him.",政治上的讨论令我感到厌倦，Amicus好像也累了。于是我站起来，坐在他的长椅上。他见状把酒放在一旁，将我搂入怀中。
1397,第一幕·场景4,a1s4,111,,,旁白,"I feel the hardness of his cape's clasp against my head, and I help him pull the red fabric over his head, careful to set aside his golden crown first.",他斗篷上的环扣刚好抵住我的头，于是我小心地摘下他的金桂冠，再帮他把那块红色的布料拽过头顶。
1398,第一幕·场景4,a1s4,112,,,旁白,"It's slightly bent out of shape, I assume from the fight, but I don't mention it as he pulls me back in against his body.",皇冠有少许变形，大概是因为比赛吧。但我并没有提及，只是顺从地由他把我拉了回去。
1399,第一幕·场景4,a1s4,114,,,旁白,"I begin to gently rub his chest and stomach, running my hands over his thick pecs and down his padded stomach, which I'm sure is still aching.",我开始抚摸他厚实的胸肌，在他鼓鼓的肚子上轻柔地揉搓-他肯定还在痛。
1400,第一幕·场景4,a1s4,115,,,旁白,"We're both already falling asleep, so I give him a light version of my usual rubdown.",鉴于我们都困得不行了，我只给他做了个轻量版的按摩。
1401,第一幕·场景4,a1s4,116,,,旁白,"I listen to his breathing and notice his pants crotch bulging just slightly, but I can tell he's too tired for any serious action tonight.",我聆听着他的呼吸声，留意到了他微微鼓起的裤裆，但看得出来，他已经累得拿不出什么实际行动了。
1402,第一幕·场景4,a1s4,118,a,Amicus,台词,"""Thank you for speaking candidly with me, [mc]. You always have fantastic insight.""","""感谢你的肺腑之言，[mc]，你的见解总是很独到。"""
1403,第一幕·场景4,a1s4,119,m,主角(MC),台词,"""Thanks. You're doing a fantastic job as an emperor.""","""谢谢，你也是一位出色的皇帝。"""
1404,第一幕·场景4,a1s4,122,,,旁白,Amicus looks at me in a way that tells me that made him a bit emotional.,Amicus含情脉脉地注视着我。
1405,第一幕·场景4,a1s4,123,,,旁白,"I rub my head against his chest and before long, we're both drifting off to sleep...",我用头磨蹭他的胸口，没过多久，我们便一同进入了梦乡...
1406,第一幕·场景4,a1s4,127,,,旁白,"Amicus dreams heavily that night, several different scenes flashing through his mind.",Amicus那晚做了很多梦，许多不同的场景从他的脑海中闪过。
1407,第一幕·场景4,a1s4,128,,,旁白,"One in which his father chides him for his loss against Magis, another in which Virginia is berating him for failing to unify Adastra, and finally one where [mc] stands in a large, cavernous room filled with other humans.",在其中一个梦里，他的父亲责怪他输给了Magis。而另一个梦中，Virginia怒斥他没能统一阿达斯特拉。至于最后，则是[mc]站在一个挤满了人类的巨大房间里。
1408,第一幕·场景4,a1s4,129,,,旁白,"Amicus can tell that [mc] is distressed, looking unsure, hesitant, and Amicus wants to help him, but he's not able to speak because he isn't there.",Amicus看得出[mc]十分苦恼，不知所措。他想要帮助他，然而他说不出话来，因为他只是一名看客。
1409,第一幕·场景4,a1s4,130,,,旁白,"These dreams are typical, but the last one transitions into something that isn't a dream, something that Amicus is becoming more familiar with as the Parents exert their influence more and more.",有别于之前那些典型的梦，随着Parents施加的影响越来越深，这个似梦非梦的东西在Amicus眼中愈发清晰。
1410,第一幕·场景4,a1s4,132,,,旁白,And it's about [mc].,是关于[mc]的。
1411,第一幕·场景4,a1s4,135,,,旁白,"Amicus startles awake, looking down to confirm [mc] is there with him, feeling immense relief when he does.",Amicus猛然惊醒，他赶忙低头去找[mc]，在确认了对方的存在后，他感到莫大的宽慰。
1412,第一幕·场景4,a1s4,136,,,旁白,Then he hears what awoke him.,接着，他才听见唤醒自己的声音。
1413,第一幕·场景4,a1s4,138,,,旁白,A knocking sound on the door.,一阵敲门声。
1414,第一幕·场景4,a1s4,139,,,旁白,"Amicus pauses, then whispers at the ceiling.",Amicus先是愣了下，然后对着天花板悄声唤道：
1415,第一幕·场景4,a1s4,140,a,Amicus,台词,"""Com?""","""Com？"""
1416,第一幕·场景4,a1s4,141,com,Computer,台词,"""Yes, Amicus?""","""什么事，Amicus？"""
1417,第一幕·场景4,a1s4,142,,,旁白,"Com whispers back, leaving Amicus grateful that amongst the expensive décor, they'd also installed a PA system.",听到Com窃窃的回答，Amicus庆幸这富丽堂皇的装饰中还包括了广播系统。
1418,第一幕·场景4,a1s4,143,a,Amicus,台词,"""Who is at the door?""","""门外是谁？"""
1419,第一幕·场景4,a1s4,144,,,旁白,Amicus is careful to keep his voice low as [mc] shifts around against his body.,注意到[mc]动了动身体，Amicus把声音压得更低了。
1420,第一幕·场景4,a1s4,145,,,旁白,"Though he's mostly adjusted to Adastran hours, [mc] still sleeps a bit longer than the average wolf, and Amicus has to assume it's because humans need it.",虽然[mc]基本适应了阿达斯特拉的作息，但他的睡眠时间还是比狼要长一些，Amicus不得不假设这是人类的生理需要。
1421,第一幕·场景4,a1s4,146,com,Computer,台词,"""The Pharaoh's second son, Neferu, and the Khemian ambassador to Adastra, Brunis.""","""是法老的次子Neferu，以及克希米亚驻阿达斯特拉大使Brunis。"""
1422,第一幕·场景4,a1s4,148,,,旁白,"Amicus feels slightly annoyed, then moderately annoyed as the knocking sounds again, this time a bit louder, making [mc] stir once more.",敲门声再度响起，用更大的动静惊扰了[mc]的安眠，这令本就有些不爽的Amicus甚是恼火。
1423,第一幕·场景4,a1s4,149,,,旁白,"Gently, Amicus removes himself from the couch, keeping the human propped up before slowly laying him back against the cushions.",Amicus扶着人类，让他慢慢躺平，然后才小心地从长椅上站起来。
1424,第一幕·场景4,a1s4,150,,,旁白,"Deciding to forgo his cape and crown for now, the wolf strides to the front door of the estate, pulling it open quickly.",狼决定暂时放弃自己的斗篷和皇冠，他大步走上前，一把拉开门。
1425,第一幕·场景4,a1s4,153,,,旁白,The rush of frigid air almost takes Amicus's breath away after spending so much time in the climate-controlled villa.,在习惯了这座恒温别墅后，突然袭来的寒气让Amicus几乎窒息。
1426,第一幕·场景4,a1s4,157,,,旁白,Amicus can tell immediately that something bad has happened just by looking at Neferu's face.,Amicus瞥了眼Neferu的表情，立马就知道情况不妙。
1427,第一幕·场景4,a1s4,158,,,旁白,"Despite his initial annoyance, Amicus feels a prickle of worry that it could have something to do with the delegation.",担忧取代了最初的恼火，Amicus担心这与代表团有关。
1428,第一幕·场景4,a1s4,159,a,Amicus,台词,"""What happened?""","""出什么事了？"""
1429,第一幕·场景4,a1s4,160,,,旁白,"Neferu stays quiet, on the verge of pouting.",Neferu不说话，只是愤怒地噘着嘴。
1430,第一幕·场景4,a1s4,161,,,旁白,Amicus has never seen the jackal sulk in such a way.,Amicus从未见过胡狼如此闷闷不乐。
1431,第一幕·场景4,a1s4,162,,,旁白,"It's Brunis who finally speaks for him, when it's clear that Neferu isn't going to.",显然，Neferu没有开口的打算，于是Brunis出面解释道：
1432,第一幕·场景4,a1s4,164,br,Brunis,台词,"""Well, we were just out gettin' breakfast when we were, uh, harrassed, I guess.""","""我们不是刚出去吃早饭嘛，然后就被，呃，骚扰了。"""
1433,第一幕·场景4,a1s4,165,,,旁白,Amicus clenches his jaw tightly for just a second.,Amicus紧咬着下巴。
1434,第一幕·场景4,a1s4,166,a,Amicus,台词,"""And?""","""之后呢？"""
1435,第一幕·场景4,a1s4,168,br,Brunis,台词,"""Well, they started peltin' Neferu here with... I dunno, fruit, or vegetables or somethin'--""","""他们开始用...水果或蔬菜之类的东西扔Neferu..."""
1436,第一幕·场景4,a1s4,169,,,旁白,Amicus bites his tongue to hold back from cursing.,Amicus必须极力忍耐，才不至于破口大骂。
1437,第一幕·场景4,a1s4,170,a,Amicus,台词,"""What about the curfew?""","""不是有宵禁吗？"""
1438,第一幕·场景4,a1s4,171,br,Brunis,台词,"""It came from the windows. We went back to our flat, but then some of them did start start comin' out and formed a crowd at our door, demandin' we hand over Neferu.""","""他们隔着窗户扔的。我们好不容易回到公寓，结果被一群人堵了门，要求我们交出Neferu。"""
1439,第一幕·场景4,a1s4,172,,,旁白,"Amicus closes his eyes, leaning against the doorframe, easily able to picture the scene.",Amicus靠在门框上，闭上眼，不难想象当时的场景。
1440,第一幕·场景4,a1s4,174,br,Brunis,台词,"""Drones came in and stunned most of them, then we were told it'd be best for Neferu not to stay in the city.""","""无人机赶来救了场，并告知Neferu最好不要留在城里。"""
1441,第一幕·场景4,a1s4,175,a,Amicus,台词,"""Dammit!""","""妈的！"""
1442,第一幕·场景4,a1s4,176,,,旁白,"Amicus squeezes his eyes shut, hoping that somehow, word hasn't spread of the incident.",Amicus双眼紧闭，只希望这件事还没传播出去。
1443,第一幕·场景4,a1s4,178,n,Neferu,台词,"""Do not worry yourself. They seemed satisfied enough when I was escorted from the city. There were no further issues, from what I was able to tell.""","""别担心，他们似乎很满意我被护送出城这一结果。除此之外，一切都好。"""
1444,第一幕·场景4,a1s4,180,br,Brunis,台词,"""Yeah, it was real isolated. Wasn't enough to get a big crowd goin'.""","""是的，这只是个别现象，不必大张旗鼓。"""
1445,第一幕·场景4,a1s4,181,,,旁白,"Still, Amicus knows the optics are not good.",但Amicus不这样认为。
1446,第一幕·场景4,a1s4,182,,,旁白,"Amicus turns his attention to Neferu, seeing that the jackal is trembling ever so slightly under his tensed up muscles.",他把注意力转向Neferu，能够看到胡狼的肌肉因紧张而微微颤抖。
1447,第一幕·场景4,a1s4,183,a,Amicus,台词,"""Are you injured?""","""你没受伤吧？"""
1448,第一幕·场景4,a1s4,185,n,Neferu,台词,"""No.""","""没有。"""
1449,第一幕·场景4,a1s4,186,br,Brunis,台词,"""I mean, they nailed you pretty good on the head a few times. Even if it was just rotten fruit--""","""可他们好几次正中了你的头啊，即便只是腐烂的水果-"""
1450,第一幕·场景4,a1s4,188,n,Neferu,台词,"""I am fine.""","""我很好。"""
1451,第一幕·场景4,a1s4,189,,,旁白,"Neferu's tone is flat but slightly dark, and Amicus can tell that the jackal would like not to be visible at the moment.",Neferu故作轻松地回答，却又难掩其中的失落。Amicus明白，这只胡狼暂时不想惹人注目。
1452,第一幕·场景4,a1s4,190,,,旁白,The wolf knows the feeling quite well himself.,狼自己也很清楚这种感觉。
1453,第一幕·场景4,a1s4,191,a,Amicus,台词,"""Alright, well, you are welcome to stay here. There's a spare room toward the back of the villa. What about you, Brunis?""","""好吧，庄园里刚好有间空房，欢迎你留下。你要怎么办，Brunis？"""
1454,第一幕·场景4,a1s4,193,br,Brunis,台词,"""Eh, I'll probably be sharin' that room with Nef, but I'll go back first and get our stuff.""","""唔，我跟Nef睡一间好了。不过在此之前，我得先回去拿行李。"""
1455,第一幕·场景4,a1s4,194,a,Amicus,台词,"""Is that safe?""","""安全吗？"""
1456,第一幕·场景4,a1s4,196,br,Brunis,台词,"""Bjarni is getting it, but I'll meet him halfway since he wants to know a bit more about what happened.""","""Bjarni已经赶过去了。我们约好路上碰头，因为他想知道更多细节。"""
1457,第一幕·场景4,a1s4,197,,,旁白,It's quite clear to Amicus that Brunis wants to give Neferu time alone to sulk.,很明显，Brunis想给Neferu一个人生闷气的时间。
1458,第一幕·场景4,a1s4,198,a,Amicus,台词,"""Well, alright. Let me know if any other issues arise and I shall deal with them.""","""那好吧。如果出现其他问题，请告诉我，由我来处理。"""
1459,第一幕·场景4,a1s4,200,br,Brunis,台词,"""Of course, Your Majesty.""","""遵命，陛下。"""
1460,第一幕·场景4,a1s4,202,,,旁白,"Brunis bows as be backs away, muttering a ""See ya later, Nef"", as he does.",Brunis弯腰行礼，并在临走前喃喃说了句：“一会儿见，Nef。”
1461,第一幕·场景4,a1s4,204,n,Neferu,台词,"""Yes, see ya.""","""嗯，一会儿见。"""
1462,第一幕·场景4,a1s4,205,,,旁白,"Amicus stands before Neferu, the jackal's stiff posture making even the wolf feel awkward.",Amicus站在Neferu面前，胡狼僵硬的姿势让狼也甚是不安。
1463,第一幕·场景4,a1s4,206,,,旁白,"While there are many things about Neferu that irritate Amicus, he at least can admit that the Khemian has a knack for making things not-awkward.",虽然Neferu有很多地方让Amicus看不顺眼，但至少有一点他可以承认：克米扬的确擅长打圆场。
1464,第一幕·场景4,a1s4,207,,,旁白,It's slightly unsettling.,这下气氛真的有点尴尬了。
1465,第一幕·场景4,a1s4,208,,,旁白,"Amicus clears his throat and steps aside, indicating Neferu should enter.",Amicus清了清喉咙，走到一边，以示Neferu进屋。
1466,第一幕·场景4,a1s4,212,a,Amicus,台词,"""So... do you wish to speak more on the matter?""","""所以...你想就此事多聊几句吗？"""
1467,第一幕·场景4,a1s4,214,n,Neferu,台词,"""No.""","""不想。"""
1468,第一幕·场景4,a1s4,215,a,Amicus,台词,"""Well, the room is right over there.""","""嗯，房间在那边。"""
1469,第一幕·场景4,a1s4,216,,,旁白,Amicus gestures at a doorway visible from the villa entrance.,Amicus指向一道门。
1470,第一幕·场景4,a1s4,217,n,Neferu,台词,"""Thank you. Apologies again for bringing complications to--""","""感谢。造成的不便，我深感歉-"""
1471,第一幕·场景4,a1s4,218,a,Amicus,台词,"""Nevermind that. Go get settled.""","""别客气了，好好休息。"""
1472,第一幕·场景4,a1s4,220,n,Neferu,台词,"""Why of course, Your Majesty.""","""承您吉言，陛下。"""
1473,第一幕·场景4,a1s4,221,,,旁白,Neferu's voice is slightly mocking in response to Amicus's more commanding tone.,Neferu以略带嘲讽的声音回答了Amicus命令性的语气。
1474,第一幕·场景4,a1s4,222,,,旁白,"The return of Neferu's irritating, cheeky nature, brief as it may be, is enough to put Amicus at ease, that whatever happened, Neferu will get over it.",虽然只有一瞬间，但Neferu重新展露出了他那令人气恼、厚颜无耻的本性，这让Amicus松了口气。无论发生什么，Neferu总能一笑置之。
1475,第一幕·场景4,a1s4,223,,,旁白,Now he just has to worry about whether or not Lux will get over it.,现在，他只需要担心卢克斯能否一笑置之了。
1476,第一幕·场景4,a1s4,224,a,Amicus,台词,"""Well, you'll have the place to yourself for the morning. [mc] and I are going out.""","""你可以独自享受这个上午，我和[mc]要出去。"""
1477,第一幕·场景4,a1s4,226,n,Neferu,台词,"""Not into the city, I assume?""","""我猜不是去城里吧？"""
1478,第一幕·场景4,a1s4,227,a,Amicus,台词,"""Of course not, especially after what happened. It's a private outing.""","""当然不是，更别提还出了那种状况。这是一次私人出游。"""
1479,第一幕·场景4,a1s4,229,n,Neferu,台词,"""Enjoy yourselves, then.""","""那么，祝二位玩得开心。"""
1480,第一幕·场景4,a1s4,230,,,旁白,"Amicus watches the jackal go, letting out a long exhale of breath, which reflects his feeling of being deflated.",Amicus目视胡狼离开，仿佛泄了气般长叹一声。
1481,第一幕·场景4,a1s4,231,,,旁白,"Sapients like Neferu, the ones that rarely admit to what they are feeling, to what they are thinking, are frustrating to the wolf.",Neferu这类智慧生物很少坦诚自己的内心，这令狼很沮丧。
1482,第一幕·场景4,a1s4,232,,,旁白,So much for Khemian bluntness.,克米扬的直率到此为止了吗？
1483,第一幕·场景4,a1s4,233,,,旁白,"While he tolerates Neferu's behavior in Adastra City, or at least is only mildly annoyed by it, it's a different issue out in these less civilized population centers.",虽然他能够容忍Neferu在阿达斯特拉城的种种行为，至少不会特别生气，但在这个文化水平不高的人口中心就是另一回事了。
1484,第一幕·场景4,a1s4,234,,,旁白,"The wolf feels his insides turn with anxiety, wishing he'd prepared better for this mission.",狼满心焦虑，后悔这次任务考虑不周。
1485,第一幕·场景4,a1s4,235,,,旁白,"He rubs his stomach, still sore from yesterday's pugnu match.",他揉了揉仍在酸痛的肚子。
1486,第一幕·场景4,a1s4,237,,,旁白,He'd have to call a meeting later today so that he can start keeping tabs on everyone.,他必须在今天晚些时候召开一次会议，以便密切关注所有人。
1487,第一幕·场景4,a1s4,238,,,旁白,"For now, he needs to take [mc] to the hot springs like he promised.",至于现在，他要信守承诺，带[mc]去温泉。
1488,第一幕·场景4,a1s4,241,,,旁白,I hold onto Amicus's paw as we make our way up the side of a mountain.,在上山途中，我始终握着Amicus的爪子。
1489,第一幕·场景4,a1s4,243,,,旁白,And I thought I was underprepared yesterday.,并抱怨昨天的准备不够充分。
1490,第一幕·场景4,a1s4,244,,,旁白,"My sandles threaten to slip with every step, and after I stub my toe on one of the rocks, Amicus just picks me up.",穿着凉鞋，我每走一步都有滑倒的危险。终于，在又一次被岩石硌到脚趾后，Amicus把我抱了起来。
1491,第一幕·场景4,a1s4,245,,,旁白,"I don't mind at all, especially since no one's around to see it.",我一点也不介意，更何况附近又没人。
1492,第一幕·场景4,a1s4,247,a,Amicus,台词,"""How do you humans get around? Is Earth a perfect sphere with no geological features?""","""你们人类是怎么旅行的？难道地球是一个没有地质特征的完美球体吗？"""
1493,第一幕·场景4,a1s4,248,m,主角(MC),台词,"""Well...""","""唔..."""
1494,第一幕·场景4,a1s4,249,,,旁白,I keep my arms wrapped firmly around Amicus's neck as he piggybacks me up the rugged and uneven climb.,我紧紧搂住Amicus的脖子，让他背着我爬上崎岖不平的山坡。
1495,第一幕·场景4,a1s4,250,m,主角(MC),台词,"""If I were dressed the right way with the right kind of shoes, this would be less of a problem.""","""主要是因为我没有合适的衣服跟鞋子。"""
1496,第一幕·场景4,a1s4,252,a,Amicus,台词,"""Well, I hope you bring all of those things with you when you return.""","""这样啊，那希望你回来的时候把东西都带齐了。"""
1497,第一幕·场景4,a1s4,253,m,主角(MC),台词,"""I'll make a mental note to do that.""","""我会记在心里的。"""
1498,第一幕·场景4,a1s4,254,,,旁白,"While the Khemian drone continues to keep me warm, Amicus's warmth is much more welcoming, and I press my face against the back of his neck.",比起克希米亚的无人机，还是Amicus更加温暖。我把脸贴在他的背脊上，感受着那宜人的热度。
1499,第一幕·场景4,a1s4,255,,,旁白,"The wolf trudges along in the foggy silence for a while, and I'm just content to lose myself in the hypnotic bouncing.",狼于朦胧的寂静中跋涉，我则完全沉沦在了睡意中。
1500,第一幕·场景4,a1s4,256,,,旁白,"After a while, I start to recognize the sulfuric smell that reminds me of the baths back at the palace.",又过了一会儿，我隐约闻见硫磺的味道，这让我想起了皇宫里的浴场。
1501,第一幕·场景4,a1s4,258,a,Amicus,台词,"""Shouldn't be long now. The hot springs are the main draw for tourism in this region. Most artificial baths are modeled after the composition of Luxian springs.""","""应该快到了。温泉是当地旅游业的一大支柱，不少人工浴场都参考了卢克斯的泉水成分。"""
1502,第一幕·场景4,a1s4,260,a,Amicus,台词,"""It's healing for the body, and the mind.""","""滋养身体的同时还能治愈你的心。"""
1503,第一幕·场景4,a1s4,261,m,主角(MC),台词,"""Mmh, well, I can't wait.""","""真是让人迫不及待呢。"""
1504,第一幕·场景4,a1s4,262,,,旁白,"I've never really believed in the supposed ability of Adastran mineral water to heal physical ailments, but I can't argue with the mental part.",我从来就不信阿达斯特拉的泉水有疗伤的功效，至于心的部分，我不置可否。
1505,第一幕·场景4,a1s4,263,,,旁白,"After Amicus told me about what happened to Neferu, I wanted to invite him to go with us... but I didn't that think either of my canine friends would have wanted that.",从Amicus那里获悉Neferu的遭遇后，我本想邀请他和我们一起...但恐怕我的两位狗狗朋友都不会高兴的吧。
1506,第一幕·场景4,a1s4,265,,,旁白,"Soon enough, I start to see clouds of steam and, eventually, the pathway leads to a scenic outlook, one with a crystal-clear spring right in the middle of it.",很快，我的视野里便充满了一团团蒸汽。路的尽头是一道秀丽的风景，中间嵌着一汪如石英般清澈见底的温泉。
1507,第一幕·场景4,a1s4,268,a,Amicus,台词,"""Oh look, they even prepared our towels.""","""看呐，他们连毛巾都准备好了。"""
1508,第一幕·场景4,a1s4,269,,,旁白,"He gestures at a bucket with towels beside it, and I even spot a few bottles stood up by the edge.",他指了指一旁放着毛巾的水桶，我甚至看到边上立着几瓶酒。
1509,第一幕·场景4,a1s4,270,,,旁白,"There's a giddiness in the wolf's voice that I haven't heard in a good while, and I smile at Amicus's pup-like excitement.",好久没听到Amicus小狗般激动的叫声了，我不禁微微一笑。
1510,第一幕·场景4,a1s4,271,,,旁白,Amicus sets me down on the stony ground and begins to strip off his clothes.,Amicus把我放在石头地上，并开始脱衣服。
1511,第一幕·场景4,a1s4,272,,,旁白,"I do the same, though not quite at the same frantic pace.",我也一样，尽管赶不上他那望尘莫及的速度。
1512,第一幕·场景4,a1s4,273,,,旁白,I've only removed my robe when Amicus does something else he hasn't done in a while.,我只有在Amicus做一件他很久没有做了的事情时才会脱下长袍。
1513,第一幕·场景4,a1s4,275,,,旁白,"I look up in time to see the wolf leap into the hot spring, seemingly without any care in the world.",我抬起头，只见狼仿佛在这个世界上没有任何牵挂一般，奋不顾身地扎进了温泉。
1514,第一幕·场景4,a1s4,276,,,旁白,"Again, it's nice to see, and to know that Amicus is willing to act this way in front of me means a lot.",很高兴看到Amicus在我面前展露出天真的一面，这对我而言意味着许多。
1515,第一幕·场景4,a1s4,277,,,旁白,I'm the only one.,我是他的唯一。
1516,第一幕·场景4,a1s4,278,,,旁白,"But I'm also a bit worried because I'm not sure he knows if that's really a safe thing to do, especially in a natural spring.",但我也有几分担心他的安全，毕竟这里是露天温泉。
1517,第一幕·场景4,a1s4,279,,,旁白,"The moment unfreezes, a moment that lasted less than a second before he hits the water.",这些想法持续了不到一秒钟，恰如水面被Amicus击碎。
1518,第一幕·场景4,a1s4,282,,,旁白,Amicus comes up quickly.,他很快浮了上来。
1519,第一幕·场景4,a1s4,284,a,Amicus,台词,"""Ahhhhhhh... {i}Edapol{/i}, that's hot!""","""哈——————... {b}Edapol{/b}，好烫！"""
1520,第一幕·场景4,a1s4,285,,,旁白,"His voice is full of pleasure, though.",但他的话音里充满了享受。
1521,第一幕·场景4,a1s4,287,,,旁白,"Amicus reclines against the edge of the spring, laughing in such a relieved, satisfied way that I'm eager to go in myself.",他斜倚在岸边开怀大笑，笑得我心里痒痒的。
1522,第一幕·场景4,a1s4,288,,,旁白,Amicus looks up at me.,Amicus抬头看向我。
1523,第一幕·场景4,a1s4,290,a,Amicus,台词,"""So, are you coming in to join me, [mc]?""","""你不来陪我吗，[mc]？"""
1524,第一幕·场景4,a1s4,291,,,旁白,"I sidle up to the edge of the spring, and Amicus eyes my more cautious approach.",我侧身走到温泉边，把自己的谨慎暴露给了Amicus。
1525,第一幕·场景4,a1s4,292,a,Amicus,台词,"""I recommend the, what do you call it? Cannonball technique? It's a bit hotter than the palace bath.""","""我推荐你用-你管那叫什么来着？炮弹式？这儿的水比浴场要烫一点。"""
1526,第一幕·场景4,a1s4,293,m,主角(MC),台词,"""Okay.""","""行吧。"""
1527,第一幕·场景4,a1s4,294,,,旁白,"I finally set aside my worries, telling myself to just lighten up, though I do look where I'm going to land to make sure there's no rocks poking up.",我好不容易才把悬着心放下来，一边确保落脚的地方没有岩石，一边告诉自己要放松。
1528,第一幕·场景4,a1s4,295,,,旁白,"Then, I jump.",然后，我纵身一跃。
1529,第一幕·场景4,a1s4,298,,,旁白,"He's right about the heat, and for just a moment, I panic a bit, but within seconds, before I even surface, the burn settles into a pleasant warmth that instantly seeps into my muscles.",他是对的。不出几秒钟，在我浮上水面之前，那股灼热就化为了令人愉悦的温暖，渗透进我的肌肤，打消了我的顾虑。
1530,第一幕·场景4,a1s4,300,,,旁白,"When I come back up, the first thing I notice is how little the water stings my eyes.",我冒出头，首先注意到了这水并不刺眼。
1531,第一幕·场景4,a1s4,301,,,旁白,"Not only that, but it feels better.",不仅不刺眼，还很柔和。
1532,第一幕·场景4,a1s4,302,,,旁白,"It might all be in my head, but there's a silky quality to the water, and I can immediately see why this is preferred over the artificial baths.",看这如丝般顺滑的质感，难怪这里比人工浴场受欢迎得多-仅代表个人观点。
1533,第一幕·场景4,a1s4,303,,,旁白,Amicus smiles at me.,Amicus冲我微微一笑。
1534,第一幕·场景4,a1s4,304,a,Amicus,台词,"""Quite pleasant, isn't it?""","""是不是很舒服啊？"""
1535,第一幕·场景4,a1s4,305,m,主角(MC),台词,"""Yeah, it's kind of amazing, actually.""","""嗯，棒极了。"""
1536,第一幕·场景4,a1s4,306,a,Amicus,台词,"""Nothing beats the real thing.""","""仿品再好，也抵不过真货。"""
1537,第一幕·场景4,a1s4,308,a,Amicus,台词,"""Gods, I needed this.""","""呼，我要泡个痛快。"""
1538,第一幕·场景4,a1s4,309,,,旁白,"After seeing the stiff, rigid way he carries himself all the time after becoming emperor, it's nice to see him relax.",看到他终于蜕下僵硬、刻板的皇帝外壳，我很高兴。
1539,第一幕·场景4,a1s4,310,,,旁白,"It makes me a little bit emotional, which catches me by surprise.",然而意外的是，这又让我有点感伤。
1540,第一幕·场景4,a1s4,311,,,旁白,I want Amicus to be at ease all the time.,我希望Amicus能一直开开心心。
1541,第一幕·场景4,a1s4,312,,,旁白,To know that he's always stressed now makes me sad.,但事与愿违，我知道他现在总是压力缠身。
1542,第一幕·场景4,a1s4,314,a,Amicus,台词,"""You alright, love?""","""你还好吧，亲爱的？"""
1543,第一幕·场景4,a1s4,315,m,主角(MC),台词,"""Yeah, yeah, I'm good. This is great.""","""啊，嗯，没事，这温泉真不错。"""
1544,第一幕·场景4,a1s4,316,,,旁白,"Amicus looks at me for a good, long moment, then sighs.",Amicus盯了我很久，之后叹了口气。
1545,第一幕·场景4,a1s4,317,a,Amicus,台词,"""I suppose I should just admit that I came here for my own selfish reasons. I didn't even ask you if you wanted to come.""","""我得承认，我是出于私心才选了这地方，我甚至没有问过你的意见。"""
1546,第一幕·场景4,a1s4,318,m,主角(MC),台词,"""No, no, I'm happy to be here, Amicus, especially with you.""","""不，不，我很满意，Amicus，尤其是和你一起。"""
1547,第一幕·场景4,a1s4,319,a,Amicus,台词,"""I don't want to say that you're hiding something from me, but you looked a bit upset, just now. Is it Neferu?""","""不是说你有事瞒着我，但你刚才好像不太高兴，是因为Neferu吗？"""
1548,第一幕·场景4,a1s4,320,,,旁白,That also catches me by surprise.,我又吃了一惊。
1549,第一幕·场景4,a1s4,321,m,主角(MC),台词,"""Oh, no. I mean, I thought about asking to invite him, but didn't think either of you would care for it.""","""没有啦，其实我是想邀请他的，但估计你们俩都不会喜欢。"""
1550,第一幕·场景4,a1s4,322,a,Amicus,台词,"""Alright.""","""好吧。"""
1551,第一幕·场景4,a1s4,323,,,旁白,"Seeing Amicus's tense demeanor returning, I decide to just tell him.",眼看Amicus再次紧张起来，我决定实话告诉他。
1552,第一幕·场景4,a1s4,324,m,主角(MC),台词,"""Okay, so seeing you so relaxed and happy made me happy, but also kind of sad because you don't look that way very often anymore.""","""唉，看到你这么开心和放松，我既高兴又难过，因为这注定不能长久。"""
1553,第一幕·场景4,a1s4,326,a,Amicus,台词,"""Ah, is that all? Don't worry about me, [mc], it's all part of the job. All things must come to an end, and that includes puphood. I'm happy to indulge in it once in a while, though.""","""诶，就这样吗？别担心，[mc]，板着脸也是工作的一部分。再说包括童年在内，没有什么是永远不会结束的，偶尔重温下我就挺开心啦。"""
1554,第一幕·场景4,a1s4,327,m,主角(MC),台词,"""Are there any natural springs near Adastra City?""","""阿达斯特拉城附近有天然温泉吗？"""
1555,第一幕·场景4,a1s4,329,a,Amicus,台词,"""No, at least none worth your time, anyway.""","""起码不值得特地去泡。"""
1556,第一幕·场景4,a1s4,330,,,旁白,Amicus runs his paw through his fur.,Amicus用爪指摩挲身上的毛。
1557,第一幕·场景4,a1s4,331,a,Amicus,台词,"""I can already feel it nourishing my fur. I'm sure it's the same for you as well.""","""我已经感觉它在滋养我的毛发了，你一定也感觉到了吧。"""
1558,第一幕·场景4,a1s4,332,,,旁白,"I reach up and feel my hair, and it does feel softer, as if I'd just shampooed and conditioned it.",我抬手摸了摸头发，确实更加柔顺，就跟刚刚护理过一样。
1559,第一幕·场景4,a1s4,333,m,主角(MC),台词,"""Huh.""","""嗯。"""
1560,第一幕·场景4,a1s4,334,a,Amicus,台词,"""Like I said, it has healing properties, and well, some say it has an effect on libido as well.""","""相传除了治疗，它还有助于重振雄风喔。"""
1561,第一幕·场景4,a1s4,335,,,旁白,I raise an eyebrow at Amicus.,我对Amicus翘了翘眉。
1562,第一幕·场景4,a1s4,336,m,主角(MC),台词,"""Uh-huh.""","""嗯哼。"""
1563,第一幕·场景4,a1s4,338,a,Amicus,台词,"""Indeed.""","""看来所言不虚呢。"""
1564,第一幕·场景4,a1s4,339,,,旁白,I notice a dark length beginning to rise between Amicus's legs.,我留意到Amicus的两腿间窜出了一根黑黑的棒子。
1565,第一幕·场景4,a1s4,340,,,旁白,I try not to smile at how quickly he's worked himself up.,我尽量不笑话他这么性急。
1566,第一幕·场景4,a1s4,341,,,旁白,"We weren't able to make love last night, after all.",毕竟昨晚没做过嘛。
1567,第一幕·场景4,a1s4,342,a,Amicus,台词,"""Do you know what would really relax me?""","""你知道什么东西能让我真正放松吗？"""
1568,第一幕·场景4,a1s4,343,,,旁白,"I frown, still playing along.",我皱了皱眉。
1569,第一幕·场景4,a1s4,344,m,主角(MC),台词,"""Amicus, if you're gonna say sex, that's not a true statement at all.""","""如果你指的是性的话，那不是实际存在的物品，Amicus。"""
1570,第一幕·场景4,a1s4,345,a,Amicus,台词,"""After the fact, I mean.""","""我是说，事后。"""
1571,第一幕·场景4,a1s4,346,m,主角(MC),台词,"""Well, I know rubbing that body of yours tends to get you relaxed. Maybe I can start with that? I didn't get to really give it to you last night.""","""我知道按摩可以，要不，我帮你把昨晚的份补回来？"""
1572,第一幕·场景4,a1s4,348,,,旁白,That immediately seems to get the wolf going.,狼立刻两眼放光。
1573,第一幕·场景4,a1s4,349,a,Amicus,台词,"""Heh, well, I don't want this to be one-sided.""","""真的吗，希望我不是在自作多情。"""
1574,第一幕·场景4,a1s4,350,m,主角(MC),台词,"""It's not. I love rubbing down your body.""","""怎么会呢，我就喜欢摸你。"""
1575,第一幕·场景4,a1s4,351,a,Amicus,台词,"""And why's that?""","""这又是为什么呢？"""
1576,第一幕·场景4,a1s4,352,,,旁白,"I can tell I'm pushing my wolf's buttons, so I push further.",我又刺激了他一把，谁让我的狼就好这口呢。
1577,第一幕·场景4,a1s4,353,m,主角(MC),台词,"""Because, I like to feel your big, strong body and imagine what you're about to do to me with it.""","""因为我喜欢感受你高大威猛的身体，想象如何被它一步步征服。"""
1578,第一幕·场景4,a1s4,355,a,Amicus,台词,"""Well, why don't you come over here and show me how you like to feel me?""","""既然如此，别在那儿干看着呀？"""
1579,第一幕·场景4,a1s4,356,,,旁白,"Amicus leans back further, exposing his torso to me.",Amicus一个挺身，将他的躯干暴露在我面前。
1580,第一幕·场景4,a1s4,357,,,旁白,"Despite not having been in the mood just minutes ago, I definitely am now, and I slowly start to pull myself away from my end of the spring.",尽管几分钟前我还没这个心情，但现在绝对有了。我开始淌着泉水，慢慢走过去。
1581,第一幕·场景4,a1s4,358,m,主角(MC),台词,"""I wonder how long you'll be able to restrain yourself this time?""","""不知道这次你能忍多久呢？"""
1582,第一幕·场景4,a1s4,359,a,Amicus,台词,"""Let's find ou--""","""咱们拭目-"""
1583,第一幕·场景4,a1s4,360,ma,Magis,台词,"""Good morning!""","""早安啊！"""
1584,第一幕·场景4,a1s4,365,,,旁白,We both jump and Amicus immediately covers up his now-very prominent cock poking out of the water.,我们两个都被吓了一跳，Amicus连忙遮住他那异常醒目的、立于水面的肉棒。
1585,第一幕·场景4,a1s4,367,,,旁白,"I quickly lean back against the ledge, trying to make things look casual, though Amicus's reaction ruined any chance for that.",我也迅速后撤，靠在岩架上，装出一副随和的样子，但Amicus的反应足以说明一切。
1586,第一幕·场景4,a1s4,368,,,旁白,Even I'm a little bit surprised by how violently he covered himself up.,就连我都被他粗暴的掩饰惊到了。
1587,第一幕·场景4,a1s4,369,,,旁白,"I suppose we don't know much about this Magis guy, to be fair.",说实话，我们并不了解这个叫Magis的人。
1588,第一幕·场景4,a1s4,370,,,旁白,Amicus tries to keep his heaving breaths under control as Magis lowers himself in a smaller pool next to ours.,他进了旁边一个较小的温泉，与此同时，Amicus仍试图稳住自己的呼吸。
1589,第一幕·场景4,a1s4,372,ma,Magis,台词,"""Good morning to you as well, [mc]. Sorry if I startled you. I was just soaking in a spring further up the trail.""","""您也早上好，[mc]。抱歉惊扰到二位了，我在这边泡就行。"""
1590,第一幕·场景4,a1s4,373,,,旁白,"Either he didn't notice anything unusual, or he's pretending.",他要么是没看出来，要么是故意装的。
1591,第一幕·场景4,a1s4,374,,,旁白,I feel like it must be the latter.,我猜一定是后者。
1592,第一幕·场景4,a1s4,375,m,主角(MC),台词,"""Oh, no, just a little surprised is all.""","""不不，我们只是有点惊讶。"""
1593,第一幕·场景4,a1s4,377,a,Amicus,台词,"""Yes, we were told the springs would be private for the day.""","""的确，我们被告知今天的温泉不对外开放。"""
1594,第一幕·场景4,a1s4,378,,,旁白,"I want to tell Amicus to be a little more polite considering this man is one of the triumvirs of Lux, and he'll be traveling with us for the rest of the mission.",考虑到对方是卢克斯的三人执政团之一，且将在接下来的任务中与我们同行，我很想劝Amicus礼貌一点。
1595,第一幕·场景4,a1s4,379,,,旁白,I also understand why Amicus is as agitated as he is.,我能理解Amicus为何如此激动。
1596,第一幕·场景4,a1s4,380,,,旁白,Interrupted in the middle of a very private moment by the man who humiliated him yesterday.,私密时刻被昨天让自己出丑的人搅和了。
1597,第一幕·场景4,a1s4,382,ma,Magis,台词,"""Of course. I'll be taking my leave soon enough. I just wanted to make sure that the accommodations are to your liking.""","""没有错，我只是来确认这里的招待是否符合您的喜好，不会久留的。"""
1598,第一幕·场景4,a1s4,383,,,旁白,"He indicates the buckets, towels, and drinks.",他指了指桶，毛巾和酒。
1599,第一幕·场景4,a1s4,384,ma,Magis,台词,"""That and I thought I might take the opportunity to get to know the head of the delegation and his companion a bit better.""","""而且，我想我可以借此机会 ，更好地了解一下代表团领袖和他的伴侣。"""
1600,第一幕·场景4,a1s4,385,,,旁白,"Amicus takes a deep breath, possibly to make it more clear to the other wolf that he's not interested in doing that at the moment.",Amicus长叹一口气，可能是想让另一只狼明白，眼下他没有这个兴趣。
1601,第一幕·场景4,a1s4,386,,,旁白,I finally speak up to hopefully distract Magis from Amicus's rudeness.,无奈之下我开口了，希望把Magis的注意力从Amicus的粗鲁中转移开。
1602,第一幕·场景4,a1s4,387,m,主角(MC),台词,"""Yeah, it's great. Thank you, Magis.""","""啊，招待很周到，谢谢你的关心，Magis。"""
1603,第一幕·场景4,a1s4,388,ma,Magis,台词,"""Of course, [mc]. I was not aware of your favorite drink, so I settled on {i}virdi{/i} since I understand not everyone enjoys their alcohol.""","""您客气了，[mc]。我知道不是所有人都喜欢喝酒，于是带了{b}virdi{/b}来，如果合您口味的话就再好不过了。"""
1604,第一幕·场景4,a1s4,389,m,主角(MC),台词,"""That's perfect, actually, thanks again.""","""太棒了，请容我再次表达感谢。"""
1605,第一幕·场景4,a1s4,391,a,Amicus,台词,"""Yes, the drinks are fantastic. It was good to speak to you today, Magis, but my companion and I were discussing some private matters--""","""是的，饮料很棒，很高兴跟你谈话，Magis，但我和我的伴侣正在讨论一些私事..."""
1606,第一幕·场景4,a1s4,393,ma,Magis,台词,"""Oh, of course, I'll be on my way, but I did want to ask--""","""噢，没问题，我这就告辞。不过在此之前-"""
1607,第一幕·场景4,a1s4,395,ma,Magis,台词,"""Are you quite alright after our bout yesterday? I know you assured us of your wellness, but after reflecting on it overnight, I wanted to make sure.""","""昨天比赛过后，您的身体还好吗？我知道您向我们保证过，但经过一夜的思考，我想亲自确认一下。"""
1608,第一幕·场景4,a1s4,396,,,旁白,"Amicus stares straight ahead, into the distance, as if not acknowledging that Magis is touching him will allow him to pretend it's not happening.",Amicus直直盯着远方，仿佛只要不承认Magis的接触，就可以当什么都没发生过一样。
1609,第一幕·场景4,a1s4,397,a,Amicus,台词,"""As I said yesterday, I am perfectly fine. Thank you.""","""正如我昨天说的，我很好，谢谢。"""
1610,第一幕·场景4,a1s4,398,ma,Magis,台词,"""Yes, I only ask again due to the fact that I understand the issue of optics when it comes to being a high-ranked official, especially while you are in Lux.""","""嗯，我之所以这么问，是因为我理解身居高位的烦恼，尤其是在卢克斯这样的环境下。"""
1611,第一幕·场景4,a1s4,399,,,旁白,This seems to finally break Amicus's dwindling patience.,Amicus的耐心似乎消磨殆尽了。
1612,第一幕·场景4,a1s4,401,a,Amicus,台词,"""You forget yourself, Magis. The position of triumvirate is quite different from that of emperor. I say what I mean.""","""少得意忘形了，Magis，皇帝是你们三人执政团也难望其背的存在。我说没事就是没事。"""
1613,第一幕·场景4,a1s4,402,,,旁白,I feel a sinking feeling in my chest as Amicus drops all attempts at appearing proper.,Amicus彻底丢掉了体面，我只感觉胸口一沉。
1614,第一幕·场景4,a1s4,403,,,旁白,"I completely understand Amicus's frustration right now, but Magis's sincere tone is, as far as I can tell, completely genuine.",我完全理解Amicus的沮丧，但就目前而言，Magis的关心确实是真心实意的。
1615,第一幕·场景4,a1s4,404,,,旁白,I realize then that I need to alleviate the situation somehow.,我得想办法缓解现在的状况。
1616,第一幕·场景4,a1s4,406,m,主角(MC),台词,"""Amicus, YOU are forgetting yourself.""","""得意忘形的是{b}你{/b}吧，Amicus。"""
1617,第一幕·场景4,a1s4,407,,,旁白,"I adopt a more chiding tone, wanting to keep the feel of the situation more lighthearted.",我用了比平时更严厉的语气，想恢复轻松的气氛。
1618,第一幕·场景4,a1s4,408,m,主角(MC),台词,"""Please excuse our emperor. We were up very late last night.""","""请见谅，我们昨天睡得很晚。"""
1619,第一幕·场景4,a1s4,409,,,旁白,I feel that's the best explanation I can make up.,这是我能给出的最合理的解释了。
1620,第一幕·场景4,a1s4,410,,,旁白,"It's a childish one, but that's the point.",很幼稚，但我要的就是这个效果。
1621,第一幕·场景4,a1s4,411,,,旁白,"While I am Amicus's companion, and far more than that, I still need to take care not to forget {i}my{/i} self.""","我是Amicus的伴侣，且远不止于此，但我仍需牢记{b}自己{/b}的分寸。"""
1622,第一幕·场景4,a1s4,412,,,旁白,"I need to keep Amicus looking good, even while criticizing him.",即便是在批评Amicus的时候，我也要保持他的良好形象。
1623,第一幕·场景4,a1s4,413,,,旁白,"And I can do that by making myself seem frivolous, stupid, even.",我可以通过让自己显得轻浮，甚至愚蠢来做到这一点。
1624,第一幕·场景4,a1s4,414,,,旁白,"Mainly, I just need to give Magis an excuse to be distracted from Amicus's slip in professionalism.",更重要的是，我需要给Magis一个台阶，让他不去在意Amicus的失态。
1625,第一幕·场景4,a1s4,415,,,旁白,I feel like I did a mostly good job considering Amicus just continues to stare out at a place somewhere to my left and over my head.,鉴于Amicus一直盯着我左边的某个地方
1626,第一幕·场景4,a1s4,417,ma,Magis,台词,"""Ah, I see. I do apologize for imposing myself upon you. I shouldn't have taken advantage of the situation in such a way.""","""啊，原来如此。很抱歉，我不该利用二位出游这个机会。"""
1627,第一幕·场景4,a1s4,418,,,旁白,"Again, his sincerity is striking, and that's unusual.",他言语里的真诚非比寻常。
1628,第一幕·场景4,a1s4,419,,,旁白,Maybe that's why Amicus is so cold:,也许这就是Amicus如此冷漠的原因了。
1629,第一幕·场景4,a1s4,420,,,旁白,He doesn't fully trust this wolf.,他不完全相信这只狼。
1630,第一幕·场景4,a1s4,422,m,主角(MC),台词,"""You didn't take advantage of the situation. It's just an inconvenient time, unfortunately.""","""你言过了，只是时间不凑巧而已。"""
1631,第一幕·场景4,a1s4,423,,,旁白,I glance at Amicus before continuing.,我瞥了Amicus一眼，才继续说道：
1632,第一幕·场景4,a1s4,424,m,主角(MC),台词,"""Why don't we meet later for lunch, or dinner?""","""我们何不午餐或晚餐的时候再见呢？"""
1633,第一幕·场景4,a1s4,425,,,旁白,"There's a pause, as if we're both waiting for a confirmation from Amicus.",对话停了一会儿，好像我们都在等待Amicus的确认。
1634,第一幕·场景4,a1s4,426,m,主角(MC),台词,"""How about dinner?""","""晚餐如何？"""
1635,第一幕·场景4,a1s4,427,,,旁白,"Seeming to decide that my word is good enough, the triumvir agrees.",他似乎认可了我的话。
1636,第一幕·场景4,a1s4,429,ma,Magis,台词,"""I would be honored.""","""我很荣幸。"""
1637,第一幕·场景4,a1s4,431,,,旁白,"Magis rises out of his spring, water splashing off of his fur.",Magis从温泉中起身，溅起洋洋洒洒的水花。
1638,第一幕·场景4,a1s4,432,,,旁白,"Usually, when a furred creature gets wet, their overall stature becomes less impressive.",通常，当一个长毛的生物被淋湿时，它的整体身材就会变得比较不忍直视。
1639,第一幕·场景4,a1s4,433,,,旁白,Cassius and Alex come to mind.,我脑中浮现出了Cassius和Alex。
1640,第一幕·场景4,a1s4,434,,,旁白,"But for Amicus, and for Magis, it turns out, the opposite is true, and I can see why his kicks had been so powerful.",然而对Amicus和Magis来说，事实恰恰相反，我想我能理解他的踢腿为何如此强劲了。
1641,第一幕·场景4,a1s4,435,,,旁白,"Amicus glances at him, then at me, so I quickly avert my gaze.",Amicus看了看他，又望向我，我迅速转移了视线。
1642,第一幕·场景4,a1s4,436,,,旁白,"I don't want to give Amicus any more reason to feel inadequate, even if it's not a good reason.",我不想让Amicus感觉自己不称职，就算这是他的错。
1643,第一幕·场景4,a1s4,437,ma,Magis,台词,"""I'll meet you at your villa, if that's alright? Thirteenth hour?""","""我会在第十三时造访二位的庄园，这样可以吗？"""
1644,第一幕·场景4,a1s4,438,,,旁白,"When there's no input from Amicus, I agree.",Amicus没有表示，于是我同意了。
1645,第一幕·场景4,a1s4,439,m,主角(MC),台词,"""That sounds good.""","""听起来不错。"""
1646,第一幕·场景4,a1s4,440,ma,Magis,台词,"""Alright, I will see you then. Have a nice soak, Your Highness.""","""好的，那我们到时候见。祝您过得愉快，陛下。"""
1647,第一幕·场景4,a1s4,442,,,旁白,"With that, Magis disappears around the trail, I assume to where his own towel is stashed.",说罢，Magis消失在了小径上，我猜是去了放毛巾的地方。
1648,第一幕·场景4,a1s4,443,,,旁白,"It's silent for a few moments, then I sigh.",又过了一会儿，我叹了口气，打破了沉默。
1649,第一幕·场景4,a1s4,444,m,主角(MC),台词,"""Amicus, that was terrible.""","""你的态度太差了，Amicus。"""
1650,第一幕·场景4,a1s4,445,a,Amicus,台词,"""I know.""","""我知道。"""
1651,第一幕·场景4,a1s4,446,,,旁白,"He's grumpy now, so I know we aren't going to pick up where we left off.",他在生气，看来按摩的事要泡汤了。
1652,第一幕·场景4,a1s4,447,m,主角(MC),台词,"""Well, at least you can try to salvage something over dinner.""","""唉，起码你能在晚餐的时候挽回一下。"""
1653,第一幕·场景4,a1s4,448,a,Amicus,台词,"""Yeah.""","""好。"""
1654,第一幕·场景4,a1s4,449,,,旁白,"It's quiet for a bit, then Amicus huffs.",沉默了一段时间后，Amicus气呼呼地开了口。
1655,第一幕·场景4,a1s4,450,a,Amicus,台词,"""Thank you, [mc]. I was not handling that well.""","""谢谢你，[mc]，是我欠妥了。"""
1656,第一幕·场景4,a1s4,451,m,主角(MC),台词,"""Happens to the best of us, but I think you should at least give the guy a chance.""","""人非圣贤，孰能无过，但你至少该给他个机会。"""
1657,第一幕·场景4,a1s4,452,a,Amicus,台词,"""Maybe. I just need more time after yesterday.""","""也许吧，只是我也有我的顾虑。"""
1658,第一幕·场景4,a1s4,454,m,主角(MC),台词,"""Of course.""","""看得出来。"""
1659,第一幕·场景4,a1s4,455,,,旁白,"While the mood is ruined, I tell myself that it could have been worse.",虽然好心情被毁了，但我知道，这可能还不是最糟的。
1660,第一幕·场景4,a1s4,459,,,旁白,"When we return to the villa, I can immediately tell that something's wrong.",等回到庄园，我立马就觉察哪里不对劲。
1661,第一幕·场景4,a1s4,460,,,旁白,"Bjarni is there, looking more upset than I've ever seen him.",Bjarni一反常态，露出了沮丧的表情。
1662,第一幕·场景4,a1s4,461,,,旁白,"That's not saying much, but considering he almost always defaults to a professional, cheerful demeanor, it's obvious that something is very wrong.",其实这也没什么，但考虑到他总是给人以专业的、积极乐观的形象，很明显出大事了。
1663,第一幕·场景4,a1s4,462,,,旁白,"I think I have a good idea of what it might be, and as soon as Bjarni starts talking, I'm proved right.",Bjarni证实了我的猜想。
1664,第一幕·场景4,a1s4,464,b,Bjarni,台词,"""Your Highness, it seems that the situation in the city has become tense after the issue with the Khemians.""","""陛下，在与克米扬发生冲突后，该地的局势骤然紧张了起来。"""
1665,第一幕·场景4,a1s4,466,a,Amicus,台词,"""Of course it has.""","""不出所料。"""
1666,第一幕·场景4,a1s4,467,b,Bjarni,台词,"""There are rumors that a concerted protest is being planned around the twelfth hour.""","""根据传言，他们准备在第十二时前后发动一场联合抗议。"""
1667,第一幕·场景4,a1s4,469,a,Amicus,台词,"""What is the actual issue? Do they simply want the Khemians gone, or--""","""他们的真实诉求是什么？驱逐克米扬，还是-"""
1668,第一幕·场景4,a1s4,470,b,Bjarni,台词,"""The issue has become broader since then. While the initial complaints centered around the Khemians supposedly turning their noses up at Luxian culture--""","""最初，人们的抱怨集中在据称对卢克斯文化不屑一顾的克米扬身上，但经过发酵-"""
1669,第一幕·场景4,a1s4,471,a,Amicus,台词,"""Of course.""","""我就知道。"""
1670,第一幕·场景4,a1s4,472,b,Bjarni,台词,"""Now it is more about why you, the emperor, would bring them along.""","""他们把矛头转向了将他们带来的陛下您。"""
1671,第一幕·场景4,a1s4,474,a,Amicus,台词,"""Of course.""","""果不其然。"""
1672,第一幕·场景4,a1s4,475,,,旁白,It's quiet for a moment.,在场没有一个人说话。
1673,第一幕·场景4,a1s4,476,m,主角(MC),台词,"""Is there something we can do to appease them?""","""我们能做些什么来安抚他们吗？"""
1674,第一幕·场景4,a1s4,477,,,旁白,"Bjarni looks over at me, then sighs as he puts away his portal.",Bjarni看了过来，接着叹了口气，放下终端。
1675,第一幕·场景4,a1s4,479,b,Bjarni,台词,"""It's difficult to say. Once Luxians set their minds on something, especially something that makes them upset, it's hard to dissuade them.""","""很难，卢克斯人可谓是不撞南墙不死心的类型，尤其是在让他们不爽的事情上。"""
1676,第一幕·场景4,a1s4,480,m,主角(MC),台词,"""What if Neferu, or Brunis apologize? Not that they should apologize for anything, but maybe that'll be enough to calm the people?""","""那让Neferu或Brunis道歉呢？并不是说他们应该道歉，但也许能缓解局势？"""
1677,第一幕·场景4,a1s4,481,a,Amicus,台词,"""No, that will only make them more upset. Khemians come off as condescending whenever they're apologizing.""","""不，这只会进一步激怒人群，克米扬在道歉时总是喜欢摆出高人一等的架势。"""
1678,第一幕·场景4,a1s4,482,,,旁白,"I know that's likely only due to the wolves inferiority complex, but I don't say it out loud, of course.",依我看，这多半只是因为沃尔文的自卑情结，但我当然不会傻到大声说出来。
1679,第一幕·场景4,a1s4,483,m,主角(MC),台词,"""Are Neferu and Brunis here?""","""Neferu和Brunis在吗？"""
1680,第一幕·场景4,a1s4,484,,,旁白,I look around and notice that the door to the spare bedroom is still closed.,我环顾四周，发现备用卧室的门依然紧闭着。
1681,第一幕·场景4,a1s4,486,b,Bjarni,台词,"""Er, yes, though Brunis wanted a private moment with Neferu.""","""呃，是的，不过Brunis想跟Neferu私下谈谈。"""
1682,第一幕·场景4,a1s4,487,,,旁白,"I look at the closed door, feeling incredibly sorry for the jackal at the moment.",我凝视着那扇门，为胡狼感到无比抱歉。
1683,第一幕·场景4,a1s4,488,,,旁白,I wonder if Neferu will even be up for the trip to Lupas tomorrow.,这下Neferu能否参与明天的鲁帕斯之行也是个未知数了。
1684,第一幕·场景4,a1s4,489,,,旁白,"That will be even more difficult for the two of us, though in a different way.",尽管处境不同，但我们都将面临重重困难。
1685,第一幕·场景4,a1s4,491,b,Bjarni,台词,"""I regret to say it, but it might be best to simply leave within a few hours.""","""很遗憾，我们最好在几个小时内撤离。"""
1686,第一幕·场景4,a1s4,492,,,旁白,My heart sinks into my stomach at hearing that.,听到这话，我的心沉了下去。
1687,第一幕·场景4,a1s4,493,,,旁白,Amicus seems to have the same feeling.,Amicus也一样。
1688,第一幕·场景4,a1s4,495,a,Amicus,台词,"""No, I cannot leave this city worse than it was when I arrived. That will mean absolute failure on Adastra's part. I must... make a speech, or something.""","""不，我不能就这样离开，这意味着阿达斯特拉彻底的失败。我必须...召开个演讲之类的。"""
1689,第一幕·场景4,a1s4,496,b,Bjarni,台词,"""I agree, but I'm not sure what else can be done. The longer we stay, the more time the city has to fester in its anger.""","""我同意，但这也是无奈之举。我们待得越久，这座城市的怒火就燃得越旺。"""
1690,第一幕·场景4,a1s4,498,a,Amicus,台词,"""But I must.""","""我意已决。"""
1691,第一幕·场景4,a1s4,499,,,旁白,"Based on my teachings, I know that more than a few emperors have lost their lives in this city.",根据我学到的知识，在此地丧生的皇帝绝不在少数。
1692,第一幕·场景4,a1s4,500,,,旁白,"While the last time was at least a few thousand years ago, they city hasn't changed all that much since and I feel a great deal of worry for my wolf.",虽然上一次已经是千年前了，但自那以后，这座城市也没有多大的变化。我不禁为我的狼捏了一把汗。
1693,第一幕·场景4,a1s4,501,m,主角(MC),台词,"""He's right, Amicus. If this city can get as bad as you say, it would be too dangerous for you to try and calm them.""","""他说的有道理，Amicus。如果这座城真像你描述的那么糟糕，那安抚他们就太危险了。"""
1694,第一幕·场景4,a1s4,502,,,旁白,I also worry that his skill in rhetoric isn't good enough for this situation.,我同样担心他的修辞水平不足以应付这种情况。
1695,第一幕·场景4,a1s4,503,,,旁白,"He's good, but not as good as--",他讲得是很棒，但不如-
1696,第一幕·场景4,a1s4,507,c,Cassius,台词,"""Amicus, what the hell!?""","""究竟是怎么回事，Amicus！？"""
1697,第一幕·场景4,a1s4,512,c,Cassius,台词,"""I'm absent for less than a single day and the city is ready for a riot!""","""我才出去不到一天，整座城市都要翻天了！"""
1698,第一幕·场景4,a1s4,513,,,旁白,He barged in without any of us hearing it.,谁也没有听见他进来。
1699,第一幕·场景4,a1s4,515,a,Amicus,台词,"""Cass, now is NOT the time.""","""现在{b}不是{/b}时候，Cass。"""
1700,第一幕·场景4,a1s4,516,c,Cassius,台词,"""Now IS the time! Amicus, Lux will tear itself apart over this!""","""现在{b}正是{/b}时候，Amicus！再这样下去，卢克斯会分裂的！"""
1701,第一幕·场景4,a1s4,518,a,Amicus,台词,"""What? Over perceived insults from the Khemians that likely didn't happen in the first place?""","""什么？就因为受到-从一开始就不存在的-克米扬的蔑视？"""
1702,第一幕·场景4,a1s4,520,c,Cassius,台词,"""No, Amicus, over {i}rumors{/i}. What actually happened doesn't matter. What does matter is that now they are saying Neferu spat on the food offered to him.""","""不，Amicus，因为{b}谣言{/b}。实际发生了什么并不重要，重要的是，他们称Neferu向提供给他的食物吐了口水。"""
1703,第一幕·场景4,a1s4,521,a,Amicus,台词,"""Gods...""","""神啊..."""
1704,第一幕·场景4,a1s4,522,,,旁白,Amicus takes a deep breath.,Amicus深深吸了一口气。
1705,第一幕·场景4,a1s4,524,a,Amicus,台词,"""Well, I suppose I should prepare myself to give some sort of speech--""","""好吧，看来我应该准备演讲-"""
1706,第一幕·场景4,a1s4,526,c,Cassius,台词,"""A--Are you serious, Amicus?""","""你-你没在开玩笑吧，Amicus？"""
1707,第一幕·场景4,a1s4,527,a,Amicus,台词,"""Of course.""","""当然没有。"""
1708,第一幕·场景4,a1s4,529,c,Cassius,台词,"""You idiot.""","""白痴。"""
1709,第一幕·场景4,a1s4,531,a,Amicus,台词,"""Shut the hell up, Cass, you don't understand--""","""闭上你的嘴，Cass，你不了解-"""
1710,第一幕·场景4,a1s4,533,c,Cassius,台词,"""I understand far more about this city than you ever will!""","""我比你们任何人都更了解这座城市！"""
1711,第一幕·场景4,a1s4,534,,,旁白,Cassius's screeching voice reverberates around the villa in the most grating way possible and I see Amicus lower his ears in response.,Cassius尖锐的声音以最刺耳的方式回荡在庄园中，我看到Amicus垂下了耳朵。
1712,第一幕·场景4,a1s4,535,,,旁白,Now Cassius takes a deep breath.,现在轮到Cassius深吸气了。
1713,第一幕·场景4,a1s4,537,c,Cassius,台词,"""They will kill you if you set foot in the amphitheater alone.""","""你敢只身踏进竞技场，他们就敢杀了你。"""
1714,第一幕·场景4,a1s4,538,b,Bjarni,台词,"""There are drones that will protect him.""","""无人机可以保护他。"""
1715,第一幕·场景4,a1s4,539,,,旁白,"Bjarni chimes in from the sidelines in his usual, cheerful way.",Bjarni愉快地插话道，和平时一样。
1716,第一幕·场景4,a1s4,541,c,Cassius,台词,"""Oh yes, and that will lead to such a rebellion that the city will once again declare itself an independent city-state. Good luck trying to repair at any point during your rule, Amicus.""","""没错，而这将导致一场叛乱，卢克斯将再次宣布自己是一个独立的城邦。祝你在统治期间好运，Amicus。"""
1717,第一幕·场景4,a1s4,542,,,旁白,Amicus finally seems to relent.,Amicus终于松口了。
1718,第一幕·场景4,a1s4,544,a,Amicus,台词,"""Alright, then do you have anything to propose yourself, Cassius?""","""好吧，那你有什么建议吗，Cassius？"""
1719,第一幕·场景4,a1s4,546,,,旁白,"Cassius goes quiet for a few moments, seeming to gather his thoughts.",Cassius沉默了片刻，像是在聚精会神地思考。
1720,第一幕·场景4,a1s4,547,,,旁白,I can tell what he says next takes a good deal of effort on his part.,我看得出他下了很大的决心。
1721,第一幕·场景4,a1s4,548,,,旁白,Then he sags a bit.,接着他颓了颓肩。
1722,第一幕·场景4,a1s4,550,c,Cassius,台词,"""I suppose you could say that my performance yesterday was not adequate.","""昨天是我发挥失误了。"""
1723,第一幕·场景4,a1s4,551,,,旁白,"He pauses, as if waiting for Amicus to say something, though the other wolf remains quiet.",他顿了一下，好像在等待Amicus说些什么，尽管另一只狼保持了沉默。
1724,第一幕·场景4,a1s4,552,c,Cassius,台词,"""Therefore you might say that at least a small part of this is my fault.""","""酿成如今这个局面，也有一小部分错在我。"""
1725,第一幕·场景4,a1s4,553,,,旁白,"Another pause, but Amicus just waits.",他又是一顿，但Amicus还是沉默不语。
1726,第一幕·场景4,a1s4,555,c,Cassius,台词,"""A very small part, but a part nonetheless. Therefore, I shall give another speech.""","""很小一部分错，但我毕竟难辞其咎。因此，我要再发表一篇演讲。"""
1727,第一幕·场景4,a1s4,557,,,旁白,"Finally, Amicus shows some surprise at what Cassius just said.",Amicus终于对Cassius说的话表示出了惊讶。
1728,第一幕·场景4,a1s4,559,c,Cassius,台词,"""And the people shall be allowed to actually attend the speech. None of this curfew nonsense. This is part of the reason they are so upset.""","""并且人民应该被允许参与进来。别搞什么宵禁，这也是他们如此不安分的一部分原因。"""
1729,第一幕·场景4,a1s4,561,a,Amicus,台词,"""Are you sure? I don't think I could let you--""","""你确定吗？我不能让你-"""
1730,第一幕·场景4,a1s4,563,c,Cassius,台词,"""Oh, stop it, Amicus. I know what I'm doing.""","""哦，得了吧，Amicus，我知道自己在做什么。"""
1731,第一幕·场景4,a1s4,565,a,Amicus,台词,"""Do you?""","""真的？"""
1732,第一幕·场景4,a1s4,567,c,Cassius,台词,"""I've given speeches in Lux at least half-a-dozen times, so yes, I do.""","""我在卢克斯至少演讲过六次，所以是的。"""
1733,第一幕·场景4,a1s4,568,,,旁白,"Amicus eyes Cassius carefully, as if unsure of the other wolf's intentions.",Amicus仔细打量着Cassius，似乎拿不准另一只狼的意图。
1734,第一幕·场景4,a1s4,569,c,Cassius,台词,"""Keep in mind that if I want this mission to succeed anywhere, it is here in Lux. I would not be able to bring myself to leave this city the way it is now.""","""我无法弃这座城市于不顾。听好，如果现在逃了，那再去其他城市也只会是白费功夫。"""
1735,第一幕·场景4,a1s4,571,c,Cassius,台词,"""I would at least like them to have a little hope for the future, as that is all we can offer them at the moment.""","""祈祷他们对未来还抱有一丝希望吧，这是我们目前能提供的全部了。"""
1736,第一幕·场景4,a1s4,572,m,主角(MC),台词,"""Maybe we could mention that infrastructure project we were talking about last night, Amicus?""","""也许可以讲一下咱俩昨晚说过的有关基础设施的计划，Amicus?"""
1737,第一幕·场景4,a1s4,576,a,Amicus,台词,"""Er, possibly. It might be a bit early for that, though.""","""呃，现在可能还不是时候。"""
1738,第一幕·场景4,a1s4,578,c,Cassius,台词,"""What are you on about?""","""你们在说什么呢？"""
1739,第一幕·场景4,a1s4,580,a,Amicus,台词,"""Well, we discussed tentative plans to better connect Lux to Adastra City, possibly by use of Khemian tech, but I don't think--""","""我们就如何完善卢克斯与阿达斯特拉城之间的交通进行了初步讨论，或许会用到克希米亚的技术，但我不确定..."""
1740,第一幕·场景4,a1s4,582,c,Cassius,台词,"""Hmm...""","""嗯..."""
1741,第一幕·场景4,a1s4,583,,,旁白,"Cassius seems to be thinking deeply, much to my surprise.",Cassius似乎陷入了沉思，这让我颇感意外。
1742,第一幕·场景4,a1s4,584,c,Cassius,台词,"""Actually, that does give me an idea. Where's the jackal?""","""我受到了启发，胡狼在哪？"""
1743,第一幕·场景4,a1s4,586,a,Amicus,台词,"""Here in the villa. Why?""","""在庄园里，怎么了？"""
1744,第一幕·场景4,a1s4,588,c,Cassius,台词,"""Summon him. I have an idea, but it involves bringing him, and you along.""","""传他过来。我想到一个主意，但需要他的配合，还有你的。"""
1745,第一幕·场景4,a1s4,589,,,旁白,Cassius looks directly at me.,Cassius直视着我。
1746,第一幕·场景4,a1s4,592,,,旁白,To be continued...,未完待续...
