序号,章节,章节代码,源行号,说话人代码,说话人,类型,英文原文,中文译文
1,第一幕·场景1,a1s1,7,,,旁白,"I lay back in the cool blackness of my mind, listening to the voices banter.",
2,第一幕·场景1,a1s1,8,,,旁白,"""{i}He must be, I can hear him from here.{/i}""",
3,第一幕·场景1,a1s1,9,,,旁白,"""{i}Are you sure it is him that you hear?{/i}""",
4,第一幕·场景1,a1s1,10,,,旁白,"""{i}Pretty sure. Dark blue-ish fur, cream-colored front, ear tips, and muzzle--{/i}""",
5,第一幕·场景1,a1s1,11,,,旁白,"""{i}You just described half-a-million wolves on Adastra.{/i}""",
6,第一幕·场景1,a1s1,12,,,旁白,"""{i}Corrective lenses as well.{/i}""",
7,第一幕·场景1,a1s1,13,,,旁白,"""{i}...Hm.{/i}""",
8,第一幕·场景1,a1s1,14,,,旁白,"It's nice, a sort of half-meditation that my mindfulness teacher once taught me several years ago.",
9,第一幕·场景1,a1s1,15,,,旁白,"Thoughts that come unbidden to the mind are not uncommon during meditation, though this time, it's quite different.",
10,第一幕·场景1,a1s1,16,,,旁白,"Usually, the thoughts don't have a clear purpose and offer little insight unless one delves into implied, and likely non-existent meanings.",
11,第一幕·场景1,a1s1,17,,,旁白,"""{i}So what's your explanation? That I'm going crazy? It wouldn't be the first time.{/i}""",
12,第一幕·场景1,a1s1,18,,,旁白,"""{i}No, just that you should be careful when trying to reach that far. The mind can often be one massive illusion to its owner, especially concerning non-tangible matters.{/i}""",
13,第一幕·场景1,a1s1,19,,,旁白,Now they very much have a purpose: Speaking about me.,
14,第一幕·场景1,a1s1,20,,,旁白,"Still, it helps to calm my mind, pull it inward from the outward chaos.",
15,第一幕·场景1,a1s1,21,,,旁白,It helps me forget the responsibilities that rest upon my shoulders.,
16,第一幕·场景1,a1s1,22,,,旁白,"They mainly rest on my mentor's shoulders but, in turn, he rests upon mine.",
17,第一幕·场景1,a1s1,23,,,旁白,"""{i}His mind, it's not... sound? It's been altered.{/i}""",
18,第一幕·场景1,a1s1,24,,,旁白,"""{i}That's a common feature for those like you.{/i}""",
19,第一幕·场景1,a1s1,25,,,旁白,"I frown, feeling as if these voices are being rather rude now, but I try to avoid the distraction.",
20,第一幕·场景1,a1s1,26,,,旁白,Focus...,
21,第一幕·场景1,a1s1,27,,,旁白,"Instead, I admire the way I'm able to isolate my mind in a place such as this.",
22,第一幕·场景1,a1s1,28,,,旁白,"For many months afterwards, setting foot within these walls, or even on the campus grounds would fill me with such dread, I simply could not function properly.",
23,第一幕·场景1,a1s1,29,,,旁白,"Now, I imagine that incident, a sphere of suffering and shock, to be in a different place in time and space, floating in nothingness.",
24,第一幕·场景1,a1s1,30,,,旁白,"""Ahewawi, {i}I feel it.{/i}""",
25,第一幕·场景1,a1s1,31,,,旁白,"I feel my focus falter again, hearing what vaguely sounds Khemian, almost like the word for pain.",
26,第一幕·场景1,a1s1,32,,,旁白,"The altered suffix indicates something less solid, more ethereal.",
27,第一幕·场景1,a1s1,33,,,旁白,"""{i}See? He hears me.{/i}""",
28,第一幕·场景1,a1s1,34,,,旁白,"""{i}Do not alert him to our presence.{/i}""",
29,第一幕·场景1,a1s1,35,,,旁白,"""{i}So now you believe me. Besides, he is already alert. He's just ignoring us. Like I said, he's gifted. But fine, you can relax, I'll stop.{/i}""",
30,第一幕·场景1,a1s1,36,,,旁白,Focus.,
31,第一幕·场景1,a1s1,37,,,旁白,"I instead ponder on why my mind might be thinking of pain... And then imagery, visceral and vivid flashes through my mind's eye.",
32,第一幕·场景1,a1s1,38,,,旁白,Those events are three years behind me now.,
33,第一幕·场景1,a1s1,39,,,旁白,"Not only that, but the point in space in which the riots occurred is billions of kilometers behind me.",
34,第一幕·场景1,a1s1,40,,,旁白,That small sphere adrift in time and space.,
35,第一幕·场景1,a1s1,41,,,旁白,A dark void that I shall never return to.,
36,第一幕·场景1,a1s1,42,,,旁白,And it continues to move away as our galaxy spins through the ever-expanding universe.,
37,第一幕·场景1,a1s1,43,,,旁白,The halls of the university are only an illusion of a constant space.,
38,第一幕·场景1,a1s1,44,,,旁白,"Rather, we are at a different point in the universe every moment we exist, whether that be at home, school, or on a diplomatic mission to Khemia.",
39,第一幕·场景1,a1s1,45,,,旁白,"Therefore, I am free from that moment, and that place.",
40,第一幕·场景1,a1s1,46,,,旁白,"Now I am in a clean space, and that's true for every moment I exist.",
41,第一幕·场景1,a1s1,47,,,旁白,"That's exactly the kind of space I need to exist in mentally, especially if I want to keep this assignment.",
42,第一幕·场景1,a1s1,48,,,旁白,The type of assignment I've wanted my whole life.,
43,第一幕·场景1,a1s1,49,,,旁白,"The exact one, if I'd known such an opportunity would exist.",
44,第一幕·场景1,a1s1,50,,,旁白,A sound mind is one of my most important assets.,
45,第一幕·场景1,a1s1,51,,,旁白,The past is in the past...,
46,第一幕·场景1,a1s1,52,,,旁白,"...And yet, the framing of the space {i}is{/i} constant; the marble, the statues, the lecture halls.",
47,第一幕·场景1,a1s1,53,,,旁白,"These were all here when it happened, and they are here now, so is it really clean?",
48,第一幕·场景1,a1s1,54,,,旁白,"Stone does not live, therefore it cannot witness.",
49,第一幕·场景1,a1s1,55,,,旁白,It cannot be corrupted like the minds of sapients.,
50,第一幕·场景1,a1s1,56,,,旁白,But is that even true?,
51,第一幕·场景1,a1s1,57,,,旁白,"I realize my meditation is veering off-course, but it's easy to be distracted when you're lying on a marble bench and your head is beginning to ache.",
52,第一幕·场景1,a1s1,58,,,旁白,"""{i}It follows him.{/i}""",
53,第一幕·场景1,a1s1,59,,,旁白,"""{i}I know.{/i}""",
54,第一幕·场景1,a1s1,61,,,旁白,"My concentration is broken by the strange, now ominous thoughts, and I sigh, knowing I should send a message about this to my mindfulness instructor.",
55,第一幕·场景1,a1s1,62,,,旁白,"But I won't, because my mission is far too close now, and I doubt ""uncontrolled thoughts"" will look good in any briefing to my superiors.",
56,第一幕·场景1,a1s1,63,,,旁白,"I begin the process of {i}grounding{/i}, rubbing my paws over the cool, polished marble.",
57,第一幕·场景1,a1s1,64,,,旁白,"Have these marble benches and pillars, the facade of this building, witnessed and absorbed the lives that spoke and moved around them before now?",
58,第一幕·场景1,a1s1,65,,,旁白,"If so, then simply distancing myself from a point in space is useless as the objects most important to that event continue to exist nearby.",
59,第一幕·场景1,a1s1,66,,,旁白,The idea of buildings possessing a character or conscience isn't my own.,
60,第一幕·场景1,a1s1,67,,,旁白,"Over a year ago, my instructor in architecture had said that long-lasting structures assume identities more distinct than the people who built them, especially as time--",
61,第一幕·场景1,a1s1,68,,,旁白,"""{cps=22}{i}We witnessed it... {w=0.3}We saw you bleed because of them...{/i}""",
62,第一幕·场景1,a1s1,85,,,旁白,"I open my eyes, my fur bristling and my breath hitching before I hold it, listening, but all I hear are maybe leaves blown by the wind outside; an echo of what the voice had sounded like.",
63,第一幕·场景1,a1s1,86,,,旁白,"I'm disturbed by that voice, much different from the first two I had been hearing.",
64,第一幕·场景1,a1s1,87,,,旁白,"More worryingly, the thought had been so loud and clear, I thought it had to have been spoken by someone, until I opened my eyes and found the room empty.",
65,第一幕·场景1,a1s1,88,,,旁白,"In fact, I pinpoint it to the statue right in front of me, the one of the spy Antonia, crouching on her pedestal.",
66,第一幕·场景1,a1s1,89,,,旁白,"A strange, dark feeling enters my mind as I frown, staring at it.",
67,第一幕·场景1,a1s1,90,,,旁白,"I'd certainly heard something from that direction, like a whisper, and though I try to prevent it, my mind wanders to a more pup-like state.",
68,第一幕·场景1,a1s1,91,,,旁白,"There is no question that this university is filled with unamalgamated spirits, and even in the bright, morning light that pours through the windows, Antonia appears eerie to me.",
69,第一幕·场景1,a1s1,92,,,旁白,"Her most famous deed was being an asymptomatic carrier of Lucius fever while a prisoner on Khemia, the outbreak killing hundreds of thousands, a death toll worse for the jackals than any of the battles waged during the war.",
70,第一幕·场景1,a1s1,94,,,旁白,"If any statue is haunted, it is likely hers, and as I move to sit up, she seems to follow me with her gaze.",
71,第一幕·场景1,a1s1,95,,,旁白,"Not just her eyes, but her head as well, and it's so distinct that I have to--",
72,第一幕·场景1,a1s1,96,unk,?????,台词,"""Scipio!""",
73,第一幕·场景1,a1s1,97,m,Scipio,台词,"""Oh, Gods!""",
74,第一幕·场景1,a1s1,98,,,旁白,"I leap into the air, stumbling away from the sudden voice and movement.",
75,第一幕·场景1,a1s1,99,m,Scipio,台词,"""Veteris! Why do you shout?""",
76,第一幕·场景1,a1s1,102,ve,Veteris,台词,"""Am I shouting? I consider this to be a perfectly reasonable volume! I suppose my advancement in age only continues, and you must learn to live with it!""",
77,第一幕·场景1,a1s1,103,,,旁白,"I rub my chest, looking over at the statue as that strange, dark feeling slowly dissipates.",
78,第一幕·场景1,a1s1,105,ve,Veteris,台词,"""You did not wait for me at the entrance to the forest this morning, thus my journey was rather dull!""",
79,第一幕·场景1,a1s1,106,m,Scipio,台词,"""You find me all that interesting?""",
80,第一幕·场景1,a1s1,107,,,旁白,"I banish the disturbed thoughts from my mind for now, turning my back to the statue of Antonia.",
81,第一幕·场景1,a1s1,109,ve,Veteris,台词,"""Hehe, well, I do now that you've managed to capture the full attention of the flower jackal over the past few months. {i}He{/i} is most interesting.""",
82,第一幕·场景1,a1s1,110,m,Scipio,台词,"""Yet you insult him in the same breath.""",
83,第一幕·场景1,a1s1,111,,,旁白,"Of course that was the reason, considering our conversations always turn toward that jackal.",
84,第一幕·场景1,a1s1,112,ve,Veteris,台词,"""He is a jackal and a flower, what of it?""",
85,第一幕·场景1,a1s1,113,m,Scipio,台词,"""He is a Khemian, and his name is Neferu.""",
86,第一幕·场景1,a1s1,115,ve,Veteris,台词,"""Even Khemians have the boundaries of gender. That jackal seems just as happy to be treated as a woman as he is a man.""",
87,第一幕·场景1,a1s1,116,,,旁白,"I bite my tongue, feeling the chasm between our differences in age widen just a bit further.",
88,第一幕·场景1,a1s1,117,,,旁白,"Veteris was once thought of as a leading social progressive back in the days that Amicus's father, Emperor Potes, ruled.",
89,第一幕·场景1,a1s1,118,,,旁白,"Now, with Amicus on the throne, much has changed, and the current emperor is quite popular among wolves in my age demographic.",
90,第一幕·场景1,a1s1,119,,,旁白,Not so much with Veteris's.,
91,第一幕·场景1,a1s1,121,ve,Veteris,台词,"""As much as I enjoy your conversations on topics such as the latest Khemian fashions and imported amusement tech, I was actually asked by Amicus to discuss a few things with you.""",
92,第一幕·场景1,a1s1,124,,,旁白,"I feel a falling feeling in my chest, wondering if I've done something wrong.",
93,第一幕·场景1,a1s1,125,,,旁白,"Two years ago, Veteris had picked his top three students of Khemian history, language, and culture, to train and compete to become his assistant and backup for the mission.",
94,第一幕·场景1,a1s1,126,,,旁白,"I had been one of them, and just last week, I was officially chosen by both Amicus and Veteris.",
95,第一幕·场景1,a1s1,127,,,旁白,This despite the fact that I was solidly middling between the other two students in our academic marks.,
96,第一幕·场景1,a1s1,128,,,旁白,"Carbo should have been the one to go, able to speak near-fluent Khemian, and he always knew every aspect of Khemian history by memory.",
97,第一幕·场景1,a1s1,129,,,旁白,"I had realized that no matter how much I studied, he would always be ahead.",
98,第一幕·场景1,a1s1,130,,,旁白,"My recent, almost desperate attempts to stand out paid off.",
99,第一幕·场景1,a1s1,131,,,旁白,"When I'd been chosen, I was certain it was a dream, and now I wonder if reality is about to catch up with me.",
100,第一幕·场景1,a1s1,132,,,旁白,It had probably been clear over the past few years that my mind hasn't always been in the present.,
101,第一幕·场景1,a1s1,134,ve,Veteris,台词,"""Let us discuss this in your study, Scipio. It's so very close by.""",
102,第一幕·场景1,a1s1,137,,,旁白,"I nod and follow, trying to keep my expression neutral so as to avoid embarrassment, no matter which way this discussion leads.",
103,第一幕·场景1,a1s1,146,,,旁白,"Veteris looks over the stacks of books and papers, the bridge of his aged muzzle wrinkling slightly, the graying fur bristling.",
104,第一幕·场景1,a1s1,147,ve,Veteris,台词,"""Honestly, Scipio, how often do I need to tell you that your clutter directly reflects your mind! If you're feeling overwhelmed, cleaning up your workspace is the first step!""",
105,第一幕·场景1,a1s1,148,,,旁白,"I wince, and I can't stop the blush from spreading across my own muzzle.",
106,第一幕·场景1,a1s1,149,,,旁白,We are very different in this regard as well.,
107,第一幕·场景1,a1s1,150,,,旁白,"I'd been to Veteris's residence on a handful of occasions, and while his study was indeed clean, the rest of it was not.",
108,第一幕·场景1,a1s1,151,,,旁白,"Maybe it's a representation of the one aspect of his life that he has in order, having abandoned his personal life before becoming an instructor.",
109,第一幕·场景1,a1s1,152,,,旁白,"My ""study"", which often doubles as my sleeping quarters after being selected two years previously, is one usually reserved for assistant instructors.",
110,第一幕·场景1,a1s1,153,,,旁白,"And it's a bit more than ""cluttered"".",
111,第一幕·场景1,a1s1,154,ve,Veteris,台词,"""And must you always light incense? At least pick a different scent than {i}oliban{/i}, it reminds me of my grandmother.""",
112,第一幕·场景1,a1s1,155,,,旁白,"I hadn't been expecting that comment, and being caught completely off-guard, I stumble for words, but I'm saved from having to make up a reason by the imperial computer assistant.",
113,第一幕·场景1,a1s1,156,com,Computer,台词,"""Good day, Scipio. Would you like your usual brunch?""",
114,第一幕·场景1,a1s1,157,m,Scipio,台词,"""No thank--""",
115,第一幕·场景1,a1s1,158,ve,Veteris,台词,"""Yes, bring it. You need to begin taking care of yourself more now that you are going to be a diplomat, and that involves eating regularly.""",
116,第一幕·场景1,a1s1,159,,,旁白,"Despite Veteris sounding strangely like my mother for a moment, it immediately sets me at ease, knowing he wouldn't say that if I were being dropped from the mission.",
117,第一幕·场景1,a1s1,160,,,旁白,"And as I see a drone descend from the ceiling with bread and sauce, I feel my appetite return.",
118,第一幕·场景1,a1s1,161,ve,Veteris,台词,"""Now, do you know why you were picked to accompany the mission?""",
119,第一幕·场景1,a1s1,162,m,Scipio,台词,"""Er...""",
120,第一幕·场景1,a1s1,163,,,旁白,I try to think of a reason that won't make me sound too egotistical.,
121,第一幕·场景1,a1s1,164,m,Scipio,台词,"""My knowledge of Khemia, especially the youth culture there?""",
122,第一幕·场景1,a1s1,165,,,旁白,Veteris waves his paw.,
123,第一幕·场景1,a1s1,166,ve,Veteris,台词,"""Oh please, Khemian youth 'culture'--""",
124,第一幕·场景1,a1s1,167,,,旁白,Veteris says the word with twice the emphasis and half the speed as the others.,
125,第一幕·场景1,a1s1,168,ve,Veteris,台词,"""--does not matter. Besides, Carbo knew more than you.""",
126,第一幕·场景1,a1s1,169,,,旁白,I blush even though it's a completely true and fair statement.,
127,第一幕·场景1,a1s1,170,m,Scipio,台词,"""Well, the only other reason that comes to mind might be my relationship to Neferu.""",
128,第一幕·场景1,a1s1,171,ve,Veteris,台词,"""And Brunis. You cultivated casual Khemian friendships with them with very little effort.""",
129,第一幕·场景1,a1s1,172,,,旁白,Of course.,
130,第一幕·场景1,a1s1,173,,,旁白,I did know that forming some type of relationship with the actual Khemians we have here was important.,
131,第一幕·场景1,a1s1,174,,,旁白,"Over the past year, I've made time to speak to them after each of our meetings, making sure to casually greet them and engage in causerie, which I knew Veteris and Amicus took notice of.",
132,第一幕·场景1,a1s1,175,,,旁白,"While Carbo usually had his nose in a book, I was talking to real Khemians in a casual and friendly way.",
133,第一幕·场景1,a1s1,176,,,旁白,"I wouldn't say that I know them as well as the few wolves I've considered my friends over the years, but I needed some type of advantage over Carbo.",
134,第一幕·场景1,a1s1,177,,,旁白,"I had felt bad at the time, remembering his expression of confusion and disbelief as he left the imperial palace after being dismissed from his current duties.",
135,第一幕·场景1,a1s1,178,,,旁白,"But really, I know his future as a prestigious scholar is almost guaranteed, and at the very least, the stresses of this mission are now over for him.",
136,第一幕·场景1,a1s1,179,,,旁白,"Now, it seems like I need to focus even more on interacting with these Khemians, and it only makes sense considering the main mission is to expand Adastra's relations with Khemia.",
137,第一幕·场景1,a1s1,180,ve,Veteris,台词,"""Where did you learn to do that, by the way?""",
138,第一幕·场景1,a1s1,181,,,旁白,Veteris eyes me curiously as I arrange the plate amongst the scatterings of books and Khemian tech.,
139,第一幕·场景1,a1s1,182,m,Scipio,台词,"""I mean, it's not difficult, you simply--""",
140,第一幕·场景1,a1s1,183,ve,Veteris,台词,"""It is very difficult for a wolf! Casual friendships only create opportunity for casual betrayals. However--""",
141,第一幕·场景1,a1s1,184,,,旁白,He glances at me from under his bushy brow.,
142,第一幕·场景1,a1s1,185,ve,Veteris,台词,"""It provides opportunity for the casual gathering of intelligence as well.""",
143,第一幕·场景1,a1s1,186,,,旁白,"I feel my stomach turn again, despite knowing this would be part of my assignment as a diplomat, it doesn't mean I'm eager to do it.",
144,第一幕·场景1,a1s1,187,,,旁白,"Still, the topic hadn't ever really come up, and with the departure date apparently nearing faster than expected, I had hoped that I would somehow be exempt.",
145,第一幕·场景1,a1s1,188,m,Scipio,台词,"""You want me to spy?""",
146,第一幕·场景1,a1s1,189,,,旁白,"I say it evenly, in a way I hope doesn't betray the hesitance and lack of confidence I feel.",
147,第一幕·场景1,a1s1,190,ve,Veteris,台词,"""Amicus would simply like for you to keep an eye on them. As we know by now, Khemian bluntness is a myth. We can never be sure of their true intentions.""",
148,第一幕·场景1,a1s1,191,,,旁白,"While the feelings of friendliness I have toward the Khemians are genuine, I remind myself that I did become their friend with the main purpose of personal gain, along with the knowledge that I would be reporting anything of importance they said.",
149,第一幕·场景1,a1s1,192,m,Scipio,台词,"""Academia is probably my greatest strength, Veteris. I'm not sure--""",
150,第一幕·场景1,a1s1,193,ve,Veteris,台词,"""You accepted the position of a diplomat, thus you accepted the responsibility to gather intelligence for your emperor. It is part of your many obligations now.""",
151,第一幕·场景1,a1s1,194,m,Scipio,台词,"""Of course, Teacher, but where do I even start? I'm not trained in espionage. Shouldn't there be more time for me to prepare for such a thing?""",
152,第一幕·场景1,a1s1,195,ve,Veteris,台词,"""Don't ask me, I'm simply a part-time professor and full-time advisor to the emperor on Khemian politics and culture. He only wanted me to prepare you mentally.""",
153,第一幕·场景1,a1s1,196,m,Scipio,台词,"""It feels like a completely different discipline.""",
154,第一幕·场景1,a1s1,197,,,旁白,Veteris waves his paw again.,
155,第一幕·场景1,a1s1,198,ve,Veteris,台词,"""The reason you are not formally trained in spying is because this type of 'spying' is merely information-gathering, through individual relationships and larger networks.""",
156,第一幕·场景1,a1s1,199,,,旁白,That makes me feel a bit better.,
157,第一幕·场景1,a1s1,200,m,Scipio,台词,"""I see.""",
158,第一幕·场景1,a1s1,201,ve,Veteris,台词,"""As far as I know, the real spies, who I imagine are being trained now, though again, I wouldn't know, come along after regular relations have been established.""",
159,第一幕·场景1,a1s1,202,ve,Veteris,台词,"""In the meantime, this casual espionage will do. Keeping your enemies close, as they say, and no, I'm not saying they're enemies personally, but you understand.""",
160,第一幕·场景1,a1s1,203,,,旁白,"I think as I chew on the bread slowly, the tangy sauce reminding me of how hungry I am.",
161,第一幕·场景1,a1s1,204,ve,Veteris,台词,"""Do you feel you are up to the task? A target like Neferu should be a lucrative one.""",
162,第一幕·场景1,a1s1,215,,,旁白,I smile.,
163,第一幕·场景1,a1s1,216,m,Scipio,台词,"""Of course. I did accept the position, like you said. However, Neferu is smarter than he'd have you believe. I doubt he'll give away anything important.""",
164,第一幕·场景1,a1s1,217,ve,Veteris,台词,"""Oh no, that jackal's head is full of sand. Even the emperor has publicly said so.""",
165,第一幕·场景1,a1s1,218,,,旁白,"I know that it most definitely isn't, but I suppose that's why I'm the one who's meant to spy on him.",
166,第一幕·场景1,a1s1,219,m,Scipio,台词,"""And Brunis is even more guarded. He's a trained negotiator and seasoned diplomat.""",
167,第一幕·场景1,a1s1,220,,,旁白,Veteris laughs at me.,
168,第一幕·场景1,a1s1,221,ve,Veteris,台词,"""With his informal and coarse nature? I doubt it, but remember, Neferu is the main target.""",
169,第一幕·场景1,a1s1,222,,,旁白,Now I have to stop myself from laughing at my own mentor.,
170,第一幕·场景1,a1s1,223,m,Scipio,台词,"""Have you considered that they themselves could be plants meant to spy on {i}us{/i}?""",
171,第一幕·场景1,a1s1,224,,,旁白,"That gives my teacher pause, then he shrugs.",
172,第一幕·场景1,a1s1,225,ve,Veteris,台词,"""If they are, then there are some serious issues in the uppermost echelons of Khemian power. Besides, everyone knows the pharaoh sent him here as a form of punishment.""",
173,第一幕·场景1,a1s1,226,ve,Veteris,台词,"""I mean, he hates his son so much he set him up to live in the same palace with a general from the last war, a general that would unsurprisingly kick his balls into orbit! Ha!""",
174,第一幕·场景1,a1s1,227,,,旁白,"I sigh, feeling sorry for the jackal like I always do when I remember that event, immortalized by drone footage.",
175,第一幕·场景1,a1s1,228,com,Computer,台词,"""A reminder that your meeting with the emperor begins in approximately ten minutes. Please be present and ready in Lecture Hall One.""",
176,第一幕·场景1,a1s1,229,,,旁白,Veteris watches me as I eat the rest of the loaf of bread quickly.,
177,第一幕·场景1,a1s1,230,ve,Veteris,台词,"""Also, start becoming more conscious of what you consume, and consider some exercise. The jackal seems to lean toward fit body types. You're fine as you are now, but you're nearing the age where it might start to slip.""",
178,第一幕·场景1,a1s1,231,,,旁白,"That almost makes me choke, hoping my ears don't betray the embarrassment I feel at hearing my mentor say such things about my own body.",
179,第一幕·场景1,a1s1,233,,,旁白,Especially considering he was the one to insist that I eat in the first place.,
180,第一幕·场景1,a1s1,243,,,旁白,"Ten minutes later, I'm in the lecture hall with Veteris, along with Amicus, Neferu, Brunis, and Virginia.",
181,第一幕·场景1,a1s1,244,,,旁白,These biweekly meetings feel very different now that my two peers are gone.,
182,第一幕·场景1,a1s1,245,,,旁白,"Me being the youngest, and least important part of the envoy is made all the more obvious.",
183,第一幕·场景1,a1s1,246,,,旁白,"But aside from that, business progresses as usual.",
184,第一幕·场景1,a1s1,247,,,旁白,"It's a rather casual affair, if not a depressing one due to Adastra's lack of progress with Khemia.",
185,第一幕·场景1,a1s1,248,,,旁白,Not much can get done at this point unless Khemian equivalents to Amicus show up on the stretch drive and make the decisions in-person.,
186,第一幕·场景1,a1s1,249,,,旁白,"That hasn't happened in months, and while Neferu is certainly important, he isn't as important as his brother, the vizier.",
187,第一幕·场景1,a1s1,250,,,旁白,"So instead, we discuss how wolvish society and culture should approach its various Khemian counterparts.",
188,第一幕·场景1,a1s1,251,,,旁白,"I'm paying fairly close attention, as the topic is about diplomatic language.",
189,第一幕·场景1,a1s1,252,,,旁白,"How on Khemia, one must always use words, never fists, as Khemians see the latter as a sign of weakness, and lacking control.",
190,第一幕·场景1,a1s1,253,,,旁白,"But then Amicus and Neferu argue for a while about how wolves must learn to separate diplomatic language from outright lies, which Amicus argues is the same thing.",
191,第一幕·场景1,a1s1,255,a,Amicus,台词,"""--especially as times change, our needs change, therefore some promises cannot be kept!""",
192,第一幕·场景1,a1s1,257,n,Neferu,台词,"""Yes, but one unkept promise can be enough to ruin a generation. An adversary, or even an ally that does not hold up their part of the bargain, no matter the change in times, is branded unreliable and relations are unlikely to progress in any form.""",
193,第一幕·场景1,a1s1,258,,,旁白,"I find myself agreeing with Neferu, even though I would never, ever say such a thing out loud.",
194,第一幕·场景1,a1s1,259,,,旁白,Especially not here.,
195,第一幕·场景1,a1s1,260,com,Computer,台词,"""Earth report #134 has arrived. Shall I brief you on its contents, Emperor Amicus?""",
196,第一幕·场景1,a1s1,264,,,旁白,"Their argument interrupted, Amicus pauses, then gives a terse ""yes"" as a response, likely knowing the news would not be good.",
197,第一幕·场景1,a1s1,265,,,旁白,It rarely is when coming from Earth.,
198,第一幕·场景1,a1s1,266,,,旁白,Earth.,
199,第一幕·场景1,a1s1,267,,,旁白,"The planet I'd only learned of last week, after being chosen, along with the ongoing efforts to integrate its humans into the {i}Galaxias{/i}.",
200,第一幕·场景1,a1s1,268,,,旁白,"The human who had once resided in the palace is on his own mission, trying to bring the parents' vision to fruition.",
201,第一幕·场景1,a1s1,269,,,旁白,"I'm curious about them, but this part of the mission is not for me to know, only having been introduced to the concept so Amicus can think about and discuss it freely.",
202,第一幕·场景1,a1s1,270,,,旁白,"So I lower my eyes as the briefing begins, yet I'm still able to feel Amicus's mood darken.",
203,第一幕·场景1,a1s1,271,com,Computer,台词,"""You will recall that three days ago, after the deaths of three American diplomats who came into contact with the human, it had been discovered that he is sporadically shedding avia pox virus.""",
204,第一幕·场景1,a1s1,272,com,Computer,台词,"""Unfortunately, there have been further developments in which one of the diplomats visited an establishment that serves food and beverage.""",
205,第一幕·场景1,a1s1,273,com,Computer,台词,"""Four British officials were infected by this diplomat and all subsequently perished in the past two days. The human has been placed in quarantine and talks between nations have come to a halt for the time being.""",
206,第一幕·场景1,a1s1,274,com,Computer,台词,"""The United States of America and The United Kingdom of Great Britain and Northern Ireland have jointly threatened to withdraw from talks if there are further casualties.""",
207,第一幕·场景1,a1s1,275,com,Computer,台词,"""However, there appears to be no further spread of the virus at this time, likely due to the rapid onset of symptoms and — so far — 100 percent mortality rate in humans.""",
208,第一幕·场景1,a1s1,276,,,旁白,"I don't understand many of the Earth words, but I understand enough.",
209,第一幕·场景1,a1s1,277,,,旁白,How can avia pox be so lethal to these humans?,
210,第一幕·场景1,a1s1,278,,,旁白,No other primates we know of have trouble with it.,
211,第一幕·场景1,a1s1,279,,,旁白,And these threats to end talks of being part of the {i}Galaxias{/i}; How frustrating that two states can halt an entire world from progressing.,
212,第一幕·场景1,a1s1,280,,,旁白,"I'm quietly relieved that the hard borders of our past are over now, at least.",
213,第一幕·场景1,a1s1,282,,,旁白,Amicus grumbles under his breath.,
214,第一幕·场景1,a1s1,283,a,Amicus,台词,"""How could they be so goddamn stupid?""",
215,第一幕·场景1,a1s1,284,,,旁白,"At first, I wonder if he's talking about the humans, which I find unfair, then I realize he might be speaking of the parents, which I find terrifying.",
216,第一幕·场景1,a1s1,285,,,旁白,Then he raises his voice.,
217,第一幕·场景1,a1s1,287,a,Amicus,台词,"""Do we know of any sapients that can contract avia pox and remain contagious after initial infection?""",
218,第一幕·场景1,a1s1,288,com,Computer,台词,"""No, Emperor Amicus.""",
219,第一幕·场景1,a1s1,293,ve,Veteris,台词,"""Ahem, I'm not an expert on infectious diseases by any means, but considering how little we know of the effects of the virus on humans, anything could be possible.""",
220,第一幕·场景1,a1s1,295,a,Amicus,台词,"""Yes, and due to Parental negligence, he's in quarantine! I'm beginning to think we need to bring him back. Like, back here, back home!""",
221,第一幕·场景1,a1s1,296,,,旁白,Amicus almost shouts.,
222,第一幕·场景1,a1s1,297,,,旁白,"If my fear of the parents wasn't obvious before, now it is, my eyes wide open.",
223,第一幕·场景1,a1s1,299,ve,Veteris,台词,"""The parents do work in the most mysteriou--""",
224,第一幕·场景1,a1s1,301,a,Amicus,台词,"""By making my human appear as if he is a bioweapon? What the hell are they playing at?""",
225,第一幕·场景1,a1s1,302,,,旁白,"""{i}We witnessed it...{/i}""",
226,第一幕·场景1,a1s1,303,,,旁白,I remember a rustle of leaves and quickly steer my mind away from what I had heard on the bench.,
227,第一幕·场景1,a1s1,304,,,旁白,"Virginia, who had been silent through most of the discussion, clears her throat.",
228,第一幕·场景1,a1s1,308,vi,Virginia,台词,"""Unfortunately Amicus, we know the parents are not able to foresee all things. We can only fulfill our own duties on our own plane of existence.""",
229,第一幕·场景1,a1s1,310,,,旁白,"Amicus takes a deep breath, sighing loudly.",
230,第一幕·场景1,a1s1,311,,,旁白,"I know his relationship with the human is close, everyone knows this based on what we saw during his fight with Cato, though how close is wildly different depending on who you ask.",
231,第一幕·场景1,a1s1,312,,,旁白,"It's clear he's more rattled than I've ever seen him though, his paws shaking on his knees.",
232,第一幕·场景1,a1s1,314,vi,Virginia,台词,"""Speaking of which, you had something to announce to our envoy, before the empire as a whole, correct?",
233,第一幕·场景1,a1s1,316,a,Amicus,台词,"""Did I?""",
234,第一幕·场景1,a1s1,318,,,旁白,Virginia sighs.,
235,第一幕·场景1,a1s1,320,a,Amicus,台词,"""Oh, right! I'm sorry, Sister. The Parental catastrophe on Earth had me slightly distracted.""",
236,第一幕·场景1,a1s1,321,,,旁白,"Again, I feel an ominous cloud over us, as if the parents themselves have entered the room in disapproval.",
237,第一幕·场景1,a1s1,322,a,Amicus,台词,"""As you all know, our discussions with the vizier and pharaoh have stalled over the past few months.""",
238,第一幕·场景1,a1s1,324,a,Amicus,台词,"""To show Khemia that Adastra is truly dedicated to an alliance--""",
239,第一幕·场景1,a1s1,325,,,旁白,"Amicus swallows, as if he's having trouble getting the words out of his throat.",
240,第一幕·场景1,a1s1,327,a,Amicus,台词,"""I will also be joining the envoy despite the many hardships it will bring our empire. I do believe the benefits will outweigh the cost. Khemia has accepted my request.""",
241,第一幕·场景1,a1s1,346,n,Neferu,台词,"""Oh, so you'll be joining us? I'm surprised, even {i}I{/i} wouldn't have given in to Father's pompous and unreasonable demands so easily.""",
242,第一幕·场景1,a1s1,347,,,旁白,"Having Amicus with us changes the dynamics of the entire mission, and while reassuring, knowing my emperor will be there the entire time just makes it all a bit more stressful.",
243,第一幕·场景1,a1s1,349,a,Amicus,台词,"""Talks have been stalled for three months, Neferu. Anyway, during this time, Virginia will fill the role of acting empress.""",
244,第一幕·场景1,a1s1,351,,,旁白,"Now my muzzle is hanging open, if only because it's the first time I've heard such words put together.",
245,第一幕·场景1,a1s1,352,,,旁白,Veteris visibly blanches while Neferu and Brunis barely react at all.,
246,第一幕·场景1,a1s1,353,,,旁白,I quickly snap my mouth closed.,
247,第一幕·场景1,a1s1,355,vi,Virginia,台词,"""Thank you, my Emperor. I will perform my duties in a way that honors both the empire, and you, Brother.""",
248,第一幕·场景1,a1s1,357,a,Amicus,台词,"""You always do, Virginia.""",
249,第一幕·场景1,a1s1,359,a,Amicus,台词,"""This means we should all keep in mind the fact that departure could occur any day now, depending on when the ship arrives.""",
250,第一幕·场景1,a1s1,360,,,旁白,I almost gasp and instead disguise it with a stifled cough.,
251,第一幕·场景1,a1s1,361,,,旁白,"The last few meetings had indicated a fast-approaching departure, but the possibility that it could be only days, or even a day away, causes my heart to pound in my chest.",
252,第一幕·场景1,a1s1,362,,,旁白,"I calm myself, remembering that my task is rather simple. No need to be anxious.",
253,第一幕·场景1,a1s1,363,,,旁白,"At least all my tasks not involving Neferu, anyway.",
254,第一幕·场景1,a1s1,365,a,Amicus,台词,"""Now, I must be off to... have a discussion with the parents once again, to make sure we're actually still on some sort of track.""",
255,第一幕·场景1,a1s1,375,,,旁白,It's dark by the time we're heading out.,
256,第一幕·场景1,a1s1,376,,,旁白,"On the way, Amicus corners me to covertly ask if I had a discussion with Veteris, which I confirm.",
257,第一幕·场景1,a1s1,377,,,旁白,Then the emperor glances over at Neferu who is leaning up against a pillar.,
258,第一幕·场景1,a1s1,378,,,旁白,"I take the hint, and as everyone else leaves, I approach the jackal, suddenly feeling nervous.",
259,第一幕·场景1,a1s1,379,,,旁白,"Likely because I have ulterior motives now, and that doesn't feel good, but I know if I am to perform my role well, I shouldn't be feeling any different at all.",
260,第一幕·场景1,a1s1,382,n,Neferu,台词,"""Well, hello there Chosen One. Usually it is me that approaches you, is it not?""",
261,第一幕·场景1,a1s1,384,n,Neferu,台词,"""Something catching your eye?""",
262,第一幕·场景1,a1s1,385,,,旁白,"I try to work out if that's a normal thing Neferu would say, deciding that my boldness must be causing him to act even more forward than usual.",
263,第一幕·场景1,a1s1,386,,,旁白,I shrug as casually as possible.,
264,第一幕·场景1,a1s1,390,m,Scipio,台词,"""Well, considering that my role is now certain, I thought we should better acquaint ourselves.""",
265,第一幕·场景1,a1s1,392,n,Neferu,台词,"""Is that so? Hmm, well, how do you think we could best do that?""",
266,第一幕·场景1,a1s1,393,,,旁白,"The tone in Neferu's voice has its usual playful lilt, but with an underlying pointedness that makes me flush just a bit under my fur.",
267,第一幕·场景1,a1s1,394,m,Scipio,台词,"""Well...""",
268,第一幕·场景1,a1s1,395,,,旁白,"I sidestep his theatrics, and games for now, realizing that taking the lead is too far out of my character when interacting with Neferu.",
269,第一幕·场景1,a1s1,396,m,Scipio,台词,"""Do you have any interesting plans for the night? Maybe you can help me better understand the Khemian way of things.""",
270,第一幕·场景1,a1s1,398,n,Neferu,台词,"""That would be rather difficult to do here on Adastra, but as for plans, not particularly.""",
271,第一幕·场景1,a1s1,406,br,Brunis,台词,"""Hey, ready to go, Nef? Oh, hey there, Skip.""",
272,第一幕·场景1,a1s1,407,m,Scipio,台词,"""Hello, Brunis.""",
273,第一幕·场景1,a1s1,408,,,旁白,"I'm at least able to avoid wincing now whenever they use the pet name for Scipio, one usually reserved for pups.",
274,第一幕·场景1,a1s1,410,n,Neferu,台词,"""That depends, Brunis. Firstly, I was meaning to ask Skip if he would like to visit a den with me?""",
275,第一幕·场景1,a1s1,412,,,旁白,I blink.,
276,第一幕·场景1,a1s1,413,,,旁白,"That's not exactly something you say loudly in such a quiet and hollow, echoing room.",
277,第一幕·场景1,a1s1,414,,,旁白,"I had been on the verge of simply asking if I could join the two of them, to make my attempt to fill my new role less conspicuous.",
278,第一幕·场景1,a1s1,415,,,旁白,"It's also something he's never asked me, despite his notoriously promiscuous reputation.",
279,第一幕·场景1,a1s1,416,,,旁白,Is it because I'm now guaranteed?,
280,第一幕·场景1,a1s1,417,,,旁白,Would he have asked the same of Carbo?,
281,第一幕·场景1,a1s1,418,,,旁白,"Imagining that bookish wolf in this situation is, well, it's unimaginable.",
282,第一幕·场景1,a1s1,419,,,旁白,"I can at least say I'm experienced, visiting a den with a partner.",
283,第一幕·场景1,a1s1,421,m,Scipio,台词,"""Well--""",
284,第一幕·场景1,a1s1,423,br,Brunis,台词,"""Well, alright then. Have fun, you two.""",
285,第一幕·场景1,a1s1,425,,,旁白,"The giant creature doesn't wait for my response before turning and heading out, leaving me alone with Neferu in the empty university.",
286,第一幕·场景1,a1s1,432,,,旁白,He's still waiting on an answer.,
287,第一幕·场景1,a1s1,433,,,旁白,"Back during my university days, if I became friendly with another attractive wolf, male or female, we would usually make stops at taverns or entertainment venues before possibly ending up in a den.",
288,第一幕·场景1,a1s1,434,,,旁白,"It was a weekly occurrence during my first few years attending this school, and yet my heart flutters like I'm ten years younger, about to experience a den for the first time.",
289,第一幕·场景1,a1s1,435,m,Scipio,台词,"""Y--yes, I'd like to.""",
290,第一幕·场景1,a1s1,437,n,Neferu,台词,"""Wonderful!""",
291,第一幕·场景1,a1s1,438,,,旁白,"I feel embarrassingly warm at the idea of a Khemian finding me attractive enough to bring me to a den, and I quickly remind myself of my mission.",
292,第一幕·场景1,a1s1,439,,,旁白,Whether or not I find the jackal charming or attractive matters not.,
293,第一幕·场景1,a1s1,440,,,旁白,I have a job to do.,
294,第一幕·场景1,a1s1,441,,,旁白,"Neferu offers me his arm, as if escorting me.",
295,第一幕·场景1,a1s1,443,n,Neferu,台词,"""There's an establishment in the Clay District we can go to.""",
296,第一幕·场景1,a1s1,446,m,Scipio,台词,"""Ah, the Clay District?""",
297,第一幕·场景1,a1s1,447,,,旁白,The surprise and hesitation in my voice is obvious.,
298,第一幕·场景1,a1s1,449,n,Neferu,台词,"""Sorry, would you rather go somewhere else? It's simply somewhat close by, but I don't want to make you uncomfortable if you have a problem with that place.""",
299,第一幕·场景1,a1s1,450,m,Scipio,台词,"""Well, it's more the place has a problem with me. They're not fond of the... elite.""",
300,第一幕·场景1,a1s1,451,,,旁白,"I say it with some feigned exasperation, not really feeling elite in any way, but I raise a paw to my mane, flipping the fur there casually.",
301,第一幕·场景1,a1s1,453,n,Neferu,台词,"""Oh yes, apologies for not remembering. Maybe we can catch up to Bru--""",
302,第一幕·场景1,a1s1,454,,,旁白,"Sensing Neferu pulling back from the initial offer, I place a paw on his proffered arm.",
303,第一幕·场景1,a1s1,455,m,Scipio,台词,"""It has been a while since any so-called 'elite' have been attacked in the streets. Besides, I'm curious as to what it might be like, considering you want to go.""",
304,第一幕·场景1,a1s1,456,,,旁白,"I give Neferu the chance to explain, but he simply smiles at me.",
305,第一幕·场景1,a1s1,458,n,Neferu,台词,"""I'll keep you safe, either way.""",
306,第一幕·场景1,a1s1,468,,,旁白,"The jackal keeps my arm around his the entire time, and I speculate that it's some sort of Khemian ritual before sexual intercourse, and I begin taking mental notes.",
307,第一幕·场景1,a1s1,469,,,旁白,"Meanwhile, I enjoy the feel of his thick bicep flexing slightly under the incredibly short fur, practically just a black velvet covering his defined muscles.",
308,第一幕·场景1,a1s1,470,,,旁白,"I quickly forget about the other, possibly hostile pedestrians as we get closer to the dens.",
309,第一幕·场景1,a1s1,471,,,旁白,They're not looking at me anyway.,
310,第一幕·场景1,a1s1,472,,,旁白,"I'm annoyed at myself for still feeling nervous, and also feeling a bit taken by this jackal.",
311,第一幕·场景1,a1s1,473,,,旁白,"The entrance is a shabby side door where Neferu signs in and pays, ignoring the stares with ease, and I find myself becoming a bit annoyed with the other wolves, breaking den etiquette just because he's a Khemian.",
312,第一幕·场景1,a1s1,474,,,旁白,I suppose I shouldn't expect anything different from those in the Clay District.,
313,第一幕·场景1,a1s1,475,,,旁白,Then we're led down a narrow hall and into the room Neferu rented.,
314,第一幕·场景1,a1s1,477,,,旁白,"The lights are dimmed low, and Neferu fumbles with the switch while I go to sit on the bed.",
315,第一幕·场景1,a1s1,483,,,旁白,"As the artificial {i}compluvium{/i} above us glows more brightly, I can tell it's one of the most expensive rooms in the establishment.",
316,第一幕·场景1,a1s1,484,,,旁白,"It's still a bit cramped, slightly tacky, but pleasant and far more luxurious than any den room I've been in.",
317,第一幕·场景1,a1s1,485,,,旁白,"I wonder if the lighted, expansive ceiling is what Neferu comes here for, considering how large and convincing it is, despite the room being completely closed off from the outside.",
318,第一幕·场景1,a1s1,486,,,旁白,"Still, dens are mainly frequented by students on their third warning for fornicating on campus.",
319,第一幕·场景1,a1s1,487,,,旁白,"I still live on campus, and so I technically still must follow those rules, but I know Neferu lives in the Imperial District where he likely lives in a fairly nice place.",
320,第一幕·场景1,a1s1,488,,,旁白,"And if there were a reason Neferu doesn't want to go to his living quarters, there are, I assume, higher quality dens in that district.",
321,第一幕·场景1,a1s1,489,,,旁白,"But Neferu is paying, and I'm not about to be rude and question him now.",
322,第一幕·场景1,a1s1,490,n,Neferu,台词,"""I assume you're familiar with this type of place?""",
323,第一幕·场景1,a1s1,491,,,旁白,"I glance at him, and he smiles toothily.",
324,第一幕·场景1,a1s1,492,,,旁白,"I realize then how brazenly he's posed himself, having already dropped his Khemian garb, now in just his underwear.",
325,第一幕·场景1,a1s1,493,,,旁白,"I note that his undergarments are wolven, likely having had to make the switch after being here for over three years now.",
326,第一幕·场景1,a1s1,494,,,旁白,"Swallowing hard, I stare, taking all of it in, feeling more nervous by the second.",
327,第一幕·场景1,a1s1,495,m,Scipio,台词,"""Sexual intercourse of any kind is forbidden on the grounds of Varro's University, so yes, I've been to a few.""",
328,第一幕·场景1,a1s1,496,,,旁白,"Neferu rolls his eyes, grabbing a bottle of the complimentary wine.",
329,第一幕·场景1,a1s1,497,n,Neferu,台词,"""And so is masturbation, I've heard. And here I thought wolves were sexually liberated.""",
330,第一幕·场景1,a1s1,498,m,Scipio,台词,"""Well, we are, it just happens to be the leading university on the moon, and the philosophy of the school does not include carnal thoughts...""",
331,第一幕·场景1,a1s1,499,,,旁白,"I find myself talking too much and trail off as Neferu leans casually against the armrest, drinking straight from the bottle.",
332,第一幕·场景1,a1s1,500,n,Neferu,台词,"""I attended the best university in the {i}Galaxias{/i}, and there were rooms dedicated to the act on campus.""",
333,第一幕·场景1,a1s1,502,,,旁白,"I bristle just slightly at the dig at my school, even if it's true that most every famous school on Khemia is superior.",
334,第一幕·场景1,a1s1,503,,,旁白,"After that comment though, I decide to try out some Khemian bluntness, about to ask why he's brought me here instead of his own place.",
335,第一幕·场景1,a1s1,504,m,Scipio,台词,"""Either way, why come to a den when--""",
336,第一幕·场景1,a1s1,505,,,旁白,"But then he walks up to me... right up close to me, to the point I feel my nose is going to bump the mound in his undergarments.",
337,第一幕·场景1,a1s1,518,n,Neferu,台词,"""Anyway, to celebrate your promotion, I thought I'd help you with your research on Khemians. Have you ever copulated with one?""",
338,第一幕·场景1,a1s1,519,,,旁白,"My throat is suddenly very dry as I shake my head, even though I know he knows the answer to that.",
339,第一幕·场景1,a1s1,520,n,Neferu,台词,"""Well...""",
340,第一幕·场景1,a1s1,521,,,旁白,"The jackal stands up straighter, putting his physique on display.",
341,第一幕·场景1,a1s1,522,,,旁白,"Just as I had felt earlier, I see his fur is much shorter compared to mine, giving him the advantage of being able to show off the muscles on his chest and stomach.",
342,第一幕·场景1,a1s1,523,,,旁白,He then grabs his undergarments and slides them down.,
343,第一幕·场景1,a1s1,524,,,旁白,"The jackal is moving boldly, in a way that makes me wonder if he's trying to make it less strange for me, seeing Khemian anatomy in-person for the first time.",
344,第一幕·场景1,a1s1,525,,,旁白,"Although I know what to expect, I'm still left staring in fascination.",
345,第一幕·场景1,a1s1,526,,,旁白,"While very different from my own, it fits well on his frame, and as he moves closer, I find myself reaching out, sliding my paws up his thighs, then back around to cup his rear.",
346,第一幕·场景1,a1s1,527,,,旁白,"This is the moment that my hesitance drops, and I pull the jackal in close, kissing his bare privates and abdomen, making him gasp.",
347,第一幕·场景1,a1s1,535,,,旁白,"It's a long session of sorts, though not very much happens, as Neferu seems to simply enjoy touching me.",
348,第一幕·场景1,a1s1,536,,,旁白,"At first, I'm a bit confused, unsure if it's some type of foreplay, but then I realize he's encouraging me to explore and touch back, and at some point, we simply end up entangled together, lying there.",
349,第一幕·场景1,a1s1,537,,,旁白,"His arms are around me tightly, and I can smell the wine on his breath.",
350,第一幕·场景1,a1s1,538,,,旁白,"Maybe it's a bit rude, but all of this makes me genuinely wonder if he's lonely.",
351,第一幕·场景1,a1s1,540,,,旁白,"As our movements ease to stillness, I reach back to rest a paw on his shoulder, just in case he needs reassurance, then I slowly fall asleep...",
352,第一幕·场景1,a1s1,541,,,旁白,...,
353,第一幕·场景1,a1s1,542,,,旁白,"I wake up, and what happens in the following moment is something that my mind is never able to fully process.",
354,第一幕·场景1,a1s1,543,,,旁白,"The door to our den is open, and I wonder why because it should have been locked.",
355,第一幕·场景1,a1s1,544,,,旁白,Is Neferu...?,
356,第一幕·场景1,a1s1,545,,,旁白,"As I reach for my glasses, I realize he's sleeping next to me, but that's when a large, dark figure stands up beside our bed.",
357,第一幕·场景1,a1s1,546,,,旁白,"A wolf who I don't know, his scent simply telling me he's a stranger, and a male.",
358,第一幕·场景1,a1s1,547,,,旁白,"There's something in his paw, and for a moment, I try to yell, but nothing happens.",
359,第一幕·场景1,a1s1,548,,,旁白,"The dark blocky shape of his head turns in my direction, noticing me awake, and my insides turn to water.",
360,第一幕·场景1,a1s1,550,,,旁白,"He moves, but then there's a harsh, ear-splitting crack and before my eyes, I see the man, the sapient, bend and warp in the shape of a wave before blasting apart.",
361,第一幕·场景1,a1s1,551,,,旁白,"I'm splattered by wetness, by smells and feelings I haven't felt since... since...",
362,第一幕·场景1,a1s1,563,,,旁白,"A light goes on, floating around us, displaying the horror.",
363,第一幕·场景1,a1s1,564,n,Neferu,台词,"""What the hell happened, Com!?""",
364,第一幕·场景1,a1s1,565,,,旁白,"Neferu is moving around beside me, but I can't move.",
365,第一幕·场景1,a1s1,566,,,旁白,I smell this person all over me.,
366,第一幕·场景1,a1s1,567,,,旁白,"I'm covered in him, tasting his blood, viscera, and more in my muzzle.",
367,第一幕·场景1,a1s1,568,com,Computer,台词,"""An assassination was attempted on the lives of Neferu and Scipio. Separatist connections are suspected. Amicus has been notified.""",
368,第一幕·场景1,a1s1,569,,,旁白,"The drone's small, built-in speaker makes Com's voice sound harsh, and as its light turns to illuminate the wall, I see everything.",
369,第一幕·场景1,a1s1,570,m,Scipio,台词,"""No, no, no...""",
370,第一幕·场景1,a1s1,571,com,Computer,台词,"""Target fully neutralized. Bodily state is incompatible with life.""",
371,第一幕·场景1,a1s1,572,m,Scipio,台词,"""No...{w=0.3} No...{w=0.3} No...""",
372,第一幕·场景1,a1s1,573,n,Neferu,台词,"""Skip?""",
373,第一幕·场景1,a1s1,574,,,旁白,I grasp at my mane.,
374,第一幕·场景1,a1s1,575,,,旁白,I feel them pulling at it.,
375,第一幕·场景1,a1s1,576,m,Scipio,台词,"""They're going to pull me out onto the street!""",
376,第一幕·场景1,a1s1,577,n,Neferu,台词,"""What?""",
377,第一幕·场景1,a1s1,578,,,旁白,Neferu finally focuses on me after fumbling around for the lights.,
378,第一幕·场景1,a1s1,579,m,Scipio,台词,"""I need...{w=0.3} to...""",
379,第一幕·场景1,a1s1,580,,,旁白,I can't breathe.,
380,第一幕·场景1,a1s1,581,,,旁白,"I roll off the bed, feeling the blood and soft, fleshy masses in my fur as I try to crawl under the bed, but I find no space.",
381,第一幕·场景1,a1s1,582,,,旁白,"Then I crawl behind the sofa, still covering my mane, avoiding the blood in the streets, avoiding the men with bricks torn from the university.",
382,第一幕·场景1,a1s1,583,,,旁白,"I avoid looking at one of my old professors in rhetoric as he gets his head smashed in with one of those bricks, the men taunting him, asking him if his fancy words can save him now.",
383,第一幕·场景1,a1s1,584,,,旁白,"I cover my eyes, waiting.",
384,第一幕·场景1,a1s1,585,,,旁白,"Someone, Neferu, touches my shoulder.",
385,第一幕·场景1,a1s1,586,,,旁白,"It's like I'm in two times and places at once, but the touch, it begins to ground me.",
386,第一幕·场景1,a1s1,587,,,旁白,"Still, I cover my mane and tremble until I'm finally able to bring the present back to focus, one that's not much better than the past.",
387,第一幕·场景1,a1s1,588,,,旁白,I look up and see Neferu staring at me.,
388,第一幕·场景1,a1s1,589,,,旁白,He's seen it.,
389,第一幕·场景1,a1s1,590,,,旁白,He sees what's wrong with me.,
390,第一幕·场景1,a1s1,591,,,旁白,I'm certain I'm not going to Khemia anymore.,
391,第一幕·场景1,a1s1,598,,,旁白,"What follows is a patchy, blurry mess that my memory is never able to put together.",
392,第一幕·场景1,a1s1,599,,,旁白,It's like during my first years of university; getting far too inebriated at the bar only to wake up with a raging headache and the hope that I didn't do anything too awful the night before.,
393,第一幕·场景1,a1s1,600,,,旁白,"But there's no joy in this feeling of inebriation, just numbness.",
394,第一幕·场景1,a1s1,601,,,旁白,"There are a few things I'm able to remember, though I'm unsure if it's real or imagined.",
395,第一幕·场景1,a1s1,602,,,旁白,"Wolves come into the room, and I don't know if they're from the establishment or if they're imperial officials.",
396,第一幕·场景1,a1s1,603,,,旁白,More drones follow.,
397,第一幕·场景1,a1s1,604,,,旁白,I know these are from the palace because only the imperial family owns drones.,
398,第一幕·场景1,a1s1,605,,,旁白,Then I'm on a small ship.,
399,第一幕·场景1,a1s1,606,,,旁白,"All the while, I'm trembling and I can't stop despite not feeling cold, or really any distinct emotion at all.",
400,第一幕·场景1,a1s1,607,,,旁白,"Neferu tries to speak to me every now and then, but seems to give up after I only offer one-worded answers.",
401,第一幕·场景1,a1s1,608,,,旁白,I thought I was done with this.,
402,第一幕·场景1,a1s1,609,,,旁白,But it's just like the first night after it happened.,
403,第一幕·场景1,a1s1,610,,,旁白,Like it's never left me.,
404,第一幕·场景1,a1s1,611,,,旁白,I'm still broken...,
405,第一幕·场景1,a1s1,618,,,旁白,Then I'm being ushered out of the ship by Neferu.,
406,第一幕·场景1,a1s1,619,,,旁白,"Com is talking to us, but I'm not paying attention to him.",
407,第一幕·场景1,a1s1,620,,,旁白,"It's like my mind is crowded with too many thoughts, yet I'm not thinking of anything.",
408,第一幕·场景1,a1s1,621,,,旁白,Or at least I'm trying not to think of anything.,
409,第一幕·场景1,a1s1,622,,,旁白,"I'm vaguely aware of the fact that Neferu had been cleaning my fur on the way here, yet the smell is still all over me.",
410,第一幕·场景1,a1s1,623,,,旁白,"I've heard that jackals have a weaker sense of smell, or at least not as sensitive as that of a wolf.",
411,第一幕·场景1,a1s1,624,,,旁白,But now that I'm focusing on the smell...,
412,第一幕·场景1,a1s1,625,,,旁白,I keel over and retch violently.,
413,第一幕·场景1,a1s1,628,n,Neferu,台词,"""Ahhotep!""",
414,第一幕·场景1,a1s1,630,,,旁白,"I'm jerked to the side, and at first, I think Neferu pushed me away.",
415,第一幕·场景1,a1s1,631,,,旁白,I wouldn't fault him for it.,
416,第一幕·场景1,a1s1,632,,,旁白,"But instead, he's positioned me over the bushes to be sick into them instead of on the path.",
417,第一幕·场景1,a1s1,633,,,旁白,"Not much comes up... Just the wine from earlier, and it burns worse than I remember from my younger years.",
418,第一幕·场景1,a1s1,635,,,旁白,"All the while, Neferu is holding back my mane, just like my schoolmates might have back in those days.",
419,第一幕·场景1,a1s1,636,,,旁白,"Before the riots, anyway.",
420,第一幕·场景1,a1s1,637,,,旁白,Those events seemed to knock the innocence and wonder of being at university right out of us.,
421,第一幕·场景1,a1s1,638,com,Computer,台词,"""Amicus insists that you meet him in the palace--""",
422,第一幕·场景1,a1s1,640,n,Neferu,台词,"""Gods! Tell him we are on our way! Skip is unwell.""",
423,第一幕·场景1,a1s1,641,,,旁白,"No, no, no, don't tell him that...",
424,第一幕·场景1,a1s1,642,m,Scipio,台词,"""I am fine.""",
425,第一幕·场景1,a1s1,644,,,旁白,"I straighten up purposefully, taking a deep breath, only to breathe in the scent of the assassin.",
426,第一幕·场景1,a1s1,645,,,旁白,He filters through my nostrils as fresh as when he first splattered through our room.,
427,第一幕·场景1,a1s1,646,,,旁白,"Again, I give a great retch, but I'm empty and nothing comes up this time.",
428,第一幕·场景1,a1s1,648,n,Neferu,台词,"""Skip, what's wrong? Were you injured? Are you sick?""",
429,第一幕·场景1,a1s1,649,,,旁白,"Yes, that's it.",
430,第一幕·场景1,a1s1,650,m,Scipio,台词,"""Yes. I--I'm physically ill...""",
431,第一幕·场景1,a1s1,651,,,旁白,"I steady my feet again, then straighten up my posture, setting off in the direction of the palace while Neferu follows along, his paw on my back.",
432,第一幕·场景1,a1s1,652,,,旁白,"I shrug him off, not wanting to appear as if I need steadying, like I'm some woman about to faint.",
433,第一幕·场景1,a1s1,653,m,Scipio,台词,"""I was feeling off earlier in the evening, and I suppose it's developed further. I'm feeling better now, though.""",
434,第一幕·场景1,a1s1,655,,,旁白,I'm regaining my composure.,
435,第一幕·场景1,a1s1,656,,,旁白,"I begin my breathing exercises, the ones that usually steady my paws and racing thoughts.",
436,第一幕·场景1,a1s1,657,,,旁白,"Still, even as I slow my breathing, my vision continues to blacken at the edges in ebbs and flows, a constant threat that I might lose consciousness.",
437,第一幕·场景1,a1s1,658,,,旁白,"That is the one thing I cannot do right now, not in front of the men who are in charge of this mission.",
438,第一幕·场景1,a1s1,659,,,旁白,Too much depends on this...,
439,第一幕·场景1,a1s1,660,,,旁白,"Somehow, over the course of twenty paces, I'm able to focus my mind, and recompose my outward demeanor, all by blocking out what had just happened.",
440,第一幕·场景1,a1s1,661,,,旁白,I've worked my way up and up to this position for far too long.,
441,第一幕·场景1,a1s1,662,,,旁白,"I will not fall now, will not let the heights I've reached be used against me.",
442,第一幕·场景1,a1s1,663,,,旁白,"Still, I know what I'm doing isn't going to help tomorrow, or the next day, or the next, but that's unimportant right now.",
443,第一幕·场景1,a1s1,664,m,Scipio,台词,"""Come on. Amicus is waiting.""",
444,第一幕·场景1,a1s1,666,,,旁白,"I don't look at him, but I can tell Neferu is staring at me as he follows along at my side, and I can tell he wants to ask further questions.",
445,第一幕·场景1,a1s1,667,,,旁白,"Of course he does, but thank the gods, he keeps silent as we turn to walk through the archway and into the palace.",
446,第一幕·场景1,a1s1,675,,,旁白,I've only been inside the palace twice.,
447,第一幕·场景1,a1s1,676,,,旁白,"The first time was two years ago, with the two other assistants-in-training, when Amicus interviewed the three of us before sending us back to the university.",
448,第一幕·场景1,a1s1,677,,,旁白,"The last time was last week, when I'd shown up with those same wolves, only to watch one, then the other be dismissed until I was alone.",
449,第一幕·场景1,a1s1,678,,,旁白,"I need to display the same confidence that I'd felt back then, to simply keep the last hour wiped from my mind.",
450,第一幕·场景1,a1s1,683,,,旁白,"My confident stride falters when I see Amicus though, standing right there, in the main hallway.",
451,第一幕·场景1,a1s1,684,,,旁白,His presence is always intimidating.,
452,第一幕·场景1,a1s1,685,,,旁白,"He is the emperor, after all.",
453,第一幕·场景1,a1s1,686,,,旁白,"But right now, he looks especially imposing because he's angry.",
454,第一幕·场景1,a1s1,688,a,Amicus,台词,"""What in the HELL were you thinking!?""",
455,第一幕·场景1,a1s1,689,,,旁白,"More than angry, I've seen him angry before.",
456,第一幕·场景1,a1s1,690,,,旁白,This is fury.,
457,第一幕·场景1,a1s1,691,,,旁白,But he's not looking at me.,
458,第一幕·场景1,a1s1,692,,,旁白,"In fact, it's as if I'm not even present, his gaze reserved only for the jackal beside me.",
459,第一幕·场景1,a1s1,693,,,旁白,"This is good, actually.",
460,第一幕·场景1,a1s1,696,n,Neferu,台词,"""Hm?""",
461,第一幕·场景1,a1s1,697,,,旁白,"Neferu's smug nature returns, and I have to admit that it impresses me a little bit.",
462,第一幕·场景1,a1s1,698,,,旁白,"Even if he is the pharaoh's son, he's still a lone jackal within the palace of an enraged wolven emperor.",
463,第一幕·场景1,a1s1,699,,,旁白,"Amicus raises a paw, as if to stop the jackal physically.",
464,第一幕·场景1,a1s1,701,a,Amicus,台词,"""No, no, Neferu. I'm not playing your stupid games tonight! This is...this goes beyond--""",
465,第一幕·场景1,a1s1,703,,,旁白,"The emperor seems to remember himself and takes a deep breath, though the smoldering fury continues to burn in his eyes.",
466,第一幕·场景1,a1s1,705,a,Amicus,台词,"""You realize how serious this is, what could have happened?""",
467,第一幕·场景1,a1s1,707,n,Neferu,台词,"""I realize this, yes. I was there.""",
468,第一幕·场景1,a1s1,710,a,Amicus,台词,"""Then what the FUCK were you doing in the Clay District!""",
469,第一幕·场景1,a1s1,711,,,旁白,"I jump, never having heard Amicus shout like that, or curse in such a manner, for that matter.",
470,第一幕·场景1,a1s1,713,a,Amicus,台词,"""Carelessly showing your face, no appointments, no protection...""",
471,第一幕·场景1,a1s1,715,n,Neferu,台词,"""Oh, they offer protection there.""",
472,第一幕·场景1,a1s1,717,,,旁白,"Neferu's joke falls terribly flat, and Amicus lets it hang there in the air, as if to emphasize the stupidity of even saying it.",
473,第一幕·场景1,a1s1,719,a,Amicus,台词,"""You know, I almost felt guilty assigning a drone to tail you covertly. What if you'd been killed? I thought you were at least somewhat sensible, I--""",
474,第一幕·场景1,a1s1,720,,,旁白,"Amicus's muzzle hangs open for a moment, as if trying to search for words appropriate enough to describe his disbelief and anger.",
475,第一幕·场景1,a1s1,721,,,旁白,"Even through my numbed senses, I'm able to feel some shame and embarrassment, not only for myself, but Neferu as well.",
476,第一幕·场景1,a1s1,722,,,旁白,What {i}had{/i} we been thinking?,
477,第一幕·场景1,a1s1,723,,,旁白,"We knew the separatist movements had been gaining a bit more momentum recently, become more radical.",
478,第一幕·场景1,a1s1,724,,,旁白,We'd discussed the possibility of things becoming more dangerous.,
479,第一幕·场景1,a1s1,725,,,旁白,"While I might not matter in the grand scheme of this mission, losing Neferu would...",
480,第一幕·场景1,a1s1,726,,,旁白,"Well, it would end the mission.",
481,第一幕·场景1,a1s1,727,,,旁白,It might even start a war.,
482,第一幕·场景1,a1s1,728,,,旁白,"That's exactly what the separatists want, after all.",
483,第一幕·场景1,a1s1,729,,,旁白,"I suppose I had simply assumed Neferu knew the risks, knew what he was doing, but I hadn't even bothered to ask.",
484,第一幕·场景1,a1s1,731,,,旁白,"I look at him and see that he has his ears back, eyes downcast, though they flick in my direction, instinctively causing me to lower my gaze.",
485,第一幕·场景1,a1s1,733,,,旁白,"Amicus's anger seems to lose its edge, his demeanor shrinking a bit as he waits for Neferu to respond.",
486,第一幕·场景1,a1s1,734,,,旁白,"When the jackal offers nothing, Amicus spreads his paws in a gesture of bewilderment.",
487,第一幕·场景1,a1s1,736,a,Amicus,台词,"""I mean, you're not some frolicking first year student needing a private room for fornication, are you?""",
488,第一幕·场景1,a1s1,737,a,Amicus,台词,"""I set you up with the best living quarters in the Imperial District.""",
489,第一幕·场景1,a1s1,739,n,Neferu,台词,"""It's a long walk, and I was tired, Amicus.""",
490,第一幕·场景1,a1s1,741,a,Amicus,台词,"""Wha--you--""",
491,第一幕·场景1,a1s1,743,,,旁白,"Again, the emperor is at a loss for words, anger steadily replaced with disbelief while I silently beg Neferu to just be a little serious.",
492,第一幕·场景1,a1s1,744,com,Computer,台词,"""An assessment of the current situation indicates that I have information that may be of use to you, Amicus.""",
493,第一幕·场景1,a1s1,746,a,Amicus,台词,"""What, about the assassin?""",
494,第一幕·场景1,a1s1,747,com,Computer,台词,"""About Neferu's living accommodations.""",
495,第一幕·场景1,a1s1,749,n,Neferu,台词,"""Oh, shut up, Com.""",
496,第一幕·场景1,a1s1,751,a,Amicus,台词,"""What is it?""",
497,第一幕·场景1,a1s1,752,com,Computer,台词,"""The magistrate of the Imperial District ordered for the apartment to be renovated and thus evicted Neferu.""",
498,第一幕·场景1,a1s1,754,a,Amicus,台词,"""What!? I was not notified of this--""",
499,第一幕·场景1,a1s1,755,com,Computer,台词,"""According to Adastran code 3304 under housing, Magistrate Anthony was fully within his rights to do so without notifying you, Amicus.""",
500,第一幕·场景1,a1s1,757,a,Amicus,台词,"""Then where the hell have you been living, Neferu?""",
501,第一幕·场景1,a1s1,759,,,旁白,"The jackal opens his mouth, but is interrupted by Com once again.",
502,第一幕·场景1,a1s1,761,com,Computer,台词,"""He has been renting various temporary living spaces, mainly within the Silk and Clay districts. I have logged the addresses of each location if you would like to--""",
503,第一幕·场景1,a1s1,763,n,Neferu,台词,"""Shut the hell up for once, Com! The point has been made! If all you do is spy, then you should learn to read a room.""",
504,第一幕·场景1,a1s1,764,,,旁白,That word again.,
505,第一幕·场景1,a1s1,765,com,Computer,台词,"""'Read a room' does not compute, Neferu.""",
506,第一幕·场景1,a1s1,767,n,Neferu,台词,"""We know, Com.""",
507,第一幕·场景1,a1s1,769,a,Amicus,台词,"""Neferu, why did you not tell me of this?""",
508,第一幕·场景1,a1s1,770,,,旁白,"Amicus looks less angry now, more confused.",
509,第一幕·场景1,a1s1,772,,,旁白,Neferu sighs.,
510,第一幕·场景1,a1s1,774,n,Neferu,台词,"""You are the emperor of Adastra. You have larger issues to worry about than me getting kicked out of my place of residence because of wolven spite.""",
511,第一幕·场景1,a1s1,776,a,Amicus,台词,"""Not if it endangers your life. If the pharaoh or even the vizier knew of your slinking around the worst districts of Adastra City, all of our efforts over the past four years could be ended within seconds.""",
512,第一幕·场景1,a1s1,778,n,Neferu,台词,"""Why are you so sure of that? You seem to think they care about me.""",
513,第一幕·场景1,a1s1,781,a,Amicus,台词,"""I said none of your games tonight. I know your relationship with your father is a poor one, but frankly, that matters little to me.""",
514,第一幕·场景1,a1s1,783,a,Amicus,台词,"""What does matter is the optics. Imagine, the son of the Khemian pharaoh being murdered on the poorest streets of Adastra. Imagine it.""",
515,第一幕·场景1,a1s1,784,a,Amicus,台词,"""Like it or not, you are {i}my{/i} responsibility while you are here, as you are a diplomatic guest.""",
516,第一幕·场景1,a1s1,785,a,Amicus,台词,"""So, {i}my{/i} inability to, at the very least, keep you alive, would demand an answer from Khemia and set back all of our work by years, if not generations!""",
517,第一幕·场景1,a1s1,788,,,旁白,"That finally seems to get through to the jackal, and he does not respond this time.",
518,第一幕·场景1,a1s1,789,,,旁白,A very uncomfortable silence follows.,
519,第一幕·场景1,a1s1,790,,,旁白,"Then, the jackal bows with a quick duck of his head.",
520,第一幕·场景1,a1s1,794,n,Neferu,台词,"""You are right, Amicus. I suppose I have become too comfortable on this moon. I apologize for my negligence.""",
521,第一幕·场景1,a1s1,795,,,旁白,Neferu then turns to me.,
522,第一幕·场景1,a1s1,803,n,Neferu,台词,"""And I apologize to you, Scipio. I had no intention of endangering your mission, but more importantly, your life. For whatever reason, the possibility didn't even cross my mind. Forgive me.""",
523,第一幕·场景1,a1s1,804,,,旁白,"He catches me a bit off guard, but I manage to keep my composure.",
524,第一幕·场景1,a1s1,805,m,Scipio,台词,"""You have my forgiveness, Neferu.""",
525,第一幕·场景1,a1s1,806,,,旁白,"Then, realizing Amicus's eyes are now on me, I quickly turn to him.",
526,第一幕·场景1,a1s1,807,m,Scipio,台词,"""I am adjusting and learning about this new position I am in. Still, I should have known such actions were reckless. I am sorry, my emperor.""",
527,第一幕·场景1,a1s1,809,,,旁白,"I kneel before Amicus, holding my breath, at the same time hearing Neferu exhale, a gentle sigh, as if seeing me do such a thing bothers him.",
528,第一幕·场景1,a1s1,810,,,旁白,I don't care though.,
529,第一幕·场景1,a1s1,811,,,旁白,"This is the moment to prepare myself for a dismissal, from both the palace and my position.",
530,第一幕·场景1,a1s1,812,,,旁白,Neferu's paw comes to rest on my shoulder in a somewhat supportive way.,
531,第一幕·场景1,a1s1,813,,,旁白,"Amicus rubs his face with a paw tiredly, sighing loudly.",
532,第一幕·场景1,a1s1,815,a,Amicus,台词,"""Get up, Scipio. If anyone is kneeling, it should be Neferu.""",
533,第一幕·场景1,a1s1,817,,,旁白,"Amicus glares back at the jackal as I get to my feet, swaying slightly, dizzy for some reason.",
534,第一幕·场景1,a1s1,818,a,Amicus,台词,"""Just be thankful that Virginia is not aware of this--""",
535,第一幕·场景1,a1s1,819,com,Computer,台词,"""Amicus, you should know that a report on the incident has been filed for Virginia upon her awakening--""",
536,第一幕·场景1,a1s1,822,a,Amicus,台词,"""Delete that, Com!""",
537,第一幕·场景1,a1s1,823,com,Computer,台词,"""Deleting report on the assassination attempt upon the lives of Neferu and Scipio for Virginia.""",
538,第一幕·场景1,a1s1,827,a,Amicus,台词,"""Gods... I have such a mess to clean up now. Who else knows of what happened?""",
539,第一幕·场景1,a1s1,829,n,Neferu,台词,"""The owner of the establishment, and possibly a few housekeepers.""",
540,第一幕·场景1,a1s1,831,a,Amicus,台词,"""Com, guard the entrance to that den, ensure that no one leaves the premises until I arrive.""",
541,第一幕·场景1,a1s1,835,,,旁白,"Amicus walks past us, and I can hear the deep rumble of a stifled growl in his throat before he calls over his shoulder.",
542,第一幕·场景1,a1s1,836,a,Amicus,台词,"""Neferu, you are to take up residence in the palace once more. I'll have your belongings moved here from wherever the hell you're staying now.""",
543,第一幕·场景1,a1s1,838,n,Neferu,台词,"""Oh, wonderful.""",
544,第一幕·场景1,a1s1,839,a,Amicus,台词,"""In fact, Com, alert Veteris and Brunis that they will both be moving residence behind the palace walls first thing in the morning. We cannot afford mistakes at this point.""",
545,第一幕·场景1,a1s1,840,com,Computer,台词,"""Yes, Amicus.""",
546,第一幕·场景1,a1s1,842,n,Neferu,台词,"""And where shall I bed for the night, Amicus?""",
547,第一幕·场景1,a1s1,843,,,旁白,Amicus is almost past the archway.,
548,第一幕·场景1,a1s1,844,a,Amicus,台词,"""Same room as last time. It should be the same as you left it.""",
549,第一幕·场景1,a1s1,846,n,Neferu,台词,"""Oh really? I thought that room was for the emperor--""",
550,第一幕·场景1,a1s1,848,,,旁白,"But Amicus disappears around the corner, a small parade of drones following him.",
551,第一幕·场景1,a1s1,850,,,旁白,"Neferu goes quiet, sighing deeply.",
552,第一幕·场景1,a1s1,852,,,旁白,"Then he rubs the back of his neck, glancing at me.",
553,第一幕·场景1,a1s1,853,m,Scipio,台词,"""Does this mean I take the sofa?""",
554,第一幕·场景1,a1s1,854,,,旁白,"I gesture at one of the velvet couches, only partially joking as I'm not sure where I'm supposed to stay.",
555,第一幕·场景1,a1s1,855,,,旁白,"Still, I'm relieved I'm such an afterthought in Amicus's mind, at least for now.",
556,第一幕·场景1,a1s1,857,n,Neferu,台词,"""If you'd like. I don't think I've ever seen anyone use them. I believe, however, that Amicus was implying that we share the room.""",
557,第一幕·场景1,a1s1,858,m,Scipio,台词,"""What makes you believe that?""",
558,第一幕·场景1,a1s1,860,n,Neferu,台词,"""There are two beds in that room, if it has stayed the way I remember.""",
559,第一幕·场景1,a1s1,861,m,Scipio,台词,"""I see.""",
560,第一幕·场景1,a1s1,862,,,旁白,So maybe I'm not such an afterthought.,
561,第一幕·场景1,a1s1,863,,,旁白,"I wonder if Amicus still has our relationship in mind, even though such things seem much less important to me right now.",
562,第一幕·场景1,a1s1,864,,,旁白,"I think about my small room on campus, the one that I had been moved to two years ago, the place that I desperately wish to be right now.",
563,第一幕·场景1,a1s1,865,,,旁白,"Being in a private room amongst the faculty, I don't have to mingle with the students in the dorms, not that I would have to anyway, considering it's mostly empty for the summer.",
564,第一幕·场景1,a1s1,866,,,旁白,"But while I'd like to be alone, I'm not so sure if there's security there robust enough to deal with assassination attempts, and I don't know if Amicus has a drone tailing me as well.",
565,第一幕·场景1,a1s1,867,,,旁白,Probably not.,
566,第一幕·场景1,a1s1,869,n,Neferu,台词,"""So... Do you wish to speak about what happened, or--""",
567,第一幕·场景1,a1s1,870,m,Scipio,台词,"""In all honesty, I wish to have a long bath.""",
568,第一幕·场景1,a1s1,871,,,旁白,"I'm becoming aware of the smell again, now that I'm no longer distracted by the emperor.",
569,第一幕·场景1,a1s1,873,n,Neferu,台词,"""I'll take that as a no. Follow me.""",
570,第一幕·场景1,a1s1,875,,,旁白,I frown a bit as I follow the jackal.,
571,第一幕·场景1,a1s1,876,,,旁白,Why would he just expect me to open up...,
572,第一幕·场景1,a1s1,877,,,旁白,"Then I remind myself he's a Khemian, and I should be adapting to what they expect from a friendship.",
573,第一幕·场景1,a1s1,878,,,旁白,It's just that I'd rather my issues not be the topic he's so interested in.,
574,第一幕·场景1,a1s1,879,,,旁白,"We walk in silence through the marble halls, and soon cross into sections I'm not familiar with.",
575,第一幕·场景1,a1s1,880,,,旁白,"The last time I visited the palace, I'd been a bit too preoccupied to really take in my surroundings.",
576,第一幕·场景1,a1s1,881,,,旁白,"Now, I'm able to see that it's rather empty, almost utilitarian in its design.",
577,第一幕·场景1,a1s1,882,,,旁白,One would think the halls to be embroidered with gold and encrusted with precious stones if they only listened to the rumors spread by the lower classes.,
578,第一幕·场景1,a1s1,884,,,旁白,"We come to a stop at what appears to be a door without a handle, and Neferu automatically raises a paw to a black square, which sends the door sliding open at a startling speed.",
579,第一幕·场景1,a1s1,886,,,旁白,"Now that is a bit fanciful, I have to admit.",
580,第一幕·场景1,a1s1,891,,,旁白,"What's even more fanciful is a giant bath, the same size as the public one at the university, maybe even bigger.",
581,第一幕·场景1,a1s1,892,,,旁白,"The university's bath is almost always filled with dozens of men, but this one is completely empty.",
582,第一幕·场景1,a1s1,893,,,旁白,"Instead of the sulfuric smell I'm used to, I'm instead hit with a warm, steamy wall of floral scents.",
583,第一幕·场景1,a1s1,895,n,Neferu,台词,"""Help yourself. Drones will clean up after you.""",
584,第一幕·场景1,a1s1,896,,,旁白,"I step in hesitantly, then notice Neferu hanging back.",
585,第一幕·场景1,a1s1,897,m,Scipio,台词,"""Don't you need to wash as well?""",
586,第一幕·场景1,a1s1,899,n,Neferu,台词,"""There's a personal bath in the room. Besides that, I feel you need a more--""",
587,第一幕·场景1,a1s1,901,,,旁白,"Neferu makes vague, waving motions with his paws.",
588,第一幕·场景1,a1s1,902,n,Neferu,台词,"""--wide open space to ease your mind. What you experienced was a terrible thing, and I know it has affected you.""",
589,第一幕·场景1,a1s1,903,,,旁白,I bristle.,
590,第一幕·场景1,a1s1,904,m,Scipio,台词,"""For that moment, yes, but I've had time to collect myself.""",
591,第一幕·场景1,a1s1,906,n,Neferu,台词,"""Well, take the time to collect yourself further. When you're finished, ask for directions to where I am. Com will direct you.""",
592,第一幕·场景1,a1s1,909,,,旁白,"Neferu steps out, leaving me frowning once again at his abrupt nature.",
593,第一幕·场景1,a1s1,910,,,旁白,Or is it just rudeness?,
594,第一幕·场景1,a1s1,911,,,旁白,"I had used a firm tone, but only to hint that I didn't want to talk about it.",
595,第一幕·场景1,a1s1,912,,,旁白,My wolven friends would have understood.,
596,第一幕·场景1,a1s1,913,,,旁白,"I find myself agreeing more with what Veteris said about casual betrayals, and the possibility that this ""casual"" relationship will be more difficult to maintain than that word would indicate.",
597,第一幕·场景1,a1s1,914,,,旁白,"I have to admit, the more I get to know him, the more odd he seems.",
598,第一幕·场景1,a1s1,915,,,旁白,"Maybe I misjudged our relationship, and Neferu himself, but I can't worry about that now.",
599,第一幕·场景1,a1s1,916,,,旁白,"He's under stress as well, likely more than me, so I'll ignore it for now.",
600,第一幕·场景1,a1s1,917,,,旁白,"Not to mention slightly drunk, having forgotten about the wine he drank earlier.",
601,第一幕·场景1,a1s1,918,,,旁白,"Still, the more I think of it, the more upset I become, especially after going through something terrible that was essentially caused by his negligence.",
602,第一幕·场景1,a1s1,919,,,旁白,"I begin undressing, deciding to be faster with my own tongue when I speak to him in the future.",
603,第一幕·场景1,a1s1,920,,,旁白,"Neferu thinks himself to be more clever than he really is, that much is clear about him.",
604,第一幕·场景1,a1s1,921,,,旁白,Maybe next time I'll show him that it's not difficult to speak fast while also being rude.,
605,第一幕·场景1,a1s1,922,,,旁白,"Not for me, anyway.",
606,第一幕·场景1,a1s1,924,,,旁白,"I simply yield to higher authority, and being an assistant to the scholar on the mission, well, that means I yield to most everyone here.",
607,第一幕·场景1,a1s1,925,,,旁白,"Neferu, however, insists we speak as equals, and if most of my assignment involves needing to learn more about him, then I must do that.",
608,第一幕·场景1,a1s1,926,,,旁白,"I suck air through my teeth as I slip into the water, a bit surprised at how much hotter it is than the university bath.",
609,第一幕·场景1,a1s1,927,,,旁白,"I usually lower myself slowly, but it's painful enough that as my groin nears the steaming water, I just drop in all at once.",
610,第一幕·场景1,a1s1,928,m,Scipio,台词,"""Ahhhhh....""",
611,第一幕·场景1,a1s1,929,,,旁白,I groan in equal parts pain and pleasure before dunking my head into the scented water.,
612,第一幕·场景1,a1s1,930,,,旁白,"I come back up, tasting the salty minerals, leaving me to wonder how they've kept the smell so pleasant.",
613,第一幕·场景1,a1s1,931,,,旁白,Maybe it's completely artificial.,
614,第一幕·场景1,a1s1,932,,,旁白,"A far cry from the natural springs back in Lux, but I don't mind.",
615,第一幕·场景1,a1s1,933,,,旁白,"I'm already feeling better, shivering down my spine a few times as I imagine the remnants of the night washing off and floating away from my body.",
616,第一幕·场景1,a1s1,934,,,旁白,"I submerge myself a few more times before finally settling back, sighing deeply.",
617,第一幕·场景1,a1s1,935,,,旁白,"I'm finally able to relax, almost aching from the tension of having such important eyes on me the entire day.",
618,第一幕·场景1,a1s1,936,,,旁白,"And from the terror of the past hour, the reminder making my chest feel hollow and my head feel light.",
619,第一幕·场景1,a1s1,937,,,旁白,Has it only been that long?,
620,第一幕·场景1,a1s1,938,,,旁白,"So far, Neferu hasn't shown any indication that he intends to tell anyone else about how he saw me react.",
621,第一幕·场景1,a1s1,939,,,旁白,"Still, that frosty look on his face when he left just now...",
622,第一幕·场景1,a1s1,940,,,旁白,"Though I had been reluctant to share my experience with the jackal, I now think it would be wise to open up to him a bit.",
623,第一幕·场景1,a1s1,941,,,旁白,"He'd seen my reaction and questioned it, and seemed offended by my unwillingness to share.",
624,第一幕·场景1,a1s1,942,,,旁白,"I decide to try to achieve some understanding, just in case he goes elsewhere for answers.",
625,第一幕·场景1,a1s1,943,,,旁白,"During the psychological portion of the vetting process for my position, I'd almost crumbled multiple times.",
626,第一幕·场景1,a1s1,944,,,旁白,I doubt I'd be able to do it again in my current state.,
627,第一幕·场景1,a1s1,945,,,旁白,{i}Then maybe they chose the wrong wolf?{/i},
628,第一幕·场景1,a1s1,946,,,旁白,"It will be difficult, confessing my mental weaknesses to someone that isn't my mindfulness teacher, or my mother--",
629,第一幕·场景1,a1s1,947,,,旁白,My eyes fly open as I realize I've forgotten to send my daily message to her.,
630,第一幕·场景1,a1s1,948,m,Scipio,台词,"""Damn it! Com?""",
631,第一幕·场景1,a1s1,949,com,Computer,台词,"""Yes, Scipio?""",
632,第一幕·场景1,a1s1,950,m,Scipio,台词,"""Do you have a portal here that I can use?""",
633,第一幕·场景1,a1s1,951,com,Computer,台词,"""I'm sorry, but I cannot allow you to use technology reserved for the imperial family--""",
634,第一幕·场景1,a1s1,952,,,旁白,"I sigh, wondering if I'll have to ask Neferu to borrow his.",
635,第一幕·场景1,a1s1,953,com,Computer,台词,"""However, your personal portal is due to arrive within the minute, along with the rest of your belongings. Would you like me to send it to you in the baths?""",
636,第一幕·场景1,a1s1,954,m,Scipio,台词,"""Er... Yes, please.""",
637,第一幕·场景1,a1s1,955,,,旁白,"I quickly stand to soap up, scrubbing, and then rinsing my fur, careful to really get the spots that felt hard and bristled.",
638,第一幕·场景1,a1s1,956,,,旁白,"I dry my fur in a hurry, and as I'm dressing, a tiny drone floats down from an opening in the ceiling, balancing a silver rod, about the length of my forearm, on its top.",
639,第一幕·场景1,a1s1,957,,,旁白,"I pluck my portal from the floating machine in a delicate manner, now very aware of what they're capable of in combat.",
640,第一幕·场景1,a1s1,958,m,Scipio,台词,"""Thank you...""",
641,第一幕·场景1,a1s1,959,,,旁白,"I mumble quietly, but it immediately floats away, back to its ceiling hatch.",
642,第一幕·场景1,a1s1,961,,,旁白,"I quickly tap it to extend the transparent, glowing panel from the rod.",
643,第一幕·场景1,a1s1,962,,,旁白,I feel my heart leap in my chest when I see that I have a message waiting for me from Mother.,
644,第一幕·场景1,a1s1,963,,,旁白,"I'd hoped that maybe she hadn't been up yet, even though Lux is several hours ahead of Adastra, and she's always up before Vita rises.",
645,第一幕·场景1,a1s1,964,,,旁白,I open it and read the small message:,
646,第一幕·场景1,a1s1,965,,,旁白,"{i}Skippy, I hope you are well. Did you fall asleep early? I imagine they must be working you quite hard. Please respond when you can. All my love!{/i}",
647,第一幕·场景1,a1s1,966,,,旁白,{i}-Mother.{/i},
648,第一幕·场景1,a1s1,967,,,旁白,"It was sent around the time I'd been asleep, before it happened.",
649,第一幕·场景1,a1s1,968,,,旁白,What if I hadn't survived and never sent her a final message because of my forgetfulness?,
650,第一幕·场景1,a1s1,969,,,旁白,"I start to type a message back, a quick one, but then I notice the icon in the corner.",
651,第一幕·场景1,a1s1,970,,,旁白,"Visual communication is what truly makes this device a ""portal"".",
652,第一幕·场景1,a1s1,971,,,旁白,"We only use it once weekly, but that day is two days away, and because I missed sending my message on time, and because I miss Mother...",
653,第一幕·场景1,a1s1,972,,,旁白,"I push the icon resembling an arrowhead, as if pointing in the direction of where she is, thousands of kilometers away.",
654,第一幕·场景1,a1s1,973,,,旁白,"She answers within seconds, and at first, all I see is white fabric, then a bracelet, then my mother's face.",
655,第一幕·场景1,a1s1,975,,,旁白,"She doesn't sound too worried or upset, but her chiding voice makes it difficult to speak, for some reason.",
656,第一幕·场景1,a1s1,976,,,旁白,"If I were to be completely honest, I'd give up my mission just to be with her again, to be in the warmth of our villa, with the smell of {i}oliban{/i} thick in the air.",
657,第一幕·场景1,a1s1,978,,,旁白,The fortress inside my mind that I had thought I'd rebuilt comes crumbling down.,
658,第一幕·场景1,a1s1,980,,,旁白,"I open my mouth, but all that comes out is a sob as the tears well up and soak into the fur on my cheeks.",
659,第一幕·场景1,a1s1,989,,,旁白,"When I arrive at Neferu's room, I find him already asleep on the bed.",
660,第一幕·场景1,a1s1,990,,,旁白,"It's certainly much more exotic than the rest of the palace, but it being the emperor's room, that makes sense.",
661,第一幕·场景1,a1s1,991,,,旁白,"I see a few crates stacked in one corner of the room, which I assume to be our belongings.",
662,第一幕·场景1,a1s1,992,,,旁白,"I'm too tired to look through them now, however, and find myself slumping into the smaller bed.",
663,第一幕·场景1,a1s1,993,,,旁白,"Even if it is smaller, it's quite a bit more comfortable than any bed I've slept on.",
664,第一幕·场景1,a1s1,995,,,旁白,"Within less than a minute, the babbling fountain behind me lulls me into a deep sleep.",
665,第一幕·场景1,a1s1,1001,,,旁白,"The dreams that follow are intense, long, and vivid.",
666,第一幕·场景1,a1s1,1003,,,旁白,"I watch as the assassin raises his knife, and this time I can see his face, grinning with delight.",
667,第一幕·场景1,a1s1,1004,,,旁白,"He's got a glassy look in his eyes, his expression looking almost fake, and I get the unnerving feeling that he's not alive, even now.",
668,第一幕·场景1,a1s1,1005,,,旁白,"But then I see the drone just behind him, and I realize the angle.",
669,第一幕·场景1,a1s1,1006,,,旁白,"Before I can yell, to warn it that I'm in its path, it fires.",
670,第一幕·场景1,a1s1,1019,,,旁白,"At first, I feel the wave, the warping of space that ripples through my mortal flesh.",
671,第一幕·场景1,a1s1,1020,,,旁白,Nothing I've experienced in my life could have prepared me for the pain.,
672,第一幕·场景1,a1s1,1021,,,旁白,"I wonder how it's possible to feel so much pain for so long, even though it had seemed instantaneous when it happened to the other wolf.",
673,第一幕·场景1,a1s1,1022,,,旁白,"I've been killed with him this time, and a terror grips me, not of the pain, but of death.",
674,第一幕·场景1,a1s1,1032,,,旁白,A whisper of a thousand dead leaves rattles around me.,
675,第一幕·场景1,a1s1,1033,,,旁白,"""{i}As you should be. Death is a terrible, terrible thing.{/i}""",
676,第一幕·场景1,a1s1,1034,,,旁白,"I hear screaming, but it can't be me, as I die and feel everything rip apart.",
677,第一幕·场景1,a1s1,1035,,,旁白,"But the voice must be lying, because death shouldn't be terrible, it should be a release, a calm eternity after the chaos of life.",
678,第一幕·场景1,a1s1,1043,,,旁白,"It's... it's okay, I'm going to the Amalgamation, where we're all meant to be in the end.",
679,第一幕·场景1,a1s1,1044,,,旁白,This is okay.,
680,第一幕·场景1,a1s1,1045,,,旁白,This is natural.,
681,第一幕·场景1,a1s1,1046,,,旁白,This is normal.,
682,第一幕·场景1,a1s1,1047,,,旁白,"""{i}The Amalgamation is nothing but an ocean of suffering. Even you know that it's unnatural, Scipio.{/i}""",
683,第一幕·场景1,a1s1,1048,,,旁白,"The voice of rattling, dried leaves, the one I'd heard in the university earlier, terrifies me to my very core.",
684,第一幕·场景1,a1s1,1049,,,旁白,Had the worries and doubts I'd harbored for the past decade been warranted?,
685,第一幕·场景1,a1s1,1050,,,旁白,"""{i}No, Scipio. It's far, far worse than that.""",
686,第一幕·场景1,a1s1,1058,,,旁白,"Then, somehow still aware, I feel myself pulled down, down, down...",
687,第一幕·场景1,a1s1,1059,,,旁白,"I'm joining the Amalgamation, but all I hear are screams, and howls, and cries.",
688,第一幕·场景1,a1s1,1060,,,旁白,This is more like the afterlife that wolves imagined before full Parental contact.,
689,第一幕·场景1,a1s1,1061,,,旁白,They had been right.,
690,第一幕·场景1,a1s1,1065,,,旁白,"They're suffering, and so am I, the pain, mental and physical, is as fresh as ever.",
691,第一幕·场景1,a1s1,1066,,,旁白,"No reprieve, no relief, and now my pain melds with the countless souls around me, our suffering seeming to drown us.",
692,第一幕·场景1,a1s1,1067,,,旁白,"I had thought the pain of death was bad, but this is a new level, having to feel the agony of everyone who came before me.",
693,第一幕·场景1,a1s1,1069,,,旁白,"No... No, my assignment!",
694,第一幕·场景1,a1s1,1070,,,旁白,I can't die now.,
695,第一幕·场景1,a1s1,1071,,,旁白,"But I realize that I am dead, and that my mission doesn't matter in the least bit right now.",
696,第一幕·场景1,a1s1,1072,,,旁白,"If this is forever, then it doesn't matter that I'm at the start.",
697,第一幕·场景1,a1s1,1073,,,旁白,"The beginning might as well be the end, because this, this is eternity, and that thought alone is going to drive me mad.",
698,第一幕·场景1,a1s1,1074,,,旁白,"I lose track of time almost immediately, and now I have no idea how long it's been.",
699,第一幕·场景1,a1s1,1075,,,旁白,At least hours.,
700,第一幕·场景1,a1s1,1076,,,旁白,"""{i}But Scipio, it's only been minutes. See how quickly it breaks you?{/i}""",
701,第一幕·场景1,a1s1,1077,,,旁白,Mother?,
702,第一幕·场景1,a1s1,1078,,,旁白,"I beg without a mouth or voice for her comfort, for her to save me, like I am truly a pup.",
703,第一幕·场景1,a1s1,1079,,,旁白,"""{i}She will join you in due time, Scipio, but how will you ever find her amongst the billions? But at least your suffering will become one with hers.{/i}""",
704,第一幕·场景1,a1s1,1080,,,旁白,"No... Please, no.",
705,第一幕·场景1,a1s1,1087,,,旁白,"""{i}Unless...{/i}""",
706,第一幕·场景1,a1s1,1088,,,旁白,Unless?,
707,第一幕·场景1,a1s1,1089,,,旁白,Unless what?,
708,第一幕·场景1,a1s1,1090,,,旁白,Tell me!,
709,第一幕·场景1,a1s1,1091,,,旁白,I'm begging now... I'll do anything at this point.,
710,第一幕·场景1,a1s1,1092,,,旁白,"And suddenly I'm rising now, as if being pulled from the depths of the deepest sea made of suffocating fire.",
711,第一幕·场景1,a1s1,1101,,,旁白,"""{i}There are other possibilities, Scipio.{/i}""",
712,第一幕·场景1,a1s1,1102,,,旁白,"Anything, anything but this.",
713,第一幕·场景1,a1s1,1103,,,旁白,"""{i}We know what you truly want, what you truly deserve: To become useful, to fulfill your duties, and then to die, naturally, with all the pain dying with you.{/i}""",
714,第一幕·场景1,a1s1,1110,,,旁白,Of course.,
715,第一幕·场景1,a1s1,1111,,,旁白,"""U{i}s{/i}e{i}f{/i}u{i}l{/i}...""",
716,第一幕·场景1,a1s1,1112,,,旁白,...,
717,第一幕·场景1,a1s1,1114,,,旁白,The next voice to come through is a stark contrast to the rattling voices from earlier.,
718,第一幕·场景1,a1s1,1115,,,旁白,"Instead, it's high, clear, and... female?",
719,第一幕·场景1,a1s1,1116,unk,?????,台词,"""Scipio? Hey, don't listen to that. You'll get answers and help very soon! But right now you just need to wake up, this is a dream...""",
720,第一幕·场景1,a1s1,1117,,,旁白,"I've heard the voice before, and I hear a grumbling, like a discontented growl, and I remember for just a moment those two voices I heard on the bench.",
721,第一幕·场景1,a1s1,1118,,,旁白,And then it finally ends.,
722,第一幕·场景1,a1s1,1128,,,旁白,"I sit on the stone ledge surrounding the pond, letting my feet cool in the water.",
723,第一幕·场景1,a1s1,1129,,,旁白,"I was only a little confused when I woke up in the palace, but very quickly remembered what happened the night before.",
724,第一幕·场景1,a1s1,1130,,,旁白,"It's somewhat easier to think back on now, and I start to try and process it, something I should do according to my mindfulness teachings.",
725,第一幕·场景1,a1s1,1131,,,旁白,"Still, there's an odd, dreamy quality to what I see, almost like a filter exists between me and the world.",
726,第一幕·场景1,a1s1,1132,,,旁白,"It's a familiar, numbing feeling and I sit there in front of the fountain, feeling as if I'm staring through a fog I cannot see.",
727,第一幕·场景1,a1s1,1133,,,旁白,"This happened last time as well, though it's not as prevalent.",
728,第一幕·场景1,a1s1,1134,,,旁白,"Shortly after the riots, I was seeing everything as if it were one of the stories broadcast on the entertainment channels.",
729,第一幕·场景1,a1s1,1135,,,旁白,"A tragic story, but one that at least didn't feel real.",
730,第一幕·场景1,a1s1,1136,,,旁白,"A ""defense mechanism"" my mindfulness teacher had called it.",
731,第一幕·场景1,a1s1,1137,,,旁白,"Back then, I had trouble telling the difference between dreams and being awake, which was how last night had felt.",
732,第一幕·场景1,a1s1,1138,,,旁白,My actual dreams had been so emotionally exhausting that I'm still feeling... hollow.,
733,第一幕·场景1,a1s1,1139,,,旁白,"This despite the fact that I had forgotten most of the details upon waking, aside from suffering in an imagined Amalgamation.",
734,第一幕·场景1,a1s1,1140,,,旁白,"Not an uncommon nightmare, but much more intense, which isn't surprising after last night.",
735,第一幕·场景1,a1s1,1141,,,旁白,"I'd left Neferu still sleeping in the bedroom, secretly hoping that he might seek me out, and I'm relieved when he does.",
736,第一幕·场景1,a1s1,1142,,,旁白,"It tells me that he's at least still interested in me, which I remind myself is something I need to foster.",
737,第一幕·场景1,a1s1,1143,,,旁白,"If I weren't serving Adastra right now, I'd go back home, to the outskirts of Lux, and hug my mother longer than I ever have before.",
738,第一幕·场景1,a1s1,1144,,,旁白,"The thought brings emotions up that I need to tamp down, so I swallow, as if I'm swallowing those feelings of weakness.",
739,第一幕·场景1,a1s1,1148,,,旁白,"Meanwhile, Neferu almost stumbles and almost trips on his way over, looking a bit more unkempt than usual, squinting in the bright light.",
740,第一幕·场景1,a1s1,1150,n,Neferu,台词,"""Getting some fresh air?""",
741,第一幕·场景1,a1s1,1151,m,Scipio,台词,"""Oh, I just needed--""",
742,第一幕·场景1,a1s1,1152,,,旁白,"I wave my paws around, mimicking his own gestures from last night.",
743,第一幕·场景1,a1s1,1153,m,Scipio,台词,"""--space.""",
744,第一幕·场景1,a1s1,1155,n,Neferu,台词,"""I... apologize for my behavior last night, it is unfair--""",
745,第一幕·场景1,a1s1,1156,,,旁白,"I wave away the apology, not wanting him to take me seriously.",
746,第一幕·场景1,a1s1,1157,m,Scipio,台词,"""I'm teasing you, Nef.""",
747,第一幕·场景1,a1s1,1158,,,旁白,"The jackal seems to loosen up a bit as I use his shortened name, something I've never done before.",
748,第一幕·场景1,a1s1,1160,n,Neferu,台词,"""Still, it was insensitive and cruel. Sometimes I let my emotions get the better of me.""",
749,第一幕·场景1,a1s1,1161,m,Scipio,台词,"""It's alright. Are Khemians not known to be blunt?""",
750,第一幕·场景1,a1s1,1163,n,Neferu,台词,"""It was insensitive even by Khemian standards, but if space is what you like, I think you will really enjoy the deserts of Khemia.""",
751,第一幕·场景1,a1s1,1164,,,旁白,"The transition is just abrupt enough that I'm caught a bit off guard by it, and I have to re-center my thoughts.",
752,第一幕·场景1,a1s1,1165,m,Scipio,台词,"""You know, I come from a region of Adastra that is a desert?""",
753,第一幕·场景1,a1s1,1166,n,Neferu,台词,"""Yes, but nowhere on Adastra is like the deserts of Khemia.""",
754,第一幕·场景1,a1s1,1167,m,Scipio,台词,"""Yeah, countless dunes, right?""",
755,第一幕·场景1,a1s1,1169,n,Neferu,台词,"""Among other things, but yes, many dunes.""",
756,第一幕·场景1,a1s1,1170,m,Scipio,台词,"""The desert I come from is a tundra, so I've never really seen those.""",
757,第一幕·场景1,a1s1,1172,n,Neferu,台词,"""Lux, correct? I've been there before. My fur was no match for the cold.""",
758,第一幕·场景1,a1s1,1173,,,旁白,"I look at him, genuinely surprised.",
759,第一幕·场景1,a1s1,1174,,,旁白,"Lux isn't usually a place people just go to, especially a Khemian.",
760,第一幕·场景1,a1s1,1175,m,Scipio,台词,"""Lux? I'm surprised. I mean, I'm still proud of my city for becoming what it is despite the hurdles, but it's notoriously anti-Khemian.""",
761,第一幕·场景1,a1s1,1176,,,旁白,Neferu shrugs.,
762,第一幕·场景1,a1s1,1178,n,Neferu,台词,"""When a city, or entire world is having those hardships, it's usually not the fault of those who live there. They call it the City of Rebellion, but from what I saw, it's more like the City of Isolation.""",
763,第一幕·场景1,a1s1,1179,,,旁白,"I'm surprised by his insight, and even more so by what he says next.",
764,第一幕·场景1,a1s1,1181,n,Neferu,台词,"""Is that why you're here? Were you driven to look for something more?""",
765,第一幕·场景1,a1s1,1182,m,Scipio,台词,"""In a way. A frozen tundra can leave one wanting for more, even if it does have the best hot springs on the moon.""",
766,第一幕·场景1,a1s1,1183,,,旁白,"If I'm being honest, I hate Lux more than I love it, but I feel that saying so, along with the reasons, is not compatible with the Khemian mindset.",
767,第一幕·场景1,a1s1,1185,n,Neferu,台词,"""Those hot springs {i}are{/i} divine, though. Adastran hot baths are one of the most pleasurable aspects of your culture. I don't understand why Khemia hasn't implemented them in every population center yet.""",
768,第一幕·场景1,a1s1,1186,m,Scipio,台词,"""Possibly because Khemia does not wish to admit they borrowed any culture from Adastra?""",
769,第一幕·场景1,a1s1,1188,,,旁白,"I'm half-serious, but I understand that Adastra's influence is the weakest amongst all the Siblings.",
770,第一幕·场景1,a1s1,1189,,,旁白,"It was a confusing experience, being a student of Khemian culture, admiring its capabilities while conscious of our own inferiority.",
771,第一幕·场景1,a1s1,1190,,,旁白,"I think back to my primary schooling, and how I would go to the library and obsessively examine the educational murals of Khemia, the sprawling dunes below illuminated by the bright moon above.",
772,第一幕·场景1,a1s1,1191,,,旁白,"Meanwhile, the jackals danced in the moonlight.",
773,第一幕·场景1,a1s1,1192,,,旁白,"That was probably the beginning of my obsession with Khemia, and Neferu reminding me that I might be able to go...",
774,第一幕·场景1,a1s1,1193,,,旁白,"It penetrates through my numbed fog and I feel some excitement, but also apprehension, because I know I need to talk to Neferu about last night if I'm ever going to rest easy.",
775,第一幕·场景1,a1s1,1194,,,旁白,It must show on my face.,
776,第一幕·场景1,a1s1,1196,n,Neferu,台词,"""What's wrong?""",
777,第一幕·场景1,a1s1,1197,m,Scipio,台词,"""Can I speak to you for a moment, about something I'd like to keep private between us?""",
778,第一幕·场景1,a1s1,1199,,,旁白,Neferu walks closer to the edge of the pond.,
779,第一幕·场景1,a1s1,1201,n,Neferu,台词,"""Well, it depends on what that something is. Promising to keep a secret before knowing--""",
780,第一幕·场景1,a1s1,1203,n,Neferu,台词,"""AHHOTEP!""",
781,第一幕·场景1,a1s1,1204,,,旁白,"I jump too, bringing my paws up to be at the ready.",
782,第一幕·场景1,a1s1,1205,m,Scipio,台词,"""What!?""",
783,第一幕·场景1,a1s1,1207,,,旁白,"I look back at the jackal as he stumbles back, staring with wide eyes at the ground beside me.",
784,第一幕·场景1,a1s1,1208,,,旁白,"I look down, finding nothing but stone and a garden spider.",
785,第一幕·场景1,a1s1,1209,,,旁白,"I look back up at him, my heart hammering to bits in my chest, trying to fight off a familiar wave of rising panic.",
786,第一幕·场景1,a1s1,1210,m,Scipio,台词,"""What is it, Neferu!?""",
787,第一幕·场景1,a1s1,1211,,,旁白,"If he's playing games with me, in my current state, I don't think I would be able to forgive him.",
788,第一幕·场景1,a1s1,1212,,,旁白,"But now he's shuddering, looking angry.",
789,第一幕·场景1,a1s1,1214,n,Neferu,台词,"""Gods damn your eight eyes! It's every time in this awful garden!""",
790,第一幕·场景1,a1s1,1215,,,旁白,"I look at the spider, motionless, legs fanned out to touch either side of the pond's stone border.",
791,第一幕·场景1,a1s1,1216,m,Scipio,台词,"""Are you... are you speaking to a spider, Neferu?""",
792,第一幕·场景1,a1s1,1217,n,Neferu,台词,"""And how the HELL do you sit next to it? It's disgusting!""",
793,第一幕·场景1,a1s1,1218,,,旁白,"I sit there, confused, completely thrown off by this sudden intense, even violent reaction from Neferu.",
794,第一幕·场景1,a1s1,1219,m,Scipio,台词,"""What's wrong with it?""",
795,第一幕·场景1,a1s1,1221,n,Neferu,台词,"""Everything.""",
796,第一幕·场景1,a1s1,1222,,,旁白,I start to smile a little.,
797,第一幕·场景1,a1s1,1223,m,Scipio,台词,"""Are you afraid of it, Neferu? You know that their venom is hardly--""",
798,第一幕·场景1,a1s1,1225,n,Neferu,台词,"""I know! Many of you wolves remind me of this. It doesn't change the fact that they are an abomination.""",
799,第一幕·场景1,a1s1,1226,,,旁白,"I look back down at the creature, frowning before poking one of my blunt claws at the very back of its abdomen.",
800,第一幕·场景1,a1s1,1228,,,旁白,"Like lightning, it skitters away, across the stone slabs of the ground and toward a pillar.",
801,第一幕·场景1,a1s1,1229,,,旁白,Neferu's body is tense until he decides it's moved far enough away.,
802,第一幕·场景1,a1s1,1230,m,Scipio,台词,"""They're the most natural and effective form of pest-control. You know, back when I was a pup, I would catch them to keep as pets.""",
803,第一幕·场景1,a1s1,1231,,,旁白,"Neferu watches the spider warily before approaching the edge of the pond, looking around closely before finally sitting next to me.",
804,第一幕·场景1,a1s1,1233,n,Neferu,台词,"""Cultural differences, I suppose.""",
805,第一幕·场景1,a1s1,1234,,,旁白,"I think back to my studies of Khemian wildlife, of the many dangerous and extremely venomous creatures that prowl through the sands.",
806,第一幕·场景1,a1s1,1235,m,Scipio,台词,"""Are spiders dangerous on Khemia? I know other arachnids can pose a threat. Scorpions, I think they're called? The creatures with those incredible, curved stinging tails.""",
807,第一幕·场景1,a1s1,1236,,,旁白,Neferu dips his feet into the water with a sigh.,
808,第一幕·场景1,a1s1,1238,n,Neferu,台词,"""Incredibly painful stinging tails. Even on this planet, I shake out my clothing and bedding before using them. It became a habit after an incident with one of my loincloths during my youth.""",
809,第一幕·场景1,a1s1,1240,n,Neferu,台词,"""I will only say that I could not sit properly for several days. Otherwise, our largest spiders are tarantulas, which are somehow much easier to look at than--""",
810,第一幕·场景1,a1s1,1242,,,旁白,"The jackal shudders again, and this time I keep a straight face.",
811,第一幕·场景1,a1s1,1244,n,Neferu,台词,"""--what are basically true spiders, only ten times the size they have any right to be.""",
812,第一幕·场景1,a1s1,1245,m,Scipio,台词,"""If you have aggressive arachnids on your planet, then I feel your fear is completely reasonable. I have a very strong fear of--""",
813,第一幕·场景1,a1s1,1246,,,旁白,"""{i}--the types of people that live in the Clay District--""",
814,第一幕·场景1,a1s1,1247,m,Scipio,台词,"""--snakes. In fact, I believe my reaction would have been worse than yours just now.""",
815,第一幕·场景1,a1s1,1249,n,Neferu,台词,"""While I believe that fear is more rational, I am glad to know a wolf who is more understanding.""",
816,第一幕·场景1,a1s1,1251,n,Neferu,台词,"""Now, you wanted to confide in me about something?""",
817,第一幕·场景1,a1s1,1255,,,旁白,"Our lighthearted conversation is about to become heavy once more, and I sigh, wondering how best to word what I've decided to reveal.",
818,第一幕·场景1,a1s1,1256,,,旁白,"A quick word, I think.",
819,第一幕·场景1,a1s1,1257,m,Scipio,台词,"""Over the past year, I've come to very much enjoy your company, Neferu, especially over the past few weeks. I feel that we are becoming true friends.""",
820,第一幕·场景1,a1s1,1258,,,旁白,"Neferu understands wolven friendship, so just to make sure it's clear, I add;",
821,第一幕·场景1,a1s1,1259,m,Scipio,台词,"""Wolven friends. I know we are already friends by Khemian standards, just as you were friends with Marcus and Carbo.""",
822,第一幕·场景1,a1s1,1261,n,Neferu,台词,"""What can I say? You make great conversation. If my interpretations are correct, I believe that I feel the same way.""",
823,第一幕·场景1,a1s1,1262,m,Scipio,台词,"""Thank you. But because of that, I feel I should tell you some things about myself that could be important. So... I want to explain what happened last night.""",
824,第一幕·场景1,a1s1,1264,n,Neferu,台词,"""I see. Then I will let you speak without interruption.""",
825,第一幕·场景1,a1s1,1265,m,Scipio,台词,"""Well, there is not much to say. Simply that I had a terrible experience three years ago, during Cato's Riots. You may be aware that they targeted the university, among other institutions.""",
826,第一幕·场景1,a1s1,1266,m,Scipio,台词,"""They stormed our dormitories and attacked students and faculty. I was one of the unfortunate ones to be caught, likely due to my more obvious mane, and I was... humiliated in various ways.""",
827,第一幕·场景1,a1s1,1267,,,旁白,"I look at Neferu's reflection, and he looks back at me, his expression attentive, but stoic.",
828,第一幕·场景1,a1s1,1268,m,Scipio,台词,"""What I experienced was mild compared to others, perhaps even merciful, because I am still alive. I think my issue is that I witnessed many of these terrible things. This all left an impression on my mind, a sort of...""",
829,第一幕·场景1,a1s1,1269,,,旁白,"I furrow my brow, trying to think of the right words to describe it.",
830,第一幕·场景1,a1s1,1270,m,Scipio,台词,"""Like, an ache, but in my mind, one that I have mostly been able to overcome, but the events at the den last night... It irritated that ache a bit.""",
831,第一幕·场景1,a1s1,1271,,,旁白,"I had been somewhat lucky that my spectacles had been knocked off and broken, leaving the happenings beyond my immediate vicinity a literal blur, but it had been enough.",
832,第一幕·场景1,a1s1,1272,m,Scipio,台词,"""The reaction you saw from me is connected to this. Being awoken suddenly in the unfamiliar den, then witnessing what happened, I was unprepared.""",
833,第一幕·场景1,a1s1,1273,m,Scipio,台词,"""But I am prepared now, and I doubt the ache will return like it did. I just wanted to explain it to you, as a friend, though it is something I only tell friends, so I hope you can keep it between us.""",
834,第一幕·场景1,a1s1,1274,,,旁白,"I wait for a moment, somewhat satisfied with my tactics in explaining this to him.",
835,第一幕·场景1,a1s1,1275,,,旁白,But he stays quiet.,
836,第一幕·场景1,a1s1,1276,,,旁白,Anxiety knots up in a place just below my diaphragm.,
837,第一幕·场景1,a1s1,1277,,,旁白,"I look up at Neferu, though he's still gazing into the water.",
838,第一幕·场景1,a1s1,1285,m,Scipio,台词,"""I--I hope I was able to make sense. I am not insane. I understand what is happening shortly after these moments, and it's only happened a few times this past year.""",
839,第一幕·场景1,a1s1,1286,,,旁白,More silence.,
840,第一幕·场景1,a1s1,1287,m,Scipio,台词,"""And I can face moments of extreme stress when I am prepared, and I can guarantee that I will always be prepared during our mission.""",
841,第一幕·场景1,a1s1,1288,,,旁白,"If this isn't bad enough, my words waver toward the end, feeling my heart beginning to sink.",
842,第一幕·场景1,a1s1,1293,,,旁白,Dammit.,
843,第一幕·场景1,a1s1,1294,,,旁白,I should have known.,
844,第一幕·场景1,a1s1,1295,,,旁白,Why had I been this naive?,
845,第一幕·场景1,a1s1,1296,,,旁白,Neferu is a Khemian.,
846,第一幕·场景1,a1s1,1297,,,旁白,"They're known for many things, one of them being efficient, so why keep something that is inefficient?",
847,第一幕·场景1,a1s1,1298,,,旁白,That is what I am.,
848,第一幕·场景1,a1s1,1299,,,旁白,"I'm being selfish, wolven pride preventing me from admitting to it, trying to stay on the mission for my own personal reasons.",
849,第一幕·场景1,a1s1,1300,m,Scipio,台词,"""I suppose you're upset with me?""",
850,第一幕·场景1,a1s1,1301,,,旁白,"I mumble dejectedly, feeling myself wanting to cry.",
851,第一幕·场景1,a1s1,1302,,,旁白,"It feels unusually easy to do now, after sobbing to my mother last night.",
852,第一幕·场景1,a1s1,1303,,,旁白,Neferu finally looks at me.,
853,第一幕·场景1,a1s1,1305,n,Neferu,台词,"""Scipio.""",
854,第一幕·场景1,a1s1,1306,m,Scipio,台词,"""Yes?""",
855,第一幕·场景1,a1s1,1307,,,旁白,I keep my voice light and attentive.,
856,第一幕·场景1,a1s1,1308,n,Neferu,台词,"""I am upset, but not with you. I am... frustrated with many things. I suppose I'm upset with Adastra as a whole.""",
857,第一幕·场景1,a1s1,1309,,,旁白,The jackal's voice is heavy and distant.,
858,第一幕·场景1,a1s1,1310,m,Scipio,台词,"""Adastra?""",
859,第一幕·场景1,a1s1,1311,n,Neferu,台词,"""You already know this, but the catalyst of those riots involved me to an extent.""",
860,第一幕·场景1,a1s1,1312,,,旁白,"Of course I do, but I'm still surprised that he's addressing it so directly.",
861,第一幕·场景1,a1s1,1313,,,旁白,"I had seen imagery of Neferu being prepared for execution by Cato shortly after the riots, but I never delved into it, into any part of the riots, because why would I?",
862,第一幕·场景1,a1s1,1314,,,旁白,"No one has spoken about it, not in the two years I've been involved in the mission.",
863,第一幕·场景1,a1s1,1315,,,旁白,And why would we?,
864,第一幕·场景1,a1s1,1316,,,旁白,I clear my throat.,
865,第一幕·场景1,a1s1,1317,m,Scipio,台词,"""I do know, yes.""",
866,第一幕·场景1,a1s1,1318,n,Neferu,台词,"""When I was kneeling in the amphitheater, certain my life was about to end, I was at peace. In fact, you might even say that I was willing to die, especially at that time.""",
867,第一幕·场景1,a1s1,1319,n,Neferu,台词,"""I had reasoned that it was an easy purpose and a quick path to redemption.""",
868,第一幕·场景1,a1s1,1320,,,旁白,Neferu trails his paw through the water.,
869,第一幕·场景1,a1s1,1321,n,Neferu,台词,"""But then I was saved by a friend. Shortly afterwards, I witnessed {i}his{/i} neck being slashed instead.""",
870,第一幕·场景1,a1s1,1322,n,Neferu,台词,"""At the moment he was leaning against me, I saw his neck in detail. I then witnessed his final moments with his lover.""",
871,第一幕·场景1,a1s1,1323,,,旁白,"I continue to listen, attentive despite knowing the story.",
872,第一幕·场景1,a1s1,1324,,,旁白,The human's sacrifice saved Amicus's rule and Neferu's life.,
873,第一幕·场景1,a1s1,1325,,,旁白,I would have thought of it as an intensely joyous moment for the jackal.,
874,第一幕·场景1,a1s1,1326,m,Scipio,台词,"""He is very brave.""",
875,第一幕·场景1,a1s1,1327,,,旁白,"Neferu is quiet for a moment, still playing with the water.",
876,第一幕·场景1,a1s1,1328,n,Neferu,台词,"""Yes, though he'd deny it and tell you that he simply never knows what he's doing, and only 'goes with the flow', or something along those lines.""",
877,第一幕·场景1,a1s1,1329,,,旁白,"The Luxian phrase ""use the river"" comes to mind.",
878,第一幕·场景1,a1s1,1330,,,旁白,"A simple concept, but its literal meaning, to see the rivers around us as tools rather than obstacles, helped the community survive and rise to the prominence of a triumvir city.",
879,第一幕·场景1,a1s1,1331,n,Neferu,台词,"""I tell you this because that experience changed something within me. I don't believe that I ever feared death until that moment, when it happened right before my eyes.""",
880,第一幕·场景1,a1s1,1332,n,Neferu,台词,"""For the first time, I watched a sapient, a friend, transition from existence, to nothing. Nothing but an empty, damaged vessel cradled in his lover's arms.""",
881,第一幕·场景1,a1s1,1333,,,旁白,Now I think I understand.,
882,第一幕·场景1,a1s1,1334,,,旁白,"Memories surface of that bright, blue-sky day slowly turning to a reddish haze as clouds of glowing orange towered over the city, and of Professor Urbicus lying on his back in the street next to me as I played dead.",
883,第一幕·场景1,a1s1,1335,,,旁白,"I watched his fitful death throes, his last, sporadic movements as his damaged brain struggled to continue its existence.",
884,第一幕·场景1,a1s1,1336,,,旁白,Before it finally failed.,
885,第一幕·场景1,a1s1,1337,,,旁白,"He had been trying to defend me, telling them to leave the students be, and so they turned their attention to him.",
886,第一幕·场景1,a1s1,1338,,,旁白,"His long, accomplished life had him serve under three different emperors before he dedicated the remainder of that life to instilling the art of rhetoric into the youth.",
887,第一幕·场景1,a1s1,1339,,,旁白,"And despite all of that, he'd used his last words to save me.",
888,第一幕·场景1,a1s1,1340,,,旁白,"My mind begins clouding slightly, and Neferu notices.",
889,第一幕·场景1,a1s1,1351,n,Neferu,台词,"""Sorry, are you alright?""",
890,第一幕·场景1,a1s1,1354,,,旁白,I clear my mind by focusing back on the present.,
891,第一幕·场景1,a1s1,1355,m,Scipio,台词,"""Yes.""",
892,第一幕·场景1,a1s1,1357,n,Neferu,台词,"""I could have handled that more delicately, but my point is this; we shared a terrible moment three years ago, and while our experiences likely cannot be compared, it's a moment that affects us deeply to this very day.""",
893,第一幕·场景1,a1s1,1358,,,旁白,He pauses.,
894,第一幕·场景1,a1s1,1359,n,Neferu,台词,"""Excuse my Khemian ways, but--""",
895,第一幕·场景1,a1s1,1361,,,旁白,"Neferu's arm is suddenly around my shoulders, pulling me in towards him until my muzzle is right next to his and he rests his head against mine.",
896,第一幕·场景1,a1s1,1362,,,旁白,"I freeze up slightly, unused to physical contact like this unless it's one of carnal intimacy.",
897,第一幕·场景1,a1s1,1363,n,Neferu,台词,"""{i}Ahewawi{/i}.""",
898,第一幕·场景1,a1s1,1364,,,旁白,"I hear Neferu's voice unfiltered by my lingua for the first time, and of course he speaks perfect, beautiful Khemian.",
899,第一幕·场景1,a1s1,1365,n,Neferu,台词,"""That is our word for it; 'old pain'. I know that it's not in Adastran vocabulary, which makes this all the more frustrating. Here, you are expected to face inner turmoil alone. This is what upsets me.""",
900,第一幕·场景1,a1s1,1366,,,旁白,"I recall that physical closeness between friends is common on Khemia, to the point that a wolf might have trouble distinguishing between friends and lovers.",
901,第一幕·场景1,a1s1,1367,,,旁白,"I relax a bit, then lean into Neferu more, partially because I'm happy to be part of anything Khemian, and also because this is actually comforting.",
902,第一幕·场景1,a1s1,1368,,,旁白,I understand what Neferu is telling me now.,
903,第一幕·场景1,a1s1,1369,,,旁白,"But I never expected this, the son of the pharaoh to struggle with ""{i}ahewawi{/i}"" like I do.",
904,第一幕·场景1,a1s1,1370,,,旁白,"That word stirs something deep in my memory, and I try to think of why.",
905,第一幕·场景1,a1s1,1371,,,旁白,Neferu gently pulls back.,
906,第一幕·场景1,a1s1,1373,n,Neferu,台词,"""So understand that you don't have to hide your struggles from me. I would rather help you manage them.""",
907,第一幕·场景1,a1s1,1374,,,旁白,"I'm still feeling the relief of Neferu's acceptance, and for a moment, I forget my mission, knowing I can confide in a friend, someone other than just my mother, but...",
908,第一幕·场景1,a1s1,1375,m,Scipio,台词,"""I... I worry that I will be dismissed from the mission if it interferes with my duties. Everyone else seems to have moved past this moment.""",
909,第一幕·场景1,a1s1,1376,m,Scipio,台词,"""Why does my mind seem to sometimes... temporarily malfunction against my will?""",
910,第一幕·场景1,a1s1,1378,,,旁白,"Suddenly, I've just laid bare my deepest fears to the very jackal that {i}I{/i} am supposed to decode.",
911,第一幕·场景1,a1s1,1379,,,旁白,"I realize that I must be Adastra's worst spy, and the always suspicious part of my mind wonders if I'm being purposefully manipulated.",
912,第一幕·场景1,a1s1,1380,,,旁白,"I dismiss the thought almost as quickly as it forms, knowing there's little to be gained from me, the scholar's assistant.",
913,第一幕·场景1,a1s1,1381,,,旁白,"Not only that, but it feels genuine.",
914,第一幕·场景1,a1s1,1382,,,旁白,"I've always admired Khemian culture, but for the first time I feel as if I'm being included in it, and it's wonderful.",
915,第一幕·场景1,a1s1,1384,n,Neferu,台词,"""I know. Also, you should know that there are likely many, many others like you. They simply hide it well, just as you do. And while I would have advised you to resign for your own health, Khemia is much more stable.""",
916,第一幕·场景1,a1s1,1385,,,旁白,"Neferu leans back on both paws, relaxed again as his usual, impish nature returns.",
917,第一幕·场景1,a1s1,1390,n,Neferu,台词,"""On the contrary, I believe going to Khemia might help you. Especially if you're only there to record and experience the culture, as you said.""",
918,第一幕·场景1,a1s1,1391,m,Scipio,台词,"""Well, thank you Neferu, for giving me this Khemian experience. It's... refreshing to say what I am thinking.""",
919,第一幕·场景1,a1s1,1393,n,Neferu,台词,"""Liberating, isn't it? Keep practicing and you'll fit right in once we arrive on Khemia.""",
920,第一幕·场景1,a1s1,1394,,,旁白,"That's when I remember that I've heard ""{i}ahewawi{/i}"" before, but as I'm pondering this, we are interrupted.",
921,第一幕·场景1,a1s1,1395,br,Brunis,台词,"""Why don't you practice on me? I'd like some blunt answers right about now.""",
922,第一幕·场景1,a1s1,1397,,,旁白,"Brunis's deep, rumbling voice startles me out of my thoughts, and we both turn to see the big wolverine standing about ten paces behind us.",
923,第一幕·场景1,a1s1,1398,,,旁白,How a creature so large managed to get so close without my noticing is beyond me.,
924,第一幕·场景1,a1s1,1400,n,Neferu,台词,"""Morning, Brunis. Decided to join the palace club?""",
925,第一幕·场景1,a1s1,1411,br,Brunis,台词,"""Yeah, well, I was escorted by a bunch of drones, so I didn't exactly have a choice.""",
926,第一幕·场景1,a1s1,1413,n,Neferu,台词,"""Someone's a bit testy this morning.""",
927,第一幕·场景1,a1s1,1415,br,Brunis,台词,"""Someone's about to explain to me what the hell they did last night!""",
928,第一幕·场景1,a1s1,1417,,,旁白,"My ears fall flat, and I look away.",
929,第一幕·场景1,a1s1,1419,br,Brunis,台词,"""Not you, Skip. I already know that whatever happened is {i}his{/i} fault.""",
930,第一幕·场景1,a1s1,1421,,,旁白,Neferu smirks in response.,
931,第一幕·场景1,a1s1,1423,n,Neferu,台词,"""If you want details you'll have to accept my invitations one of these days. I tend to have a looser tongue during pillow talk.""",
932,第一幕·场景1,a1s1,1425,br,Brunis,台词,"""Don't take this the wrong way, but I'm really damn curious as to why you haven't been kicked in the balls more than once on this moon.""",
933,第一幕·场景1,a1s1,1427,,,旁白,That seems to quickly sour Neferu's mood.,
934,第一幕·场景1,a1s1,1429,n,Neferu,台词,"""Because, Brunis, video recording devices are a luxury on Adastra.""",
935,第一幕·场景1,a1s1,1431,br,Brunis,台词,"""So you have been? Good, you deserved it.""",
936,第一幕·场景1,a1s1,1433,,,旁白,The wolverine turns to look at me.,
937,第一幕·场景1,a1s1,1435,br,Brunis,台词,"""I still don't think this is your fault, but maybe you can tell me what happened so we're not all wasting our breath?""",
938,第一幕·场景1,a1s1,1437,,,旁白,"At this point, Neferu steps in.",
939,第一幕·场景1,a1s1,1439,n,Neferu,台词,"""Someone attempted to attack us, likely from one of the separatist groups. It's under investigation.""",
940,第一幕·场景1,a1s1,1443,n,Neferu,台词,"""The immediate situation was taken care of, but Amicus is taking extra precautions to make sure we are unharmed until we depart for Khemia.""",
941,第一幕·场景1,a1s1,1445,br,Brunis,台词,"""An attack? What like, they threw crap at you sort of attack, or tried to kill you sort of attack?""",
942,第一幕·场景1,a1s1,1447,n,Neferu,台词,"""The latter, but I will tell you the details later. For now, just enjoy the rare opportunity of being able to reside in the grand Adastran Imperial Palace.""",
943,第一幕·场景1,a1s1,1449,br,Brunis,台词,"""Wha-""",
944,第一幕·场景1,a1s1,1451,,,旁白,Brunis seems to take Neferu's hint and manages to stifle the reaction that would have followed.,
945,第一幕·场景1,a1s1,1453,br,Brunis,台词,"""Well, as long as the two of you are okay. Honestly, this place gives me the creeps. I've only seen footage of this place when Cato tried to murder you. That and the fact they've only got drones around here.""",
946,第一幕·场景1,a1s1,1455,br,Brunis,台词,"""But I'm especially on edge 'cuz all my stuff got spirited away on a bunch of drones to who-the-hell-knows-where and my medicine went with it. I haven't been able to refill for a whole day now.""",
947,第一幕·场景1,a1s1,1457,,,旁白,"The big wolverine manipulates the pipe in his mouth, the one that emanates the herbal smell I recognize him for, before he sucks on it comically hard, his cheeks hollowing out.",
948,第一幕·场景1,a1s1,1458,,,旁白,I clear my throat.,
949,第一幕·场景1,a1s1,1459,m,Scipio,台词,"""Er... Com?""",
950,第一幕·场景1,a1s1,1462,,,旁白,"There's a momentary pause during which both Neferu and Brunis look at me, and I wonder if I've made a fool of myself trying to communicate with the imperial computer while outside.",
951,第一幕·场景1,a1s1,1463,,,旁白,"Thankfully, though--",
952,第一幕·场景1,a1s1,1464,com,Computer,台词,"""Yes, Scipio?""",
953,第一幕·场景1,a1s1,1465,m,Scipio,台词,"""Can you locate Brunis's belongings? You were flying them in by drone.""",
954,第一幕·场景1,a1s1,1466,com,Computer,台词,"""They have been deposited on the roof.""",
955,第一幕·场景1,a1s1,1468,br,Brunis,台词,"""What?""",
956,第一幕·场景1,a1s1,1469,com,Computer,台词,"""I have information regarding the situation that may be of note: Brunis's luggage contained an illegal preparation of the Khemian plant {i}papywei{/i} to be vaporized in a pipe contraption.""",
957,第一幕·场景1,a1s1,1471,br,Brunis,台词,"""Wha--""",
958,第一幕·场景1,a1s1,1472,com,Computer,台词,"""It was properly disposed of via incineration and a report has been filed and sent to Amicus suggesting a 100-year prison sentence for Brunis.""",
959,第一幕·场景1,a1s1,1474,br,Brunis,台词,"""WHAT?""",
960,第一幕·场景1,a1s1,1475,,,旁白,Neferu talks over the angry growls coming from the wolverine.,
961,第一幕·场景1,a1s1,1479,n,Neferu,台词,"""Why was it dropped on the roof, Com?""",
962,第一幕·场景1,a1s1,1480,com,Computer,台词,"""To follow cargo-loading protocol. All members of the Khemian envoy have had their personal belongings moved to the roof.""",
963,第一幕·场景1,a1s1,1482,m,Scipio,台词,"""Cargo loading?""",
964,第一幕·场景1,a1s1,1484,br,Brunis,台词,"""We are not leaving here until I get my damn {i}pap{/i}! I would rather rip off my one arm than have to go through the stretch without my medicine!""",
965,第一幕·场景1,a1s1,1485,m,Scipio,台词,"""Just a moment, does that mean the ship...{i}the{/i} ship has arrived?""",
966,第一幕·场景1,a1s1,1486,,,旁白,I'm answered by someone I didn't even know is in the gardens with us.,
967,第一幕·场景1,a1s1,1488,ve,Veteris,台词,"""{i}It's heeeeeere!{/i}""",
968,第一幕·场景1,a1s1,1492,,,旁白,"I know it's Veteris, having heard his over-excitement before, but his normally reedy voice is especially high and harsh now.",
969,第一幕·场景1,a1s1,1493,,,旁白,"We all look around in confusion, and then--",
970,第一幕·场景1,a1s1,1498,br,Brunis,台词,"""Holy shit! where'd you come fr--""",
971,第一幕·场景1,a1s1,1501,ve,Veteris,台词,"""The ship has entered the atmosphere!""",
972,第一幕·场景1,a1s1,1502,,,旁白,"Veteris's manic demeanor seems to disturb my two friends, which is understandable considering they've never seen him in such a state.",
973,第一幕·场景1,a1s1,1503,,,旁白,"It even surprises me a bit, but it's understandable considering this is the beginning of he and I seeing large, state-funded Khemian tech in person for the first time.",
974,第一幕·场景1,a1s1,1504,ve,Veteris,台词,"""How far away is the ship, Com?""",
975,第一幕·场景1,a1s1,1505,com,Computer,台词,"""Arrival in approximately two minutes and thirty-two seconds.""",
976,第一幕·场景1,a1s1,1506,ve,Veteris,台词,"""Scipio!""",
977,第一幕·场景1,a1s1,1507,,,旁白,"I'm a bit distracted, trying to think of anything else I might need to do here on Adastra before I depart for at least several months.",
978,第一幕·场景1,a1s1,1508,,,旁白,Longer if all goes well.,
979,第一幕·场景1,a1s1,1509,,,旁白,"I've already gone over my checklist more times than I can count, but I always feel as if I'm missing something.",
980,第一幕·场景1,a1s1,1510,,,旁白,"Veteris is adamant on getting my attention though, leaping in front of me.",
981,第一幕·场景1,a1s1,1518,ve,Veteris,台词,"""Scipio, my boy!""",
982,第一幕·场景1,a1s1,1519,,,旁白,His voice has transitioned to a hoarse whisper.,
983,第一幕·场景1,a1s1,1520,ve,Veteris,台词,"""Remember this moment! Cherish this moment!""",
984,第一幕·场景1,a1s1,1521,,,旁白,Then he yanks me down to a kneeling position before grabbing my head rather roughly and tilting it toward the sky.,
985,第一幕·场景1,a1s1,1522,ve,Veteris,台词,"""Behold, your first view of Khemian tech. Let it inspire you, Scipio. It is what Adastra can be!""",
986,第一幕·场景2,a1s2,7,,,旁白,"For some reason, as the ship arrives, I'm not fully struck by its significance.",
987,第一幕·场景2,a1s2,8,,,旁白,"It descends in a quiet, controlled manner, as the sun gleams off the metal, and I think at first that maybe they just sent a Parental-built one instead.",
988,第一幕·场景2,a1s2,9,,,旁白,It doesn't seem too different from Adastran ships gifted to us by the Romanus parents.,
989,第一幕·场景2,a1s2,10,,,旁白,"It's a bit more smooth in its architecture, and it's definitely larger than any I'd seen before.",
990,第一幕·场景2,a1s2,11,,,旁白,But it's simply that; a different version of what I had seen in the past.,
991,第一幕·场景2,a1s2,12,,,旁白,"However, as we wait on the roof during takeoff preparations, I finally realize what I'm seeing.",
992,第一幕·场景2,a1s2,13,,,旁白,"This isn't Parental tech, this actually {i}is{/i} Khemian tech.",
993,第一幕·场景2,a1s2,14,,,旁白,"I'm not sure what I had been expecting, likely something loud, and powerful, like the Omorfan ships I've seen.",
994,第一幕·场景2,a1s2,15,,,旁白,"And unlike the many Adastran ships that fly through the air above the capital, it was not simply gifted by the Parents.",
995,第一幕·场景2,a1s2,16,,,旁白,This was built by the Khemians themselves.,
996,第一幕·场景2,a1s2,17,,,旁白,"By engineers that were not only knowledgeable in how to fix ship components when they wore out or malfunctioned, but also in how to actually build them.",
997,第一幕·场景2,a1s2,18,,,旁白,"And when taking that into consideration, it is certainly impressive... More than that, it's almost inconceivable.",
998,第一幕·场景2,a1s2,19,,,旁白,"I've known this to be the case since studying Khemian history and culture, but to not be able to tell the difference between their own technology and the Parents is stunning.",
999,第一幕·场景2,a1s2,20,,,旁白,"It even frightens me a bit as I climb aboard the sibling-built craft as it appears more comfortable, and perhaps even more stable than machinery built by the parents.",
1000,第一幕·场景2,a1s2,22,,,旁白,"This sense of awe and reverence comes to an abrupt end however, as we board the ship and walk through the corridor, just when I happen to peer out the window.",
1001,第一幕·场景2,a1s2,23,,,旁白,"I'm looking out over the lake, a pleasant view, before the palace, well, before {i}everything{/i} flies away.",
1002,第一幕·场景2,a1s2,24,,,旁白,"It happens so fast that I go from seeing the imperial gardens to seeing what I realize is the entirety of the moon, over the course of just a few seconds.",
1003,第一幕·场景2,a1s2,33,,,旁白,"The suddenness of it all, and the odd sensation of seeing such a movement, yet feeling none of it, makes my stomach turn.",
1004,第一幕·场景2,a1s2,34,,,旁白,"My body leans forward, balance teetering as if wanting to fall out the window, and I force myself upright before the others might notice.",
1005,第一幕·场景2,a1s2,35,,,旁白,"Luckily, Amicus and Veteris are looking out the window instead, seemingly unbothered by the sight.",
1006,第一幕·场景2,a1s2,36,,,旁白,"My sudden lurch gets the attention of who is behind me though, and Neferu gently holds onto my elbow.",
1007,第一幕·场景2,a1s2,39,n,Neferu,台词,"""Are you alright?""",
1008,第一幕·场景2,a1s2,40,,,旁白,"There usually aren't windows on the few transport ships I've been on in the past, but now that I can see...",
1009,第一幕·场景2,a1s2,41,,,旁白,"It's almost like when I would go sailing with friends on the ocean, the terrible, all-consuming seasickness that came with it.",
1010,第一幕·场景2,a1s2,42,,,旁白,"This is all at once, though.",
1011,第一幕·场景2,a1s2,43,m,Scipio,台词,"""Fine... I'm fine.""",
1012,第一幕·场景2,a1s2,46,br,Brunis,台词,"""You don't look fine.""",
1013,第一幕·场景2,a1s2,47,,,旁白,"The big wolverine sidles up next to Neferu, looking at me closely which makes me draw back.",
1014,第一幕·场景2,a1s2,48,m,Scipio,台词,"""I'm--""",
1015,第一幕·场景2,a1s2,54,,,旁白,Then the stars bend in the most queasy way imaginable and I stumble to the side again.,
1016,第一幕·场景2,a1s2,55,,,旁白,"I hear my pulse begin to thud dully in my ears, panicking at the way I seem to be losing control of my body, at the same time fearing I might lose control of my stomach as well.",
1017,第一幕·场景2,a1s2,57,n,Neferu,台词,"""You are most certainly not fine. Is this your first time in the stretch?""",
1018,第一幕·场景2,a1s2,59,br,Brunis,台词,"""Well of course it is, Nef. The hell do you think--""",
1019,第一幕·场景2,a1s2,63,,,旁白,"Neferu is moving me away from the window, but I'm already looking away, horrified.",
1020,第一幕·场景2,a1s2,64,,,旁白,I'm going to vomit... in front of everyone.,
1021,第一幕·场景2,a1s2,65,,,旁白,"Somehow, Amicus and Veteris have continued on their way, deep in conversation that I vaguely realize I should be making myself a part of.",
1022,第一幕·场景2,a1s2,66,,,旁白,But that will have to wait.,
1023,第一幕·场景2,a1s2,67,m,Scipio,台词,"""I'm fine! Just wondering where a lavatory might be!""",
1024,第一幕·场景2,a1s2,68,,,旁白,"My voice is slightly louder than it should be, though Amicus's deep, resonant voice seems to cover it up, because I can hear him rumbling on as Neferu guides me down another corridor of the ship.",
1025,第一幕·场景2,a1s2,69,a,Amicus,台词,"""Hm, we're moving rather fast. I can barely distinguish the stars.""",
1026,第一幕·场景2,a1s2,70,ve,Veteris,台词,"""Of course! The Khemians developed a drive better than the one the Parents lend us!""",
1027,第一幕·场景2,a1s2,71,a,Amicus,台词,"""How is this possible?""",
1028,第一幕·场景2,a1s2,72,,,旁白,Amicus echoes my own thoughts that would be at the forefront of my mind if not for the situation I'm in.,
1029,第一幕·场景2,a1s2,73,,,旁白,I allow myself to be pushed along until we reach a door that opens automatically without any panels being touched.,
1030,第一幕·场景2,a1s2,76,n,Neferu,台词,"""This area is the living quarters. I'm not sure where you'll be bunking, but we'll be sharing the toilet.""",
1031,第一幕·场景2,a1s2,77,,,旁白,"We move toward an even smaller door, one that does require the push of a panel.",
1032,第一幕·场景2,a1s2,78,n,Neferu,台词,"""Considering the journey is only about 12 hours, it should be somewhat tolerable, I think.""",
1033,第一幕·场景2,a1s2,80,n,Neferu,台词,"""Do you need anti-nausea medication?""",
1034,第一幕·场景2,a1s2,81,,,旁白,Too late for that.,
1035,第一幕·场景2,a1s2,82,n,Neferu,台词,"""They kick in within minutes.""",
1036,第一幕·场景2,a1s2,83,,,旁白,Still too late.,
1037,第一幕·场景2,a1s2,84,,,旁白,"Neferu makes as if to follow me into the lavatory, probably wanting to help like last time, but I hold up a paw.",
1038,第一幕·场景2,a1s2,85,m,Scipio,台词,"""I'm fine! Just...""",
1039,第一幕·场景2,a1s2,86,,,旁白,My stomach heaves and I fear its contents are about to spew on Neferu.,
1040,第一幕·场景2,a1s2,87,m,Scipio,台词,"""I'll be right back!""",
1041,第一幕·场景2,a1s2,89,,,旁白,"I quickly move into the little room, leaving a perturbed Neferu behind as I furiously stab at the panel inside the lavatory until the door slides shut.",
1042,第一幕·场景2,a1s2,93,,,旁白,"I stand over the toilet for several seconds, vaguely thinking to myself that it's quite similar to the ones on Adastra.",
1043,第一幕·场景2,a1s2,94,,,旁白,"I suppose that some things are universal in design, and then what's in my stomach comes out.",
1044,第一幕·场景2,a1s2,103,,,旁白,"I'm in the lavatory for a little while, maybe about 10 minutes, partially to collect myself, but mostly because I'm embarrassed and I just hope Neferu has moved on for now.",
1045,第一幕·场景2,a1s2,104,,,旁白,"Still, at least I had managed not to be sick in the corridor like my stomach wanted to be.",
1046,第一幕·场景2,a1s2,105,,,旁白,"I'm running my paws under the faucet, cleaning myself up before the stream of water suddenly stops and an unfamiliar voice rings in my head.",
1047,第一幕·场景2,a1s2,106,unk,?????,台词,"""Scipio?""",
1048,第一幕·场景2,a1s2,107,,,旁白,I yelp out loud.,
1049,第一幕·场景2,a1s2,108,unk,?????,台词,"""Apologies. Paw-washing water limit has been reached.""",
1050,第一幕·场景2,a1s2,109,,,旁白,"I stand there, staring at my own reflection in the mirror, deciding that what I'd heard came from within my head.",
1051,第一幕·场景2,a1s2,110,,,旁白,But how?,
1052,第一幕·场景2,a1s2,111,,,旁白,"I begin to panic slightly before I realize that, like with some parental tech I'd interacted with, it must be from my lingua.",
1053,第一幕·场景2,a1s2,112,,,旁白,"So, I respond.",
1054,第一幕·场景2,a1s2,113,m,Scipio,台词,"""Erm... Yes? Who is this?""",
1055,第一幕·场景2,a1s2,114,,,旁白,I get an immediate answer in return.,
1056,第一幕·场景2,a1s2,115,unk,?????,台词,"""I am Ahm, the State-sponsored computer assistant of Khemia.""",
1057,第一幕·场景2,a1s2,116,m,Scipio,台词,"""Oh... Oh! Yes, I know of you. I've studied...""",
1058,第一幕·场景2,a1s2,117,,,旁白,"I trail off, reminding myself that this is a computer, and it does not care about what I've studied, or about anything at all.",
1059,第一幕·场景2,a1s2,118,ahm,Ahm,台词,"""You have studied me?""",
1060,第一幕·场景2,a1s2,119,,,旁白,The computer asks in a slightly curious tone after a polite pause.,
1061,第一幕·场景2,a1s2,120,,,旁白,This is very odd.,
1062,第一幕·场景2,a1s2,121,,,旁白,"It's odd that it's speaking directly into my lingua; Com never did that, and I doubt he can.",
1063,第一幕·场景2,a1s2,122,,,旁白,But something else is even more strange about this computer that I'm trying to put my finger on.,
1064,第一幕·场景2,a1s2,123,m,Scipio,台词,"""Yes, I--I did not expect you to speak through my lingua. It was a bit startling.""",
1065,第一幕·场景2,a1s2,124,,,旁白,I would remember that bit of information if I came across it in my studies.,
1066,第一幕·场景2,a1s2,125,ahm,Ahm,台词,"""Apologies, Scipio. I was converted to lingua use only unless otherwise directed. This is to protect the privacy of all who use my services. Would you prefer auditory communication instead?""",
1067,第一幕·场景2,a1s2,126,m,Scipio,台词,"""No, this is fine.""",
1068,第一幕·场景2,a1s2,127,ahm,Ahm,台词,"""Very well.""",
1069,第一幕·场景2,a1s2,128,,,旁白,"I wonder the same thing that I wondered when I first saw this ship, the same thing Amicus questioned when we entered the stretch.",
1070,第一幕·场景2,a1s2,129,,,旁白,How is this possible?,
1071,第一幕·场景2,a1s2,130,,,旁白,It implies that the Khemians have learned how to access and manipulate the lingua directly.,
1072,第一幕·场景2,a1s2,131,,,旁白,"While this is impressive, it also rekindles my unease.",
1073,第一幕·场景2,a1s2,132,,,旁白,What else might they be able to do if they can fully access the tiny piece of machinery embedded in my brain?,
1074,第一幕·场景2,a1s2,133,,,旁白,Do we really know the extent of Khemian knowledge and power?,
1075,第一幕·场景2,a1s2,134,,,旁白,"Is it really possible to do such things alone, without Parental help?",
1076,第一幕·场景2,a1s2,135,,,旁白,"As I'm contemplating this, Ahm fills the silence, like a sapient noticing a lull in the conversation.",
1077,第一幕·场景2,a1s2,136,ahm,Ahm,台词,"""I can provide you with non-water methods to sanitize, if you wish. Unfortunately, our water reserves are limited.""",
1078,第一幕·场景2,a1s2,137,m,Scipio,台词,"""Er, no, no I'm fine. Thank you.""",
1079,第一幕·场景2,a1s2,138,ahm,Ahm,台词,"""You are welcome Scipio, and it's a pleasure meeting you.""",
1080,第一幕·场景2,a1s2,139,m,Scipio,台词,"""You as well...""",
1081,第一幕·场景2,a1s2,140,,,旁白,"I realize what bothers me about him, aside from accessing my neurotech without my consent or foreknowledge.",
1082,第一幕·场景2,a1s2,141,,,旁白,"With Com, I never considered him truly ""intelligent"".",
1083,第一幕·场景2,a1s2,142,,,旁白,I never once questioned if he had thoughts or feelings of his own while he communicated.,
1084,第一幕·场景2,a1s2,143,,,旁白,"I could say Com is comparatively stupid, but he's simply a program that consumes information, analyzes, then outputs sentences based on that information.",
1085,第一幕·场景2,a1s2,144,,,旁白,"This Khemian machine is something different, and I wonder how widespread it is on the jackal planet.",
1086,第一幕·场景2,a1s2,145,,,旁白,"The eerie atmosphere persists as I stare into the mirror, thinking about how something here isn't right.",
1087,第一幕·场景2,a1s2,146,,,旁白,"I banish the thought for now and adjust my robes, trying to keep my emotions under control.",
1088,第一幕·场景2,a1s2,147,,,旁白,Now is not the time.,
1089,第一幕·场景2,a1s2,148,,,旁白,"I can discuss it with Veteris, or maybe even Amicus later.",
1090,第一幕·场景2,a1s2,150,,,旁白,"With that in mind, I look into the mirror one last time to assess the state of my facial fur before tapping the panel and stepping out into the corridor.",
1091,第一幕·场景2,a1s2,155,m,Scipio,台词,"""Oh!""",
1092,第一幕·场景2,a1s2,157,,,旁白,Why is he still here?,
1093,第一幕·场景2,a1s2,158,,,旁白,It has to have been at least fifteen minutes.,
1094,第一幕·场景2,a1s2,160,n,Neferu,台词,"""Ah! Er, hello...""",
1095,第一幕·场景2,a1s2,161,,,旁白,"I had jumped just like Neferu, and now I quickly smooth down my robe, a gesture meant to cover up my reaction, but one that only makes it all the more obvious.",
1096,第一幕·场景2,a1s2,162,,,旁白,Had he been trying to listen through the door?,
1097,第一幕·场景2,a1s2,163,,,旁白,"Either way, it puts me on guard.",
1098,第一幕·场景2,a1s2,164,m,Scipio,台词,"""Hello...""",
1099,第一幕·场景2,a1s2,165,,,旁白,"I pause, trying to think of something to say, but I can't think of anything, so I simply ask what would be most normal in this situation.",
1100,第一幕·场景2,a1s2,166,m,Scipio,台词,"""Did you need the lavatory?""",
1101,第一幕·场景2,a1s2,168,n,Neferu,台词,"""No, just checking to see if you are well. You looked quite shaken up.""",
1102,第一幕·场景2,a1s2,169,,,旁白,"As Neferu confirms the reason I thought he might be lingering here, I can't help just a small flash of irritation.",
1103,第一幕·场景2,a1s2,170,,,旁白,"He's looking after me, which is kind and generous of him, as he has no obligation to do so.",
1104,第一幕·场景2,a1s2,171,,,旁白,"But it certainly makes me appear childish, him looking after me this closely.",
1105,第一幕·场景2,a1s2,172,,,旁白,Perhaps even suspicious.,
1106,第一幕·场景2,a1s2,173,,,旁白,"I adjust my expression to appear more serious, but also calm.",
1107,第一幕·场景2,a1s2,174,,,旁白,"A cool, emotionless look.",
1108,第一幕·场景2,a1s2,176,m,Scipio,台词,"""I am fine, thank you, Neferu. Please, do not worry so much for my well-being. I do not wish to be the reason for you neglecting your own duties.""",
1109,第一幕·场景2,a1s2,178,,,旁白,The look on Neferu's face is hard to describe.,
1110,第一幕·场景2,a1s2,179,,,旁白,"It's not a pleasant look, and it's enough to throw me off despite him not saying anything.",
1111,第一幕·场景2,a1s2,180,,,旁白,"Another moment of silence passes, and I begin to think over Khemian etiquette, wondering if I violated a taboo of some kind.",
1112,第一幕·场景2,a1s2,181,,,旁白,"Of course, Neferu would be understanding of such things, but considering that we are not on Adastra anymore, perhaps he is less forgiving now.",
1113,第一幕·场景2,a1s2,182,,,旁白,"Just as I begin to open my own mouth to ask what the issue is, Neferu finally speaks.",
1114,第一幕·场景2,a1s2,184,n,Neferu,台词,"""I see. Very well. I shall leave you to attend to your own matters, then. Apologies for bruising your wolven pride.""",
1115,第一幕·场景2,a1s2,186,,,旁白,Neferu turns on his heel before briskly walking away.,
1116,第一幕·场景2,a1s2,188,,,旁白,"I stand there alone, the low hum of the ship's various moving parts the only sound filling the heavy silence while I try to understand what just happened.",
1117,第一幕·场景2,a1s2,189,,,旁白,I had acted within diplomatic norms.,
1118,第一幕·场景2,a1s2,190,,,旁白,"Really any interaction among diplomats is normal as long as only words are used, specifically the right words.",
1119,第一幕·场景2,a1s2,191,,,旁白,"Present an aura of civility, even if your primal instincts are telling you to knock the other's teeth out.",
1120,第一幕·场景2,a1s2,192,,,旁白,This was one of the main issues of pre-Drusus Adastra.,
1121,第一幕·场景2,a1s2,193,,,旁白,"Apparently wolven ""diplomats"" of the era routinely took swings at other Siblings, and even amongst themselves when they became angry, or offended.",
1122,第一幕·场景2,a1s2,194,,,旁白,"Despite this being over 10,000 years in the past, it is a reputation that still haunts us.",
1123,第一幕·场景2,a1s2,195,,,旁白,I suppose it is not helpful that our experimental attempts at a republic have resulted in brawls within the senate in just the past year.,
1124,第一幕·场景2,a1s2,196,,,旁白,"I'm sure footage of the fights was shown gleefully across the news channels of the other Siblings, showing that we haven't changed, that there's something innately wrong with our culture or even our species.",
1125,第一幕·场景2,a1s2,197,,,旁白,"While I might admit that wolven hubris has been the main hindrance throughout our history, I'm not going to allow myself to be treated as some sort of idiot savage.",
1126,第一幕·场景2,a1s2,198,,,旁白,"We have our own culture, our own language, our own universities--",
1127,第一幕·场景2,a1s2,200,,,旁白,"""{i}We witnessed it... We saw you bleed because of him... Perhaps he wishes to see you bleed even more?{/i}""",
1128,第一幕·场景2,a1s2,202,,,旁白,"--and despite my admiration for Khemia as a whole, they have their own issues with hubris.",
1129,第一幕·场景2,a1s2,203,,,旁白,Neferu is a clear example of that.,
1130,第一幕·场景2,a1s2,204,,,旁白,"""{i}Wolven pride...{/i}""",
1131,第一幕·场景2,a1s2,205,,,旁白,"The hackles along my shoulders begin to rise, and I work to contain myself.",
1132,第一幕·场景2,a1s2,206,,,旁白,What an odd and frankly childish thing for him to say.,
1133,第一幕·场景2,a1s2,207,,,旁白,"I suppose it was insensitive of me to act in such a manner toward someone who so recently called me a friend, but his reaction was clearly hostile... and hypocritical.",
1134,第一幕·场景2,a1s2,208,,,旁白,I suspect that he has issues deeper than his facade will ever admit.,
1135,第一幕·场景2,a1s2,209,,,旁白,But the unfamiliar anger in my mind dampens as I remember my duties.,
1136,第一幕·场景2,a1s2,210,,,旁白,Not even one hour into my mission and I'm already failing.,
1137,第一幕·场景2,a1s2,211,,,旁白,"I stand there for a while in silence, wavering as if on the edge of a cliff before gritting my teeth and clenching my paws into fists.",
1138,第一幕·场景2,a1s2,212,,,旁白,"No, none of this.",
1139,第一幕·场景2,a1s2,213,,,旁白,"Either I will succeed, or I will fail, but in both cases I will continue on and serve the empire, all for the greater good of Adastra.",
1140,第一幕·场景2,a1s2,214,,,旁白,I am not some wolven bitch for Khemians to look down upon and shake their heads at.,
1141,第一幕·场景2,a1s2,215,,,旁白,"So, pushing through the hurt and embarrassment and blinking past the blur of moisture in my eyes, I set off aimlessly, unsure of where to go, but just wanting to move.",
1142,第一幕·场景2,a1s2,216,,,旁白,I'm sure they'll summon me through Ahm if I'm needed.,
1143,第一幕·场景2,a1s2,217,,,旁白,"As I walk quickly through the corridor, I happen to glance out the windows, having forgotten about the nauseatingly bending light, and my stomach lurches instantly.",
1144,第一幕·场景2,a1s2,218,,,旁白,"But I'm still motivated by my sudden burst of furious confidence in myself, so I say in a low, stern voice;",
1145,第一幕·场景2,a1s2,219,m,Scipio,台词,"""No.""",
1146,第一幕·场景2,a1s2,220,,,旁白,"I force myself to continue looking while I walk, demanding my stomach to settle.",
1147,第一幕·场景2,a1s2,221,,,旁白,"Still, it doesn't appear that I have gained voluntary control over the mechanisms that dictate nausea in my body.",
1148,第一幕·场景2,a1s2,222,,,旁白,"Already irritated by my early failure, I force myself to continue staring.",
1149,第一幕·场景2,a1s2,223,,,旁白,"This is punishment for being unable to handle simple, easy things that no one else has difficulty handling.",
1150,第一幕·场景2,a1s2,224,,,旁白,It's similar to when I struggled with insomnia when I was first away from home at university.,
1151,第一幕·场景2,a1s2,225,,,旁白,"It had been disturbingly satisfying to tell my own body that it only had itself to blame for being so tired during lectures, and that maybe it should sleep next time.",
1152,第一幕·场景2,a1s2,226,,,旁白,"I do the same now, mentally sneering at my roiling stomach for being so weak that it can't handle the movement of light.",
1153,第一幕·场景2,a1s2,227,,,旁白,Neferu's assurances that others have a weak mind like my own is difficult to believe now.,
1154,第一幕·场景2,a1s2,228,,,旁白,He probably only says whatever he thinks I want--,
1155,第一幕·场景2,a1s2,229,,,旁白,My meandering thoughts are brought to a very sudden and rude end as my feet catch something on the floor and my paws flail out for something to grab.,
1156,第一幕·场景2,a1s2,232,,,旁白,"I yelp loudly as a few toe claws bend back before landing heavily on my side, my paw pads slapping the smooth, hard floor to keep from falling further.",
1157,第一幕·场景2,a1s2,233,,,旁白,"Rubbing at the left side of my hip, I look down at my feet in confusion.",
1158,第一幕·场景2,a1s2,234,,,旁白,"Three metallic crates stick out from a doorway into the corridor, and my foot had caught the corner of the one sticking out furthest.",
1159,第一幕·场景2,a1s2,236,br,Brunis,台词,"""Huh?""",
1160,第一幕·场景2,a1s2,237,,,旁白,There's a heavy grunt that I recognize immediately and Brunis sticks his head around the doorway with a stern squint before looking down and seeing me.,
1161,第一幕·场景2,a1s2,240,br,Brunis,台词,"""Skip? What the hell are you doing?""",
1162,第一幕·场景2,a1s2,241,,,旁白,My irritation and self-pity are only amplified now.,
1163,第一幕·场景2,a1s2,242,,,旁白,"I get to my feet roughly, likely flashing Brunis with my undergarments as I don't bother trying to keep my robe down.",
1164,第一幕·场景2,a1s2,243,,,旁白,He's the type not to care anyway.,
1165,第一幕·场景2,a1s2,244,m,Scipio,台词,"""Is leaving your belongings out for others to injure themselves on a normal Khemian custom?""",
1166,第一幕·场景2,a1s2,246,,,旁白,"Brunis blinks at me, probably due to the fact that he's never seen me act like this.",
1167,第一幕·场景2,a1s2,248,br,Brunis,台词,"""Huh? I'm moving stuff in right now. Is it a wolf thing to not look where you're going?""",
1168,第一幕·场景2,a1s2,249,m,Scipio,台词,"""I'm simply curious as to whether or not I should be more careful around you Khemians especially if I want to return to Adastra in one piece.""",
1169,第一幕·场景2,a1s2,251,br,Brunis,台词,"""What in the hell crawled up your ass, Skip?""",
1170,第一幕·场景2,a1s2,252,,,旁白,"I have to admit that Brunis's techniques for de-escalating tense situations, despite seeming informal and unrefined, are disarming.",
1171,第一幕·场景2,a1s2,253,,,旁白,"I sigh and massage the bridge of my snout with both paws, my stomach lurching again, exacerbated by the rough fall.",
1172,第一幕·场景2,a1s2,254,m,Scipio,台词,"""I don't know, Brunis. Ahm? Could I get an anti-emetic, please?""",
1173,第一幕·场景2,a1s2,255,ahm,Ahm,台词,"""Certainly, a drone has been dispatched to your location.""",
1174,第一幕·场景2,a1s2,257,br,Brunis,台词,"""Speaking of which, I {i}just{/i} had to deal with Neferu biting my head off for being fat.""",
1175,第一幕·场景2,a1s2,258,,,旁白,I turn my attention back to Brunis.,
1176,第一幕·场景2,a1s2,259,m,Scipio,台词,"""'Speaking of which'? What do you mean by that?""",
1177,第一幕·场景2,a1s2,261,br,Brunis,台词,"""Uh... Oh, speaking of things up your--aw crap.""",
1178,第一幕·场景2,a1s2,263,,,旁白,Brunis winces.,
1179,第一幕·场景2,a1s2,264,br,Brunis,台词,"""You guys are kinda uptight about that sort of thing, aren't ya? I didn't mean it like that, you could have been up his ass for all I--""",
1180,第一幕·场景2,a1s2,265,,,旁白,"I wave my paw, providing an escape for the flustered wolverine.",
1181,第一幕·场景2,a1s2,266,,,旁白,The anger I had felt already beginning to dissipate.,
1182,第一幕·场景2,a1s2,267,,,旁白,It's difficult to be mad at Brunis anyway.,
1183,第一幕·场景2,a1s2,268,m,Scipio,台词,"""Yes, 'uptight'. Anyway, I am sorry that I snapped at you. I am not feeling well.""",
1184,第一幕·场景2,a1s2,270,br,Brunis,台词,"""Yeah, looks like you ain't.""",
1185,第一幕·场景2,a1s2,271,,,旁白,"Brunis watches as I am suddenly distracted by a smooth, glossy black dome that levitates toward me, then extends a tiny, white wafer.",
1186,第一幕·场景2,a1s2,272,,,旁白,I take it with some confusion.,
1187,第一幕·场景2,a1s2,273,m,Scipio,台词,"""Um, thanks. Do I need water, or...""",
1188,第一幕·场景2,a1s2,275,br,Brunis,台词,"""Goes under the tongue.""",
1189,第一幕·场景2,a1s2,276,,,旁白,"I try not to visibly blanch at the idea of letting vile medication sit in my mouth for any amount of time, but quick relief is preferable, assuming it works as quickly as Neferu said, or if it even works after the nausea has set in.",
1190,第一幕·场景2,a1s2,277,m,Scipio,台词,"""Alright. Anyway, what were you saying about Neferu being upset? Does he usually criticize your size?""",
1191,第一幕·场景2,a1s2,278,,,旁白,"I carefully drop the square wafer under my tongue, hardly feeling it land before I close my mouth, and it dissolves instantly.",
1192,第一幕·场景2,a1s2,279,,,旁白,Brunis shrugs.,
1193,第一幕·场景2,a1s2,281,br,Brunis,台词,"""Not really. I was in the hall bringing stuff in and he told me to move and not take up the entire space, or something.""",
1194,第一幕·场景2,a1s2,283,br,Brunis,台词,"""He scurried off before I could ask what crawled up {i}his{/i} ass. You two fighting, or something?""",
1195,第一幕·场景2,a1s2,284,,,旁白,"Brunis looks at me, waiting for a response.",
1196,第一幕·场景2,a1s2,285,,,旁白,I point at my mouth to remind him of the medication while being simultaneously glad to have an excuse not to respond.,
1197,第一幕·场景2,a1s2,287,br,Brunis,台词,"""Oh, you can swallow it now. It's made with some weird nanotech stuff that makes ya absorb it in like, a few seconds.""",
1198,第一幕·场景2,a1s2,288,,,旁白,"Though Brunis doesn't sound like he knows what he's talking about, he's definitely right;",
1199,第一幕·场景2,a1s2,289,,,旁白,"The nausea is almost instantly gone, and I'm glad for this Khemian {i}nanotech{/i}.",
1200,第一幕·场景2,a1s2,290,,,旁白,"I expect the taste to be bitter and acrid, but instead it's slightly sweet, almost nonexistent.",
1201,第一幕·场景2,a1s2,291,m,Scipio,台词,"""Fascinating.""",
1202,第一幕·场景2,a1s2,292,,,旁白,"I say it to myself, never having had an anti-emetic that worked after the fact, though Brunis responds with a face of disgust.",
1203,第一幕·场景2,a1s2,294,br,Brunis,台词,"""I'd rather feel sick than take that shit. Makes me feel slow as hell all day. {i}Pap{/i} takes care of motion sickness and all my other problems, too.""",
1204,第一幕·场景2,a1s2,295,,,旁白,The wolverine looks down at the large crates.,
1205,第一幕·场景2,a1s2,297,br,Brunis,台词,"""By the way, you're rooming with me. I already pushed your stuff in.""",
1206,第一幕·场景2,a1s2,298,,,旁白,"I take a look around Brunis to peer inside at a small room with two beds on either side, one of which already has two identical metal crates next to it.",
1207,第一幕·场景2,a1s2,299,m,Scipio,台词,"""Oh, thank you, Brunis.""",
1208,第一幕·场景2,a1s2,300,,,旁白,"It makes me feel guilty, knowing that he had hauled my belongings in first, only for me to yell at him.",
1209,第一幕·场景2,a1s2,302,br,Brunis,台词,"""Sure. Don't know why they dropped all our shit here instead of in the actual room, though. Yo, Ahm!""",
1210,第一幕·场景2,a1s2,303,,,旁白,"It's silent for a moment, and I wonder if Brunis failed to summon the assistant, but then I remember how it works.",
1211,第一幕·场景2,a1s2,305,br,Brunis,台词,"""Get me some {i}pap{/i}! They destroyed my stash on Adastra.""",
1212,第一幕·场景2,a1s2,306,,,旁白,Brunis gives me a knowing look.,
1213,第一幕·场景2,a1s2,308,br,Brunis,台词,"""Probably 'destroyed' by that asshole magistrate. I'll bet he's high off his ass right now--""",
1214,第一幕·场景2,a1s2,310,br,Brunis,台词,"""For the sake of Ahhotep!""",
1215,第一幕·场景2,a1s2,311,,,旁白,"I'm confused by the sudden change in tone, then I realize he's responding to something Ahm said.",
1216,第一幕·场景2,a1s2,312,,,旁白,I suppose there are downsides to having a computer assistant only you can hear.,
1217,第一幕·场景2,a1s2,314,br,Brunis,台词,"""You want me to list everything? Headache, Backache, stomachache, heartache... Yeah, great, thanks.""",
1218,第一幕·场景2,a1s2,316,,,旁白,Brunis turns his attention back to me as I look down at one of the crates.,
1219,第一幕·场景2,a1s2,317,,,旁白,"Normally, it would be levitating slightly off the ground through the use of magnets, though I suppose the floor here is not compatible.",
1220,第一幕·场景2,a1s2,318,m,Scipio,台词,"""Here, I will push these ones inside. It sounds like you are in a great deal of pain.""",
1221,第一幕·场景2,a1s2,319,,,旁白,Brunis shrugs.,
1222,第一幕·场景2,a1s2,321,br,Brunis,台词,"""Eh, I'll live. You just gotta give Ahm enough reasons to justify dealing it out. I don't mind you helping, though.""",
1223,第一幕·场景2,a1s2,322,,,旁白,"I grunt as I slide one of the cases across the floor, wishing that it at least had wheels.",
1224,第一幕·场景2,a1s2,323,m,Scipio,台词,"""Isn't drug-usage free and plentiful on Khemia?""",
1225,第一幕·场景2,a1s2,324,,,旁白,Brunis makes a snorting sound.,
1226,第一幕·场景2,a1s2,326,br,Brunis,台词,"""That what they tell ya in wolf school?""",
1227,第一幕·场景2,a1s2,327,,,旁白,"His knowing, condescending tone might have irritated me, but I know Brunis doesn't mean for it to demean or hurt me.",
1228,第一幕·场景2,a1s2,328,,,旁白,Unlike what Neferu just did.,
1229,第一幕·场景2,a1s2,329,,,旁白,"Besides, snide remarks about wolves are something I will probably hear regularly on Khemia, so this is a good opportunity to practice separating my emotions and my work.",
1230,第一幕·场景2,a1s2,330,m,Scipio,台词,"""Well, not told, but shown footage of addicted Khemians in the streets of the capital.""",
1231,第一幕·场景2,a1s2,332,br,Brunis,台词,"""Ugh, propaganda.""",
1232,第一幕·场景2,a1s2,333,m,Scipio,台词,"""Is it not true, though?""",
1233,第一幕·场景2,a1s2,335,br,Brunis,台词,"""Doesn't matter if it's true. What matters is what they're using it for.""",
1234,第一幕·场景2,a1s2,338,,,旁白,"I decide to let the topic go at that point, knowing that there's truth in what we both said.",
1235,第一幕·场景2,a1s2,339,,,旁白,Also because it's difficult to continue talking under the strain of pushing the crate.,
1236,第一幕·场景2,a1s2,340,,,旁白,"Brunis gives a much louder grunt as he follows me into the room, pushing the last crate.",
1237,第一幕·场景2,a1s2,341,m,Scipio,台词,"""Anyway, it does seem that you are in a lot of pain.""",
1238,第一幕·场景2,a1s2,342,,,旁白,I come to a stop at the foot of what I assume is Brunis's bed while the wolverine follows shortly after.,
1239,第一幕·场景2,a1s2,345,br,Brunis,台词,"""Whew! One sec...""",
1240,第一幕·场景2,a1s2,346,,,旁白,He stoops to catch his breath.,
1241,第一幕·场景2,a1s2,347,br,Brunis,台词,"""If the aches flare up real bad, I just get a script from the palace doctor.""",
1242,第一幕·场景2,a1s2,348,,,旁白,My slightly heavy breathing is dwarfed by the huffing and panting of the wolverine as he leans heavily against the crate.,
1243,第一幕·场景2,a1s2,349,br,Brunis,台词,"""I don't like 'em very much because not being able to feel pain is kinda scary to me. But like I said, it ain't bad. I can still walk.""",
1244,第一幕·场景2,a1s2,350,,,旁白,"Brunis sits on the crate, his sizable rear covering most of it.",
1245,第一幕·场景2,a1s2,351,m,Scipio,台词,"""Is it related to when you were injured?""",
1246,第一幕·场景2,a1s2,353,br,Brunis,台词,"""Yup! Happened when I was real young though, so it feels normal to me.""",
1247,第一幕·场景2,a1s2,354,,,旁白,"I wonder if he's going to tell me what happened, but when he doesn't, I don't press further.",
1248,第一幕·场景2,a1s2,356,br,Brunis,台词,"""Anyway {i}pap{/i} helps a bit with that, but it's mostly mental shit where it really does wonders for me. Keeps me sane, I think.""",
1249,第一幕·场景2,a1s2,357,m,Scipio,台词,"""Oh? How so?""",
1250,第一幕·场景2,a1s2,358,,,旁白,I try not to seem too interested.,
1251,第一幕·场景2,a1s2,359,,,旁白,"Even though we aren't on Adastra, the idea of a psychoactive drug so readily available is... frightening.",
1252,第一幕·场景2,a1s2,361,br,Brunis,台词,"""Well... I guess it kinda makes everything make a little more sense, slows stuff down so I can think through it properly.""",
1253,第一幕·场景2,a1s2,362,,,旁白,That sounds rather nice.,
1254,第一幕·场景2,a1s2,363,br,Brunis,台词,"""And what I like most about it is that it makes experiencing emotions more... more meaningful, I guess?""",
1255,第一幕·场景2,a1s2,365,br,Brunis,台词,"""I dunno though! Never had to explain it before. Just feels good.""",
1256,第一幕·场景2,a1s2,366,,,旁白,I raise my brow.,
1257,第一幕·场景2,a1s2,367,m,Scipio,台词,"""Doesn't that get in the way of your work?""",
1258,第一幕·场景2,a1s2,368,,,旁白,"I know he smokes the pipe almost constantly, and while I can understand using it for leisure, I would be hesitant to alter my mind while doing important work on behalf of the Parents.",
1259,第一幕·场景2,a1s2,370,br,Brunis,台词,"""Well, that's the thing. Things seem more connected and it's easier to empathize. That's important for diplomacy.""",
1260,第一幕·场景2,a1s2,371,,,旁白,"I think, wanting to inquire more about emotions and diplomacy, but I'm also unsure if I should be discussing such matters with Brunis.",
1261,第一幕·场景2,a1s2,372,,,旁白,"Despite his outward demeanor, I know that he's a highly skilled and experienced negotiator in Khemian politics.",
1262,第一幕·场景2,a1s2,374,,,旁白,"I have to remember they're watching and observing too, and even if I am the lowest ranking Adastran here, that could make me a target.",
1263,第一幕·场景2,a1s2,375,,,旁白,"I'm spared making the decision as a soundless drone floats into the cabin, this time extending a small, black capsule, about the size of my thumb.",
1264,第一幕·场景2,a1s2,377,,,旁白,Brunis eyes it before plucking the capsule rather aggressively from the drone.,
1265,第一幕·场景2,a1s2,379,br,Brunis,台词,"""Thanks, this'll last me a solid half-hour, Ahm. Anyway, yeah--""",
1266,第一幕·场景2,a1s2,380,,,旁白,Brunis uses a flicking motion with his thumb to open the tiny capsule.,
1267,第一幕·场景2,a1s2,382,br,Brunis,台词,"""--you shouldn't let personal issues get in the way, but it's important to empathize with the side you're negotiating with.""",
1268,第一幕·场景2,a1s2,383,,,旁白,"I watch him pack the strange pipe contraption for a while, the wolverine handling the flakey green concoction carefully so as not to spill any of it.",
1269,第一幕·场景2,a1s2,384,m,Scipio,台词,"""Can it help with... distracting thoughts?""",
1270,第一幕·场景2,a1s2,385,,,旁白,I can't stop myself from asking.,
1271,第一幕·场景2,a1s2,386,,,旁白,"I have, for the most part, been able to keep myself in check for the better part of two years.",
1272,第一幕·场景2,a1s2,387,,,旁白,But the past hour has left me wondering if it's all about to fall apart.,
1273,第一幕·场景2,a1s2,388,,,旁白,"I realize then, how desperate I am for some kind of solution, a fix for this dysfunctional brain of mine.",
1274,第一幕·场景2,a1s2,389,,,旁白,"I suppose my approach isn't subtle, however.",
1275,第一幕·场景2,a1s2,390,,,旁白,"Brunis leans back and eyes me closely, his pipe held in one paw.",
1276,第一幕·场景2,a1s2,392,br,Brunis,台词,"""It might. It's different for everyone, but I know people that use it to focus... You doing okay, by the way?""",
1277,第一幕·场景2,a1s2,393,m,Scipio,台词,"""Definitely! As you know, it's very illegal to possess such substances on Adastra, so I am simply curious about this part of Khemian culture.""",
1278,第一幕·场景2,a1s2,394,,,旁白,"Brunis continues to study me, and I try to keep my paws from fidgeting by clasping them together.",
1279,第一幕·场景2,a1s2,395,,,旁白,"Perhaps it does not matter, considering Neferu will likely tell Brunis about my issues anyway, despite his promise.",
1280,第一幕·场景2,a1s2,396,br,Brunis,台词,"""Well, {i}pap{/i} is just the Khemian strain of {i}chronoma{/i}, which is native to Omorfa.""",
1281,第一幕·场景2,a1s2,398,br,Brunis,台词,"""Kinda funny that it's banned on Adastra when you guys {i}borrowed{/i} so much from the cats, haha!""",
1282,第一幕·场景2,a1s2,399,,,旁白,"Brunis winks at me to lighten the jab, even though I'm too anxious at the idea of this plant to even really register it.",
1283,第一幕·场景2,a1s2,401,br,Brunis,台词,"""Anyway, if you really are interested, I can take you to an Omorfan dispensary.""",
1284,第一幕·场景2,a1s2,403,br,Brunis,台词,"""The cats {i}really{/i} know their shit when it comes to anything plant-related, obviously. They got a bunch of stuff that might be better for you.""",
1285,第一幕·场景2,a1s2,404,m,Scipio,台词,"""Ah, well, maybe I'll have a look at one sometime.""",
1286,第一幕·场景2,a1s2,405,,,旁白,"Brunis can clearly see that I am interested, which only convinces me to back out of this odd, reckless attempt to fix myself.",
1287,第一幕·场景2,a1s2,406,,,旁白,"While I know that much of the education I received on the use of recreational drugs was simply state-sponsored propaganda, I'm still deeply uneasy about it.",
1288,第一幕·场景2,a1s2,407,,,旁白,Using a drug to patch over a mental deficiency like mine simply seems... unwise.,
1289,第一幕·场景2,a1s2,410,,,旁白,"Just as I'm about to head over to my side of the room, however, Brunis sticks his pipe out toward me.",
1290,第一幕·场景2,a1s2,412,br,Brunis,台词,"""Wanna puff? I know it's not a wolf thing, but it'd be rude of me not to offer.""",
1291,第一幕·场景2,a1s2,413,,,旁白,"I stare at the pipe for a second, my curiosity rekindled for just a moment, before the words of my instructor in mindfulness comes to me.",
1292,第一幕·场景2,a1s2,414,,,旁白,"{i}Meditation is key, Scipio. Alcohol only damages your self-awareness and self-control.{/i}.",
1293,第一幕·场景2,a1s2,415,,,旁白,"I assume he would say this about most drugs, especially those used for mind-alteration.",
1294,第一幕·场景2,a1s2,416,,,旁白,So I hold up a paw.,
1295,第一幕·场景2,a1s2,417,m,Scipio,台词,"""I am tempted due to wanting to understand Khemian culture better, but I should avoid any psychoactive substances while I'm on this mission.""",
1296,第一幕·场景2,a1s2,419,br,Brunis,台词,"""That's probably a good idea. It can be a hard one to predict if you've never had it.""",
1297,第一幕·场景2,a1s2,421,,,旁白,"The big wolverine ambles over to his own bed, sitting down with a heavy sigh, inhaling from his pipe, the room filling with that herbal smell before it quickly dissipates again.",
1298,第一幕·场景2,a1s2,422,,,旁白,It must be the air filtration system vacuuming it away.,
1299,第一幕·场景2,a1s2,424,br,Brunis,台词,"""So... what do wolves do for fun in a place where everything's illegal?""",
1300,第一幕·场景2,a1s2,425,,,旁白,"I sit back, a bit more sluggish now, probably due to the nausea medication.",
1301,第一幕·场景2,a1s2,426,m,Scipio,台词,"""We have alcohol.""",
1302,第一幕·场景2,a1s2,427,,,旁白,Saying this reminds me of the time I asked my doctor for something to help cope with the anxiety three years ago.,
1303,第一幕·场景2,a1s2,428,,,旁白,I especially remember his look of surprise and confusion before telling me that sedatives were a womanly medication and that I should instead go buy some cheap drink instead.,
1304,第一幕·场景2,a1s2,429,,,旁白,"It certainly felt manly, boldly drinking an entire mug of toxic-tasting ale while my friends cheered me on.",
1305,第一幕·场景2,a1s2,430,,,旁白,"And it did help, at least until I began blacking out from drinking too much, and that frightened me away from it.",
1306,第一幕·场景2,a1s2,431,,,旁白,Probably for the best.,
1307,第一幕·场景2,a1s2,432,,,旁白,Brunis makes a face.,
1308,第一幕·场景2,a1s2,434,br,Brunis,台词,"""Blegh, not a fan of the stuff. Makes me sick and gives me a headache.""",
1309,第一幕·场景2,a1s2,435,m,Scipio,台词,"""I don't enjoy it anymore. I mainly partook to better match the mood of my friends on our nights off.""",
1310,第一幕·场景2,a1s2,437,br,Brunis,台词,"""Oh, I get that, AND it tastes like shit! Sure, 'acquired tastes' and all, but it all tastes the same to me, just different shades of shit.""",
1311,第一幕·场景2,a1s2,438,m,Scipio,台词,"""Yes, the taste would probably make me vomit these days, but mostly, I didn't like having less control over myself. I've seen a few friends completely consumed by it, and it's a terrible thing.""",
1312,第一幕·场景2,a1s2,439,,,旁白,"I wonder about one of them now, Gaius, who had gone from perfect marks and attendance at university, to living on the streets.",
1313,第一幕·场景2,a1s2,440,,,旁白,"It had happened after he lost his best friend in the riots, who had also been a friend of mine.",
1314,第一幕·场景2,a1s2,441,,,旁白,{i}Spurius.{/i},
1315,第一幕·场景2,a1s2,442,,,旁白,My breath hitches and I sit up straighter.,
1316,第一幕·场景2,a1s2,443,m,Scipio,台词,"""Sorry, Brunis, but do you mind if I meditate?""",
1317,第一幕·场景2,a1s2,445,br,Brunis,台词,"""Oh yeah, not at all. Do you, uh, need me to leave?""",
1318,第一幕·场景2,a1s2,446,m,Scipio,台词,"""No, you're fine.""",
1319,第一幕·场景2,a1s2,448,,,旁白,"Brunis nods and lies back on his bed, staring at the ceiling as he continues to smoke his pipe.",
1320,第一幕·场景2,a1s2,449,,,旁白,"I sit cross-legged at the foot of my bed, beginning with the familiar first step of focusing on my breathing.",
1321,第一幕·场景2,a1s2,456,,,旁白,I listen to my breathing and pay close attention to the rise and fall of my chest and shoulders.,
1322,第一幕·场景2,a1s2,457,,,旁白,I smell the {i}papywei{/i} along with the slightly stale and metallic scent of the recycled air.,
1323,第一幕·场景2,a1s2,458,,,旁白,"My mind is surprisingly flexible right now, as if I could try more complex meditation without issue, but I don't dare do that without my instructor.",
1324,第一幕·场景2,a1s2,459,,,旁白,Maybe Neferu might know how--,
1325,第一幕·场景2,a1s2,460,,,旁白,"My breathing suddenly quickens, and I immediately refocus my thoughts.",
1326,第一幕·场景2,a1s2,461,,,旁白,"I'm here, in the moment, without judgement, imagining myself to have the transparency of a window--",
1327,第一幕·场景2,a1s2,463,m,Scipio,台词,"""{i}Because they're mindless, uneducated scum. What else should we expect from those districts?{/i}""",
1328,第一幕·场景2,a1s2,465,,,旁白,"Breathing, remember breathing.",
1329,第一幕·场景2,a1s2,466,,,旁白,"But my mind seems to want to leave, almost like it's levitating, being drawn toward something above.",
1330,第一幕·场景2,a1s2,476,,,旁白,"My eyes fly open, shocked.",
1331,第一幕·场景2,a1s2,478,br,Brunis,台词,"""Shit, sorry. Tried to lift one of the crates on my bed so I didn't have to bend over and I dropped--""",
1332,第一幕·场景2,a1s2,480,br,Brunis,台词,"""Skip?""",
1333,第一幕·场景2,a1s2,481,,,旁白,"I can't move, or speak.",
1334,第一幕·场景2,a1s2,482,,,旁白,"Everything appears strange, vivid and crisp.",
1335,第一幕·场景2,a1s2,483,,,旁白,"I'm trembling and I feel my already-tense muscle tensing tighter, somehow.",
1336,第一幕·场景2,a1s2,484,,,旁白,I can smell the assassin's blood and entrails again.,
1337,第一幕·场景2,a1s2,486,,,旁白,"""{i}The{/i} {i}ahewawi{/i} {i}is going to stay with you forever, isn't it?{/i}""",
1338,第一幕·场景2,a1s2,488,,,旁白,A voice I've only heard in my dreams whispers directly into my ear.,
1339,第一幕·场景2,a1s2,490,,,旁白,"It's a real voice, not one that comes from my head, or imagination.",
1340,第一幕·场景2,a1s2,491,,,旁白,"It's a rustling of dead leaves, rattling out of the throat of something ancient, something that knows me better than I know myself.",
1341,第一幕·场景2,a1s2,492,,,旁白,"I'm back in the den, so I reach for the only escape I can, the magnetic force that was pulling at my mind earlier.",
1342,第一幕·场景2,a1s2,494,br,Brunis,台词,"""Shit!""",
1343,第一幕·场景2,a1s2,495,,,旁白,"I hear Brunis's panicked voice, but I'm far too detached to even wonder about what he said, or why.",
1344,第一幕·场景2,a1s2,497,,,旁白,"A distant jolt through my head and body, but that's it.",
1345,第一幕·场景2,a1s2,498,,,旁白,Then I feel nothing.,
1346,第一幕·场景2,a1s2,499,,,旁白,"""{i}This is what true peace is like, Scipio, but death is even better, because you don't exist at all.{/i}""",
1347,第一幕·场景2,a1s2,505,,,旁白,"""{i}Imagine a universe without life. How peaceful things would be then.{/i}""",
1348,第一幕·场景2,a1s2,506,,,旁白,Nothing.,
1349,第一幕·场景2,a1s2,507,,,旁白,{i}It's the only perfect state that can be achieved.{/i}.,
1350,第一幕·场景2,a1s2,508,,,旁白,"""{i}Sapients, you or anyone else, cannot be trusted. Remember how the cretin wolves treated you? Remember how the Khemians treat the wolves? Remember how Neferu treats you?{/i}""",
1351,第一幕·场景2,a1s2,509,,,旁白,"""{i}And do you remember your true purpose here, how you are treating Neferu?{/i}""",
1352,第一幕·场景2,a1s2,510,,,旁白,I hate it.,
1353,第一幕·场景2,a1s2,511,,,旁白,"""{i}More importantly, remember how the Parents treat sapients, in the name of 'agency', and yet what choice do any of you have?{/i}""",
1354,第一幕·场景2,a1s2,518,,,旁白,"""{i}You can help those like you, and by extension, all other sapients.{/i}""",
1355,第一幕·场景2,a1s2,519,,,旁白,I would if I could.,
1356,第一幕·场景2,a1s2,520,,,旁白,"""{i}You can.{/i}""",
1357,第一幕·场景2,a1s2,527,,,旁白,"I have no idea how long it's been, but when I'm back in my own mind, I'm even more confused about where I am.",
1358,第一幕·场景2,a1s2,528,,,旁白,I wonder if I have died.,
1359,第一幕·场景2,a1s2,529,,,旁白,Like Urbicus died.,
1360,第一幕·场景2,a1s2,530,,,旁白,"Maybe I fell and hit my head, like Spurius died.",
1361,第一幕·场景2,a1s2,531,,,旁白,"Or maybe our ship somehow crashed, and I've been left to float through space forever.",
1362,第一幕·场景2,a1s2,532,,,旁白,Or at least a few more seconds before I suffocate.,
1363,第一幕·场景2,a1s2,533,,,旁白,"That would be alright, I decide, even as I take a deep, easy breath of air.",
1364,第一幕·场景2,a1s2,534,,,旁白,I would rather exist this way; insignificant and meaningless against the monolithic emptiness of the universe.,
1365,第一幕·场景2,a1s2,535,,,旁白,It's all strangely... peaceful.,
1366,第一幕·场景2,a1s2,537,unk,?????,台词,"""My goodness, Scipio. If only your friends and colleagues could hear half of what you think.""",
1367,第一幕·场景2,a1s2,538,,,旁白,"A deep, but feminine voice comes from seemingly every direction.",
1368,第一幕·场景2,a1s2,539,,,旁白,"The fur raises on the nape of my neck and I try to look around, to find the source of the voice.",
1369,第一幕·场景2,a1s2,540,m,Scipio,台词,"""What? Those weren't my thoughts, though.""",
1370,第一幕·场景2,a1s2,541,,,旁白,"There's a deep, raspy chuckle, one that I recognize as distinctly feline, the type I've heard from recordings that involved Hindo tigers.",
1371,第一幕·场景2,a1s2,542,unk,?????,台词,"""Perhaps not, but do you not agree with them, young wolf?""",
1372,第一幕·场景2,a1s2,543,m,Scipio,台词,"""Who are you? Are you from Hindo?""",
1373,第一幕·场景2,a1s2,544,unk,?????,台词,"""Very good, especially for a wolf living in a time where Hindo has severed relations with Adastra completely.""",
1374,第一幕·场景2,a1s2,552,unk,?????,台词,"""But can you guess who I actually am?""",
1375,第一幕·场景2,a1s2,553,,,旁白,"Her eyes are so piercing, so intense that although I want to ask again what exactly is happening, I feel obliged to answer.",
1376,第一幕·场景2,a1s2,554,,,旁白,"And so, I quickly run through a list of tigresses I know of, only one of which is alive; the current ruler of Hindo.",
1377,第一幕·场景2,a1s2,555,m,Scipio,台词,"""Er, Maharani Arti?""",
1378,第一幕·场景2,a1s2,556,,,旁白,"The tigress eyes me closely so that I lower my ears, just wishing that I can go back soon.",
1379,第一幕·场景2,a1s2,557,unk,?????,台词,"""Consider the impossibility of where you are. You think Arti would try to come all the way here to talk to some rebellious pup?""",
1380,第一幕·场景2,a1s2,558,,,旁白,"I swallow hard, trying to keep my breathing even, because whatever this is, I think that it is somehow real.",
1381,第一幕·场景2,a1s2,559,,,旁白,But there could be an explanation.,
1382,第一幕·场景2,a1s2,560,m,Scipio,台词,"""Are... are you Meera?""",
1383,第一幕·场景2,a1s2,561,,,旁白,The quiet smile on her face answers my question.,
1384,第一幕·场景2,a1s2,562,me,Meera,台词,"""Well, I suppose two attempts is not terrible, though I must say that the human knew immediately.""",
1385,第一幕·场景2,a1s2,563,m,Scipio,台词,"""A--Amicus's human?""",
1386,第一幕·场景2,a1s2,564,me,Meera,台词,"""Yes.""",
1387,第一幕·场景2,a1s2,565,,,旁白,"The voice of dead leaves is gone now, as is the feeling of nothingness, and I'm embarrassed as I long to be back there, knowing the tigress knows what I'm thinking.",
1388,第一幕·场景2,a1s2,566,,,旁白,"Meera stays silent, though the look on her face tells me that she's waiting for me to speak.",
1389,第一幕·场景2,a1s2,567,m,Scipio,台词,"""Did the... are the Parents doing this? Are they making contact with me?""",
1390,第一幕·场景2,a1s2,568,,,旁白,It is rumored that they did the same with the human.,
1391,第一幕·场景2,a1s2,569,,,旁白,"Meera is quiet for a while, so I stay quiet as well, unable to think of any other reason for this to be happening if it really {i}is{/i} happening.",
1392,第一幕·场景2,a1s2,570,me,Meera,台词,"""The parents are a complex matter, Scipio. Direct communication with them is impossible, unless they break their own rules against interference.""",
1393,第一幕·场景2,a1s2,571,,,旁白,She narrows her eyes.,
1394,第一幕·场景2,a1s2,572,me,Meera,台词,"""Think more logically though. Concerning the voice, would the parents say such things to you?""",
1395,第一幕·场景2,a1s2,573,,,旁白,I answer honestly.,
1396,第一幕·场景2,a1s2,574,m,Scipio,台词,"""I don't know.""",
1397,第一幕·场景2,a1s2,575,,,旁白,"I try to think logically, as she told me to do.",
1398,第一幕·场景2,a1s2,576,m,Scipio,台词,"""Maybe it's a test? Or maybe this is part of the plan? Do you know who that was? Was it you?""",
1399,第一幕·场景2,a1s2,577,,,旁白,"Meera is quiet again, but it's more like she's pondering something.",
1400,第一幕·场景2,a1s2,578,me,Meera,台词,"""I cannot say for certain, Scipio, but what I do know is that you don't trust the Parents.""",
1401,第一幕·场景2,a1s2,579,,,旁白,That sends a jolt of fear through me.,
1402,第一幕·场景2,a1s2,580,m,Scipio,台词,"""I do! I just don't understand what the purpose of any of this is.""",
1403,第一幕·场景2,a1s2,581,,,旁白,That tiger chuckle again.,
1404,第一幕·场景2,a1s2,582,me,Meera,台词,"""Take comfort in the fact that it's no fault of your own. The Parents plant all the seeds, after all.""",
1405,第一幕·场景2,a1s2,583,m,Scipio,台词,"""Why did you bring me here? Is there something that I am supposed to do, or maybe you have instructions?""",
1406,第一幕·场景2,a1s2,584,me,Meera,台词,"""You brought yourself here, Scipio. The stretch drive makes the layers between planes more permeable. Would you believe that the Parents physically stopped the human from killing Amicus while they were in the stretch?""",
1407,第一幕·场景2,a1s2,585,,,旁白,"I don't know if I do, and I don't know what to say.",
1408,第一幕·场景2,a1s2,586,me,Meera,台词,"""Such agency they've gifted us with, eh?""",
1409,第一幕·场景2,a1s2,587,,,旁白,Meera taps a finger to her head.,
1410,第一幕·场景2,a1s2,588,,,旁白,"The fear continues to rise in me, not wanting to anger the Parents, and not wanting to be dead, because the Amalgamation is where we truly go.",
1411,第一幕·场景2,a1s2,589,me,Meera,台词,"""You fear death, you fear the Amalgamation. Rather, you believe it is an abomination, and deep down, though you will not admit it even to yourself...""",
1412,第一幕·场景2,a1s2,590,,,旁白,"My fur bristles and I try to jolt myself awake, but nothing happens.",
1413,第一幕·场景2,a1s2,591,me,Meera,台词,"""...You do not trust the Parents, or anyone for that matter.""",
1414,第一幕·场景2,a1s2,592,,,旁白,Am I going to be punished?,
1415,第一幕·场景2,a1s2,593,,,旁白,"They know I'm a fraud, on a mission to further Parental agendas when I don't believe them to be right.",
1416,第一幕·场景2,a1s2,594,,,旁白,I'm only here for selfish reasons.,
1417,第一幕·场景2,a1s2,595,me,Meera,台词,"""I believe disagreeing with their 'grand plan' is one of the lesser troubling thoughts in your head. You have enough hatred to set fire to those wolves yourself.""",
1418,第一幕·场景2,a1s2,596,me,Meera,台词,"""You are capable of dark things, Scipio, but who wouldn't be after that day?""",
1419,第一幕·场景2,a1s2,597,,,旁白,"I realize my legs are trembling, but I can at least feel them again, and that gives me hope.",
1420,第一幕·场景2,a1s2,598,,,旁白,Please wake up.,
1421,第一幕·场景2,a1s2,599,,,旁白,Meera raises a paw.,
1422,第一幕·场景2,a1s2,600,me,Meera,台词,"""Easy, young wolf. I am only here to help you, to warn, and to advise. You need guidance, and I am here to offer it if you will take it.""",
1423,第一幕·场景2,a1s2,601,,,旁白,"I frown and rack my brain for the lessons I had on Meera, if she was ever used in this manner in the past.",
1424,第一幕·场景2,a1s2,602,,,旁白,"Her main purpose was that of self-sacrifice, to push Drusus in the correct direction for the empire.",
1425,第一幕·场景2,a1s2,603,,,旁白,She has little to do with the Parents.,
1426,第一幕·场景2,a1s2,604,,,旁白,"As far as I know, it is only the Monitors that communicate for the Parents.",
1427,第一幕·场景2,a1s2,605,,,旁白,Does that mean--,
1428,第一幕·场景2,a1s2,606,me,Meera,台词,"""--that this is not sanctioned by the Parents? Yes. And do not be afraid that you are not in lockstep with their vision for the future. They've limited themselves by professing the importance of free will, choice without interference.""",
1429,第一幕·场景2,a1s2,607,me,Meera,台词,"""I am not afraid to admit that I disagree with them completely. I never entered the Amalgamation as I believe that it is an attack on life, rather than a preservation of it.""",
1430,第一幕·场景2,a1s2,608,me,Meera,台词,"""Besides, they can't even agree with each other. They bicker just as much as the Siblings.""",
1431,第一幕·场景2,a1s2,615,,,旁白,"The borders of this odd, in-between world begin to shimmer and fade, and I realize it's ending.",
1432,第一幕·场景2,a1s2,616,m,Scipio,台词,"""Wait! Please, you say that you did not have to go to the Amalgamation? That--that you can help fix me? Can you tell me more of that voice? Please, don't leave me yet!""",
1433,第一幕·场景2,a1s2,617,,,旁白,"Meera smiles at me, at my desperation that I know must look insane, but I truly am desperate.",
1434,第一幕·场景2,a1s2,618,me,Meera,台词,"""This will not be the last time we speak. Trust that I will appear again when the time is right. This was merely an introduction.""",
1435,第一幕·场景2,a1s2,619,m,Scipio,台词,"""O--Okay... Thank you, Meera.""",
1436,第一幕·场景2,a1s2,626,me,Meera,台词,"""It was a pleasure meeting you, Scipio. Until next time.""",
1437,第一幕·场景2,a1s2,627,,,旁白,...,
1438,第一幕·场景2,a1s2,628,,,旁白,"But in the relief of escape, another voice adds their own thoughts just as I'm leaving, one that I recognize.",
1439,第一幕·场景2,a1s2,629,,,旁白,Higher-pitched and female.,
1440,第一幕·场景2,a1s2,630,,,旁白,That of a jackal.,
1441,第一幕·场景2,a1s2,631,unk,?????,台词,"""There we go! Scipio, say this to Neferu; '{i}nettek aum hotep akh{/i}.'""",
1442,第一幕·场景2,a1s2,632,unk,?????,台词,"""Tell him to stop sulking like a spoiled prince and to communicate with you. This is important. He'll understand.""",
1443,第一幕·场景2,a1s2,642,,,旁白,"I'm in my body once more, and I'm lying on something soft.",
1444,第一幕·场景2,a1s2,645,br,Brunis,台词,"""--I don't know! He said he was gonna meditate and then he looked at me all scared before his eyes just rolled into the back of his head!""",
1445,第一幕·场景2,a1s2,646,,,旁白,"I can't move though, my body locked in place, though my fingers and ears start to regain some movement, twitching as I try to break free.",
1446,第一幕·场景2,a1s2,647,n,Neferu,台词,"""Did you give him something?""",
1447,第一幕·场景2,a1s2,648,br,Brunis,台词,"""No!""",
1448,第一幕·场景2,a1s2,651,n,Neferu,台词,"""Skip?""",
1449,第一幕·场景2,a1s2,652,,,旁白,My paws begin to shift.,
1450,第一幕·场景2,a1s2,654,br,Brunis,台词,"""Hey, look! He's moving.""",
1451,第一幕·场景2,a1s2,655,,,旁白,"A touch on my shoulder, gentle and tentative.",
1452,第一幕·场景2,a1s2,657,n,Neferu,台词,"""Did you blow the vapor in his direction? He's a wolf and has no experience with that drug. He could be very sensitive to it!""",
1453,第一幕·场景2,a1s2,659,br,Brunis,台词,"""If that's all it takes to get him high then why hasn't he ever freaked out when he's sitting next to me?""",
1454,第一幕·场景2,a1s2,661,n,Neferu,台词,"""I'm sorry to tell you something you already know, but {i}pap{/i} smells terrible. He turns his nose away whenever you get close!""",
1455,第一幕·场景2,a1s2,662,,,旁白,"As I begin to come back to what I believe is reality, they continue to go back and forth, and I imagine their voices in a sparring match.",
1456,第一幕·场景2,a1s2,663,,,旁白,It reminds me of the one time Neferu managed to convince the wolverine to spar.,
1457,第一幕·场景2,a1s2,664,,,旁白,"Despite his build and size, Brunis isn't much of a fighter.",
1458,第一幕·场景2,a1s2,665,,,旁白,"The match barely lasted more than a minute before Brunis was on his knees and retching so loud he sounded like a giant, squawking bird.",
1459,第一幕·场景2,a1s2,666,,,旁白,"Even though I felt bad for him at the time, I chuckle, surprising even myself.",
1460,第一幕·场景2,a1s2,667,,,旁白,They stop arguing.,
1461,第一幕·场景2,a1s2,668,,,旁白,"Then, all at once, the paralysis releases me, and I shift slowly.",
1462,第一幕·场景2,a1s2,672,,,旁白,"I'm confused for a moment, then sit up quickly.",
1463,第一幕·场景2,a1s2,673,,,旁白,"I realize the scene I'm making right now, but I don't know what happened.",
1464,第一幕·场景2,a1s2,674,,,旁白,"All I can do is say the only thing that might confirm I'm not going insane, before I forget it.",
1465,第一幕·场景2,a1s2,675,m,Scipio,台词,"""{i}Nettek aum hotep akh.{/i}""",
1466,第一幕·场景2,a1s2,679,,,旁白,"The way they stare at me makes my ears fold back for a moment, embarrassed about my clumsy, heavy accent despite the situation, knowing my words are heard directly by the both of them, unfiltered by their linguas.",
1467,第一幕·场景2,a1s2,680,,,旁白,"But I'm more worried that if it was only a dream, I'd probably spoken some faux-Khemian gibberish pulled from my pre-intermediate knowledge of the language.",
1468,第一幕·场景2,a1s2,681,,,旁白,"I almost want to make the excuse that it takes years to learn Khemian, especially for wolves.",
1469,第一幕·场景2,a1s2,682,,,旁白,"Neferu's reaction says otherwise though, but I'm not sure if it's a preferable one.",
1470,第一幕·场景2,a1s2,684,n,Neferu,台词,"""What did you say?""",
1471,第一幕·场景2,a1s2,685,,,旁白,"I stare back at him, feeling out-of-body, as if I've suddenly been dropped here from a distant moon.",
1472,第一幕·场景2,a1s2,686,,,旁白,"Clearly it meant something, possibly something serious, or even something bad.",
1473,第一幕·场景2,a1s2,687,m,Scipio,台词,"""I don't know. I was meditating and got lost and... I don't know.""",
1474,第一幕·场景2,a1s2,691,,,旁白,"I cover my face, finally overwhelmed and not knowing what to do.",
1475,第一幕·场景2,a1s2,692,,,旁白,What the hell is happening to me?,
1476,第一幕·场景2,a1s2,693,,,旁白,"It's quiet, but I hear them murmur to each other for a moment, followed by movement, and when I look up, Brunis is gone.",
1477,第一幕·场景2,a1s2,699,,,旁白,The bed shifts with added weight as Neferu sits next to me.,
1478,第一幕·场景2,a1s2,703,,,旁白,"He's quiet, as if waiting for me to say more, to explain what I had just said.",
1479,第一幕·场景2,a1s2,704,m,Scipio,台词,"""I'm sorry, I don't know what that means. I know the word 'peace' and maybe 'welcome', but there's a lack of resources to learn Khemian on Adastra, and it's especially hard for Adastrans because the differences...""",
1480,第一幕·场景2,a1s2,705,,,旁白,"I realize I'm over-explaining and trail off, deciding to wait for Neferu to break the silence.",
1481,第一幕·场景2,a1s2,707,n,Neferu,台词,"""It sounded fine, Skip. It's the first time I've heard a wolf speak a full sentence in Khemian, actually. But I'm much more interested in what prompted you to say it.""",
1482,第一幕·场景2,a1s2,708,m,Scipio,台词,"""Is it a bad thing to say?""",
1483,第一幕·场景2,a1s2,709,,,旁白,"I try to keep my paws from gripping my thighs too tightly, but Neferu shakes his head.",
1484,第一幕·场景2,a1s2,711,n,Neferu,台词,"""It means 'Welcome, and be at ease, brother'.""",
1485,第一幕·场景2,a1s2,712,,,旁白,"As if to pay me in kind, he says it in Adastran.",
1486,第一幕·场景2,a1s2,713,,,旁白,"Now I hear Neferu's voice unfiltered, but his accent is pleasant, almost sing-song in its quality, and I know it sounds better than my own bumbling accent stumbling over Khemian.",
1487,第一幕·场景2,a1s2,714,,,旁白,I can tell he's fluent just from that sentence.,
1488,第一幕·场景2,a1s2,715,,,旁白,Neferu waves a paw as if brushing something aside.,
1489,第一幕·场景2,a1s2,717,n,Neferu,台词,"""Roughly, anyway. It can be worded in many ways, but I'm wondering where you heard it, or why you said it.""",
1490,第一幕·场景2,a1s2,718,,,旁白,"I look down at the sterile metal floor of the ship, only now able to absorb what I'd seen and heard while I had been meditating, though meditation has never done anything like that to me before.",
1491,第一幕·场景2,a1s2,719,,,旁白,"As I think back on it, I don't want to tell him the majority of what I saw and heard, but I can at least tell him about the third and final voice.",
1492,第一幕·场景2,a1s2,720,m,Scipio,台词,"""I heard a voice while meditating, a female jackal, I think.""",
1493,第一幕·场景2,a1s2,722,,,旁白,"Neferu is clearly trying to keep his reaction muted, but he can't fully hide his surprise.",
1494,第一幕·场景2,a1s2,723,,,旁白,I fidget with my tail as it curls around in my lap.,
1495,第一幕·场景2,a1s2,724,m,Scipio,台词,"""Should I be wary of it? I didn't see anyone.""",
1496,第一幕·场景2,a1s2,726,n,Neferu,台词,"""Did that voice say anything else?""",
1497,第一幕·场景2,a1s2,727,,,旁白,My ears duck down again.,
1498,第一幕·场景2,a1s2,728,m,Scipio,台词,"""It mentioned that, erm... You should communicate with me and not to sulk like a... A spoiled prince, or something--""",
1499,第一幕·场景2,a1s2,730,,,旁白,"Neferu makes a soft huffing sound of surprise, almost like a laugh.",
1500,第一幕·场景2,a1s2,732,n,Neferu,台词,"""It really is her, then.""",
1501,第一幕·场景2,a1s2,733,m,Scipio,台词,"""Who?""",
1502,第一幕·场景2,a1s2,735,n,Neferu,台词,"""My youngest sister, Aya.""",
1503,第一幕·场景2,a1s2,736,m,Scipio,台词,"""Really? Why... why would she contact me? How can she even make contact like that? She's on Khemia, right?""",
1504,第一幕·场景2,a1s2,737,,,旁白,"I'd studied the royal family, but there was a noticeable lack of information on the youngest of the four siblings aside from her being some sort of religious scholar who performed traditional Khemian rituals for the family.",
1505,第一幕·场景2,a1s2,739,n,Neferu,台词,"""She's on Khemia, yes, but as to how she's contacting you, or why, I'm not sure. She's certainly never contacted me like that in the past three years.""",
1506,第一幕·场景2,a1s2,740,,,旁白,"There's a touch of bitterness in his voice, likely covering up his hurt feelings if it's true that Aya is the only member of his family that Neferu has an amicable relationship with.",
1507,第一幕·场景2,a1s2,741,m,Scipio,台词,"""But how is it even possible for her to do that? She said you would understand.""",
1508,第一幕·场景2,a1s2,743,n,Neferu,台词,"""Well, her duties involve things that are quite abstract and beyond my own understanding. If she scolded me and said I should 'communicate' with you, she might have an interest in you specifically, for whatever reason.""",
1509,第一幕·场景2,a1s2,744,,,旁白,It's quiet for a few seconds.,
1510,第一幕·场景2,a1s2,745,m,Scipio,台词,"""But how does she even know me? This is making me wonder if I'm still dreaming, Neferu. You don't even seem that surprised that she's able to do this.""",
1511,第一幕·场景2,a1s2,747,,,旁白,I know he's not telling me everything he knows.,
1512,第一幕·场景2,a1s2,748,,,旁白,"Neferu opens his mouth, then closes it, as if struggling to find the right words.",
1513,第一幕·场景2,a1s2,750,n,Neferu,台词,"""Don't worry too much about it. She's very... she can be hard to understand and sometimes gets excited over things that others would find insignificant.""",
1514,第一幕·场景2,a1s2,751,,,旁白,"I wonder for a moment if I told Neferu she wanted better communication between us, because it's not happening.",
1515,第一幕·场景2,a1s2,752,m,Scipio,台词,"""Neferu, you are emotionally close to her, right?""",
1516,第一幕·场景2,a1s2,754,n,Neferu,台词,"""Yes. Probably because the two of us didn't exactly fit in with the family, though she's doing a much better job of it now than I am.""",
1517,第一幕·场景2,a1s2,755,m,Scipio,台词,"""So she must have told you, at some point, what she's capable of, of what her role is? Neferu, she's reaching across light years to speak to me. I'm a bit concerned about that.""",
1518,第一幕·场景2,a1s2,757,,,旁白,Neferu sighs deeply.,
1519,第一幕·场景2,a1s2,758,n,Neferu,台词,"""The truth is that I am under Parental oath not to discuss it. I might not even be allowed to say that, but I'll wait for a Monitor to smite me if that's the case.""",
1520,第一幕·场景2,a1s2,760,n,Neferu,台词,"""I know it all sounds very strange and even frightening, so I didn't want to add to your worries. Keep in mind that she, like I, can be a bit dramatic at times.""",
1521,第一幕·场景2,a1s2,761,m,Scipio,台词,"""I see...""",
1522,第一幕·场景2,a1s2,762,,,旁白,I don't see.,
1523,第一幕·场景2,a1s2,763,,,旁白,"I still have many, many questions, about the other voices she seems to be fighting against, but maybe I can talk to Aya herself about it, if I'm even allowed to do so.",
1524,第一幕·场景2,a1s2,765,n,Neferu,台词,"""I can say that if she has the ability to astral project to contact other sapients, then that is new information to me, however it's not out of the realm of possibility considering what she does.""",
1525,第一幕·场景2,a1s2,766,n,Neferu,台词,"""If that were always the case, I would have expected her to have given me advice over the past three years. Again, I might get in trouble for even saying this much.""",
1526,第一幕·场景2,a1s2,767,,,旁白,I think.,
1527,第一幕·场景2,a1s2,768,m,Scipio,台词,"""I apologize in advance for even suggesting this, but you have every reason to believe that she's currently alive, right?""",
1528,第一幕·场景2,a1s2,770,n,Neferu,台词,"""Of course. Why wouldn't she be?""",
1529,第一幕·场景2,a1s2,771,,,旁白,Now Neferu is the one looking nervous.,
1530,第一幕·场景2,a1s2,772,,,旁白,"I fully decide then that I won't bring up Meera, who is very much dead.",
1531,第一幕·场景2,a1s2,773,m,Scipio,台词,"""Sorry, just trying to figure out how this is happening. I've heard claims that un-amalgamated spirits can do that.""",
1532,第一幕·场景2,a1s2,775,n,Neferu,台词,"""Well if that were somehow the case, I would be a bit upset that she appeared to you only to tell me to stop feeling sorry for myself. Not entirely bad advice though. However, she would be amalgamated, no doubt.""",
1533,第一幕·场景2,a1s2,776,,,旁白,"I can still see that I've worried Neferu, so I decide to move the conversation along by asking about what she meant.",
1534,第一幕·场景2,a1s2,777,m,Scipio,台词,"""That makes sense. Maybe I can meet her when we arrive, assuming it really was her?""",
1535,第一幕·场景2,a1s2,779,n,Neferu,台词,"""Of course, I'll introduce you.""",
1536,第一幕·场景2,a1s2,780,m,Scipio,台词,"""Thank you, Neferu. So if you're not allowed to discuss her duties, what do you think she meant when she said to 'communicate' with me?""",
1537,第一幕·场景2,a1s2,784,n,Neferu,台词,"""Judging by what you told me, I think she wants me to help you, instead of acting as I did when you came out of the lavatory.""",
1538,第一幕·场景2,a1s2,785,,,旁白,I had almost forgotten about that.,
1539,第一幕·场景2,a1s2,786,,,旁白,"Neferu's sister encouraging us to communicate will be very helpful to me as she seems to have a good deal of influence, and not just over her brother.",
1540,第一幕·场景2,a1s2,787,m,Scipio,台词,"""Well, I did react in a rude way myself. I could tell that what I said was hurtful to you. I was just embarrassed about being seen in that moment of weakness.""",
1541,第一幕·场景2,a1s2,789,n,Neferu,台词,"""Ah, you need not apologize. I was being nosy and you reacted in an understandable way. If you'll accept an excuse, my overreaction is rooted in past experiences.""",
1542,第一幕·场景2,a1s2,790,m,Scipio,台词,"""Oh, how so?""",
1543,第一幕·场景2,a1s2,792,n,Neferu,台词,"""I once knew an Omorfan by the name of Alexios.""",
1544,第一幕·场景2,a1s2,793,m,Scipio,台词,"""Oh... You knew him, personally?""",
1545,第一幕·场景2,a1s2,794,,,旁白,"Alexios, the Sibling pet and rumored lover of Cassius, the former false emperor and also Amicus's brother.",
1546,第一幕·场景2,a1s2,795,,,旁白,"Alexios was an agent of Omorfa, sent to Adastra to sow chaos in the very fabric of our society, a mission that was ultimately successful.",
1547,第一幕·场景2,a1s2,796,,,旁白,One could say that he is the main reason for the riots occurring.,
1548,第一幕·场景2,a1s2,798,n,Neferu,台词,"""Well, I knew him, but I doubt anyone knew him personally, aside from maybe Cassius. Anyway, despite nearly toppling Adastra, he was never a very good spy, but he was underestimated.""",
1549,第一幕·场景2,a1s2,800,n,Neferu,台词,"""And he struck Cassius's fancy. It's easier to be a spy when you have a direct connection to the very heart of power.""",
1550,第一幕·场景2,a1s2,801,,,旁白,"Neferu looks at me candidly, in case I missed it.",
1551,第一幕·场景2,a1s2,802,,,旁白,"But I didn't, I already know he sees right through me, but I also think I sometimes see right through him.",
1552,第一幕·场景2,a1s2,803,,,旁白,"In all honestly though, I wasn't thinking about the game I, or the both of us, are playing.",
1553,第一幕·场景2,a1s2,804,,,旁白,"I should be calculating the best way to establish a relationship that Neferu will become emotionally reliant upon, even if it's detrimental to Khemia.",
1554,第一幕·场景2,a1s2,805,,,旁白,"Veteris told me earlier that this is an especially promising exploit considering Neferu's family relationship is unmoored, to put it lightly.",
1555,第一幕·场景2,a1s2,806,,,旁白,"That's my end goal, despite the slim odds of it going that far, or even being needed.",
1556,第一幕·场景2,a1s2,807,,,旁白,"His brother and younger sister are both in positions of much higher power and influence, and after learning more about his youngest sister, and her secretive directives, she might be as well.",
1557,第一幕·场景2,a1s2,808,,,旁白,"But for the first time, for right now at least, I'm following my emotions where they take me.",
1558,第一幕·场景2,a1s2,809,,,旁白,"The dutiful part of me, the part that I thought was all of me, is scolding myself, but after the experience I just had, I wonder if it's even the most pressing issue.",
1559,第一幕·场景2,a1s2,810,,,旁白,"It's a bit alarming, but I calm myself by reasoning that this is simply the best way to approach Neferu, that my beliefs and goals have not changed.",
1560,第一幕·场景2,a1s2,811,,,旁白,"One strange experience during meditation, an experience I'm not even sure was real, should not be able to cause that.",
1561,第一幕·场景2,a1s2,812,,,旁白,"Another part of me, one so unfamiliar it makes my skin crawl, knows it was real, but that won't help with staying calm.",
1562,第一幕·场景2,a1s2,813,m,Scipio,台词,"""I see.""",
1563,第一幕·场景2,a1s2,815,n,Neferu,台词,"""Well, whenever he found himself cornered, he often resorted to a very... strange state of mind.""",
1564,第一幕·场景2,a1s2,816,n,Neferu,台词,"""Basically, he would exhibit the expression and emotion of a rock, a classic, diplomatic, defensive maneuver he often used to get out of situations he couldn't, though he was never subtle about it.""",
1565,第一幕·场景2,a1s2,818,n,Neferu,台词,"""He is possibly the most selfish, amoral political official I have ever had the displeasure of dealing with. To be clear, I knew his motives were to serve Omorfa, which can be argued to be the most anti-Adastran Sibling world--""",
1566,第一幕·场景2,a1s2,820,n,Neferu,台词,"""--but what I didn't expect was a sniveling coward, willing to destroy the foundation of an entire Sibling civilization and cause loss of life in the thousands.""",
1567,第一幕·场景2,a1s2,821,,,旁白,"I nod, though having not known the cat, I have few opinions about him aside from the fact that he's an Omorfan.",
1568,第一幕·场景2,a1s2,822,,,旁白,"Omorfa has always loathed Adastra, as they see us to be the biggest threat to stability in the {i}Galaxias{/i}.",
1569,第一幕·场景2,a1s2,823,,,旁白,"They've even gone a step further than Hindo, suggesting Adastra should not only lose its sibling status, but cast out of the {i}Galaxias{/i} as a whole.",
1570,第一幕·场景2,a1s2,824,,,旁白,"That, along with having Parents who shared the same galaxy before arriving resulted in a closeness in our cultures that only emphasizes our differences.",
1571,第一幕·场景2,a1s2,825,,,旁白,"And with all due respect to Amicus, I had always viewed the situation to be the fault of the imperial family for allowing an Omorfan to get so close in the first place.",
1572,第一幕·场景2,a1s2,827,n,Neferu,台词,"""Anyway, when you came out of that lavatory, the look you gave me was strikingly similar, but I know that's not you, Scipio.""",
1573,第一幕·场景2,a1s2,829,n,Neferu,台词,"""You are a good, honest person, and I know you would never do such a thing if the intention is simply chaos and destruction.""",
1574,第一幕·场景2,a1s2,831,n,Neferu,台词,"""And despite our differences in culture and language, and despite the history between our people--""",
1575,第一幕·场景2,a1s2,833,n,Neferu,台词,"""--you are my friend, and I trust you.""",
1576,第一幕·场景2,a1s2,834,,,旁白,"I almost smile, despite myself.",
1577,第一幕·场景2,a1s2,835,,,旁白,This is Neferu 'communicating'.,
1578,第一幕·场景2,a1s2,836,,,旁白,"Perhaps he's an outlier amongst the supposedly blunt Khemians, but I'm able to understand what he's saying.",
1579,第一幕·场景2,a1s2,838,,,旁白,"""{i}I know that you're here to gather intelligence, to better Adastra's position in the alliance, and to use me as a tool, just as Alexios used Cassius.{/i}""",
1580,第一幕·场景2,a1s2,839,,,旁白,"""{i}I'm lonely, and I need someone that I can call a friend, a true friend, and in this relationship, I know that you have nothing to lose while I could lose everything{/i}""",
1581,第一幕·场景2,a1s2,840,,,旁白,"""{i}But I also know that you are full of compassion, and you would never do what he did, and so while I know that you can't be trusted, I trust you.{/i}""",
1582,第一幕·场景2,a1s2,841,,,旁白,The real question is if he's making the right choice.,
1583,第一幕·场景2,a1s2,842,,,旁白,"I look Neferu in the eye, in what I hope is a meaningful way so that he might know that I understand.",
1584,第一幕·场景2,a1s2,843,m,Scipio,台词,"""And I trust you. I simply want the galaxy to achieve harmony, and... it sounds pup-like, but all I want is less hardship and anguish for sapients and all other living things.""",
1585,第一幕·场景2,a1s2,844,,,旁白,"My fur bristles in an uncomfortably prickly way, feeling sick just being in my own skin.",
1586,第一幕·场景2,a1s2,846,,,旁白,"{i}I would watch the Clay District burn for the sheer pleasure of it. Why feel anything but joy in the destruction of uneducated, cruel, sapients who act like dumb beasts, lesser than livestock?{/i}",
1587,第一幕·场景2,a1s2,849,n,Neferu,台词,"""Thank you, Skip, truly. I know that this experience will change your life, and your perspective on life itself.""",
1588,第一幕·场景2,a1s2,851,n,Neferu,台词,"""Adastra did that for me, both bad and good, but I wouldn't take it back, so just keep an open mind, and I'll always be available if you need help.""",
1589,第一幕·场景2,a1s2,852,m,Scipio,台词,"""Thank you, Neferu, truly. And please, if I offend again, just talk to me. We are friends, wolven friends, after all, and that means you can be very blunt.""",
1590,第一幕·场景2,a1s2,854,n,Neferu,台词,"""Sounds like a plan. Now, we should get some sleep so as not to throw off our schedules when we arrive in about six hours. Brunis is actually in my room, so I can sleep in his bed, if you don't mind.""",
1591,第一幕·场景2,a1s2,855,,,旁白,"I don't mind, and we both end up sleeping in my bed.",
1592,第一幕·场景2,a1s2,860,,,旁白,"Mercifully, I'm left alone by the voices, that is until I hear Ahm.",
1593,第一幕·场景2,a1s2,862,ahm,Ahm,台词,"""Exiting Stretch Drive in 10 minutes. Prepare for security check and royal escort.""",
1594,第一幕·场景3,a1s3,6,,,旁白,"After some quick grooming in the lavatory, I step onto the deck with Neferu and Brunis, looking out the windows.",
1595,第一幕·场景3,a1s3,7,,,旁白,"No longer in the stretch drive, the nauseous bending of light is replaced by the massive planet below us, its atmosphere, full of dust, is clearly visible hovering far above the rock surface.",
1596,第一幕·场景3,a1s3,8,,,旁白,"Still, I'm wary of any sudden movements, half-expecting an abrupt descent to the globe below, at least until Neferu tells me we're waiting for security clearance.",
1597,第一幕·场景3,a1s3,17,,,旁白,It's then that I'm able to have a good look at the planet below me.,
1598,第一幕·场景3,a1s3,18,,,旁白,"I stare, not quite believing where I am, despite the tortuous lead up to this moment.",
1599,第一幕·场景3,a1s3,19,,,旁白,The idea of living on a planet has always been an alluring idea to me.,
1600,第一幕·场景3,a1s3,20,,,旁白,"The planet our moon orbits, Ancoris, is uninhabitable.",
1601,第一幕·场景3,a1s3,21,,,旁白,The handful of banished wolves that live there need to wear special spacesuits to protect them from the elements and un-breathable air while they mine outside their bases.,
1602,第一幕·场景3,a1s3,22,,,旁白,"Even then, when, or if they come back, their bones are left misshapen, muscles torn, organs damaged and cardiovascular systems ruined due to the much stronger gravitational pull of Ancoris.",
1603,第一幕·场景3,a1s3,23,,,旁白,I know I don't have to worry about that here despite Khemia being roughly twelve times the size of Adastra in terms of surface area.,
1604,第一幕·场景3,a1s3,24,,,旁白,"One of the many aspects of Khemian culture that drew me in was the persistence of the jackals, to explore and, to an extent, to tame their planet.",
1605,第一幕·场景3,a1s3,25,,,旁白,"For millennia, before the Khemians even thought of themselves as ""Khemian"", they built civilizations at the edges of the polar regions on their planet, living off the steady source of melted ice.",
1606,第一幕·场景3,a1s3,26,,,旁白,The lack of water and intense heat at the equator had kept the planet's middle mostly barren.,
1607,第一幕·场景3,a1s3,27,,,旁白,"The axial tilt of Khemia was really the only reason intelligent life was able to develop at all, with the rest of the planet populated by mostly underground-dwelling insects and small, but plentiful, robust vegetation.",
1608,第一幕·场景3,a1s3,28,,,旁白,"Most Khemian civilizations pre-{i}Galaxias{/i} were almost constantly at war over water between the aptly named ""water kingdoms"" of that period.",
1609,第一幕·场景3,a1s3,29,,,旁白,"Now though, as I look down at the beige-colored desert planet, I see evidence of Khemian civilization all over the surface, even from this distance.",
1610,第一幕·场景3,a1s3,30,,,旁白,"Lines and patterns unnatural in the universe cover its entirety, even its parched circumference.",
1611,第一幕·场景3,a1s3,31,,,旁白,"What draws the eye the most is the current of what appears to be clouds, some sort of atmospheric disturbance allowing the tower to always face the sun as it orbits the star.",
1612,第一幕·场景3,a1s3,32,,,旁白,"They did make use of their seemingly useless equator after all, its environment still too harsh to support comfortable living.",
1613,第一幕·场景3,a1s3,33,,,旁白,"The jackals had been able to terraform their entire planet, and as a Luxian, I envied that, and it had me fantasizing about what Lux, what Adastra, could be.",
1614,第一幕·场景3,a1s3,34,,,旁白,"I've seen it plenty of times in photographs, but to see it in person reminds me of how much I've wanted to visit this planet.",
1615,第一幕·场景3,a1s3,35,,,旁白,"But there's a tinge of sadness in this moment, as I wish that this was all under different circumstances, the stress and exhaustion blunting the excitement.",
1616,第一幕·场景3,a1s3,36,,,旁白,That is until we orbit further around the planet and I see the giant contraption that siphons energy from their star before it's beamed down to the planet itself.,
1617,第一幕·场景3,a1s3,37,n,Neferu,台词,"""Enjoying the view?""",
1618,第一幕·场景3,a1s3,49,,,旁白,Neferu approaches from behind and puts a paw on my shoulder.,
1619,第一幕·场景3,a1s3,50,,,旁白,I don't flinch or feel the need to draw back like I did in the past.,
1620,第一幕·场景3,a1s3,51,m,Scipio,台词,"""That must be Sahira's Tower?""",
1621,第一幕·场景3,a1s3,52,n,Neferu,台词,"""Yes. It provides all the energy to our planet. As you can see--""",
1622,第一幕·场景3,a1s3,53,,,旁白,"As we rotate further around the planet, Neferu points to an odd orange, almost pink glowing beam.",
1623,第一幕·场景3,a1s3,54,n,Neferu,台词,"""It's transferred from the star and carried to our planet via laser transmission.""",
1624,第一幕·场景3,a1s3,55,,,旁白,"I stare for a while, taking it in, but unable to stop the nagging feeling of unease.",
1625,第一幕·场景3,a1s3,56,,,旁白,How?,
1626,第一幕·场景3,a1s3,57,,,旁白,I notice Neferu looking right at me and I clear my throat.,
1627,第一幕·场景3,a1s3,58,m,Scipio,台词,"""It's very, very impressive. I recall Omorfa experimenting with the idea, but declaring it too dangerous for the solar system's stability.""",
1628,第一幕·场景3,a1s3,59,n,Neferu,台词,"""Yes, though we were sharing the tech with them, at least until the talks with Adastra started.""",
1629,第一幕·场景3,a1s3,60,,,旁白,"I'm unsure what to say to that, so I remain quiet, staring at the beam until we orbit back around the planet.",
1630,第一幕·场景3,a1s3,67,m,Scipio,台词,"""I forget how massive planets can be. I remember reading that exploring beyond the poles seemed as insurmountable as intergalactic space-travel for the Khemians at the time.""",
1631,第一幕·场景3,a1s3,69,n,Neferu,台词,"""This is true. One of the main hurdles during the unification of Khemia was its sheer size. I believe it took a century longer than Adastra to achieve.""",
1632,第一幕·场景3,a1s3,70,m,Scipio,台词,"""Yes, but weren't Khemia's methods largely peaceful, utilizing diplomacy over force?""",
1633,第一幕·场景3,a1s3,73,br,Brunis,台词,"""Hey, that's right! No offense, but I'm surprised they taught you that.""",
1634,第一幕·场景3,a1s3,74,,,旁白,"I glance around the deck, noting that Amicus and Veteris have not yet joined us.",
1635,第一幕·场景3,a1s3,75,m,Scipio,台词,"""They don't, but I supplemented my teachings with Khemian records and I was able to fill in gaps.""",
1636,第一幕·场景3,a1s3,77,br,Brunis,台词,"""Good on ya!""",
1637,第一幕·场景3,a1s3,79,,,旁白,Neferu makes a lowering gesture with a paw.,
1638,第一幕·场景3,a1s3,83,,,旁白,"Brunis pauses, looking around the deck like I had before lowering his voice to a soft-spoken rumble.",
1639,第一幕·场景3,a1s3,85,br,Brunis,台词,"""Again, I don't wanna seem like a condescending Khemian, but I know how Khemian viewpoints are basically quashed out of existence by your empire.""",
1640,第一幕·场景3,a1s3,86,br,Brunis,台词,"""I remember having to read {i}Adastra: A History{/i} back in school and--""",
1641,第一幕·场景3,a1s3,88,br,Brunis,台词,"""I'm not trying to be a prick, but man, is it... well, it's super Adastran.""",
1642,第一幕·场景3,a1s3,89,,,旁白,He's practically shout-whispering at me.,
1643,第一幕·场景3,a1s3,91,n,Neferu,台词,"""You know, you make yourself sound like a bigger prick whenever you get euphemistic.""",
1644,第一幕·场景3,a1s3,93,,,旁白,"I'm listening, but my mind is preoccupied with this sudden interest, along with how Amicus or Veteris might react to me speaking poorly about Adastra.",
1645,第一幕·场景3,a1s3,94,,,旁白,"I'm not afraid, knowing they'll be fine with it as long as it draws in Neferu, along with anyone else influential on Khemia, such as a high-ranking official like Brunis.",
1646,第一幕·场景3,a1s3,98,m,Scipio,台词,"""It's illegal to read Khemia's counterpoint on {i}Adastra: A History{/i}, unless one is given access to the restricted library in Varro's University.""",
1647,第一幕·场景3,a1s3,99,m,Scipio,台词,"""Even then, those who read it are expected to treat the records, especially ones involving Adastran and Khemian interactions, as lies.""",
1648,第一幕·场景3,a1s3,100,m,Scipio,台词,"""I had to compile them all into an essay on why they were false, but I think it was worth it...""",
1649,第一幕·场景3,a1s3,104,br,Brunis,台词,"""You read the Khemian counterpoint? By Hatherhotep?""",
1650,第一幕·场景3,a1s3,105,m,Scipio,台词,"""I believe so? The one that matches its sections to {i}Adastra: A History{/i}.""",
1651,第一幕·场景3,a1s3,106,,,旁白,"I smooth a paw down my mane, fidgeting with it even though I know I'd made sure it was in place earlier.",
1652,第一幕·场景3,a1s3,107,m,Scipio,台词,"""Are you, uh, fans of her writing?""",
1653,第一幕·场景3,a1s3,111,br,Brunis,台词,"""You could say that. It's got some really important information in it.""",
1654,第一幕·场景3,a1s3,113,n,Neferu,台词,"""I imagine it's a very intense read for an Adastran.""",
1655,第一幕·场景3,a1s3,115,m,Scipio,台词,"""It's certainly shocking, but at least the counterpoint isn't blatantly biased, so I'm forced to consider that much of our own history omits and alters the narrative.""",
1656,第一幕·场景3,a1s3,116,,,旁白,"I feel filthy saying such things about my home moon, but I'm not fully lying either.",
1657,第一幕·场景3,a1s3,117,m,Scipio,台词,"""I'm hoping I can receive lessons in the Khemian language in my free time while I'm there. All books and media with any Khemian in them were destroyed by the empire during the war.""",
1658,第一幕·场景3,a1s3,118,m,Scipio,台词,"""This is why none of the Khemian students or teachers born after the war can speak it.""",
1659,第一幕·场景3,a1s3,120,br,Brunis,台词,"""The big library in the city should have translators if you need info before you learn, but I'm starting to see why Neffy likes you so much. He's always trying to lay educated folks, or really whoever can outsmart him.""",
1660,第一幕·场景3,a1s3,122,n,Neferu,台词,"""What the hell, Brunis?""",
1661,第一幕·场景3,a1s3,124,br,Brunis,台词,"""Can't ignore the patterns.""",
1662,第一幕·场景3,a1s3,126,br,Brunis,台词,"""Besides, you've tried it with me more than once!""",
1663,第一幕·场景3,a1s3,127,,,旁白,I glance at Neferu with a slight smirk.,
1664,第一幕·场景3,a1s3,128,m,Scipio,台词,"""Really? I seriously doubt a graduate of Sabayet would like me for my Adastran-grade education.""",
1665,第一幕·场景3,a1s3,130,n,Neferu,台词,"""It's certainly not the main reason, but you are smart. And please forget any teasing comments I might have made about your school.""",
1666,第一幕·场景3,a1s3,132,br,Brunis,台词,"""Really Neferu? Shit like that only makes it more embarrassing to be a Sabayet alumni .""",
1667,第一幕·场景3,a1s3,134,n,Neferu,台词,"""Sorry, it's a habit considering it's one of the few things I've done that my brother couldn't.""",
1668,第一幕·场景3,a1s3,136,br,Brunis,台词,"""I still find it kinda sad that your whole motivation for that was to stick it to your brother.""",
1669,第一幕·场景3,a1s3,138,n,Neferu,台词,"""Of course! And to see Ram's face when he learned I received my acceptance letter on the first try, after he tried several times over several years? Well... it was worth it.""",
1670,第一幕·场景3,a1s3,139,m,Scipio,台词,"""Are royal family members not granted a spot? I thought all of you were educated there.""",
1671,第一幕·场景3,a1s3,141,n,Neferu,台词,"""No, acceptance is based on merit alone. I mean, my father, mother, and my elder sister attended, and while being a royal makes it far easier to prepare, not everyone is capable.""",
1672,第一幕·场景3,a1s3,142,m,Scipio,台词,"""I see. Well, at least your brother has company if Aya didn't go.""",
1673,第一幕·场景3,a1s3,144,n,Neferu,台词,"""Oh, Aya has different ambitions. Ramoses, on the other hand, did not. He wanted to copy our father's path in preparation for becoming pharaoh.""",
1674,第一幕·场景3,a1s3,146,br,Brunis,台词,"""I mean, I was let in because of, uh... my past.""",
1675,第一幕·场景3,a1s3,148,n,Neferu,台词,"""There was a good reason for it. Besides, you proved yourself quickly after--""",
1676,第一幕·场景3,a1s3,152,br,Brunis,台词,"""--getting higher marks than you.""",
1677,第一幕·场景3,a1s3,154,n,Neferu,台词,"""--getting the highest marks in your discipline. Also, our attendance was decades apart. It can't be compared.""",
1678,第一幕·场景3,a1s3,156,br,Brunis,台词,"""Definitely not. It was a little more rigorous back then.""",
1679,第一幕·场景3,a1s3,158,,,旁白,"I'm curious about Brunis's statements, both about his ""past"", but also about him being accepted into a school above his merit.",
1680,第一幕·场景3,a1s3,159,m,Scipio,台词,"""Were you naturally academically-gifted, or was there another reason you did so well?""",
1681,第一幕·场景3,a1s3,163,,,旁白,Their reactions tell me I need to clarify the statement.,
1682,第一幕·场景3,a1s3,164,m,Scipio,台词,"""Sorry, back when I was a pup, my grandfather paid for a spot in an elite preparatory school. I struggled at first, but later left at the top of my class. My motivation was simply to prove myself.""",
1683,第一幕·场景3,a1s3,168,br,Brunis,台词,"""Ohhh, got it, got it. Yeah, I really didn't fit in. Only way to shut those snobs up was to out-study and outsmart them. Honestly, Sabayet is the only place on Khemia where I didn't feel like I was Khemian.""",
1684,第一幕·场景3,a1s3,169,,,旁白,"I pause, the unexpected statement like a blow to the chest.",
1685,第一幕·场景3,a1s3,170,m,Scipio,台词,"""I, uh, I can sympathize with that to an extent, I think.""",
1686,第一幕·场景3,a1s3,172,br,Brunis,台词,"""We gotta find some time to talk after we've settled down in the palace. You can tell me more about that school. I'm sure they brag about you being a former student now, eh?""",
1687,第一幕·场景3,a1s3,173,,,旁白,"Another, much more painful blow stings beneath my sternum.",
1688,第一幕·场景3,a1s3,175,br,Brunis,台词,"""And I can show you around the city for your research. Neferu would take you, but you know, he's gotta be more careful in public. Actually, aren't you famous now, Nef?""",
1689,第一幕·场景3,a1s3,177,n,Neferu,台词,"""If you mean more recognizable, then apparently so. Photographs of me haven't been shown to the public since I was a teenager in family portraits. I imagine it's hard not to recognize me after what happened on Adastra.""",
1690,第一幕·场景3,a1s3,180,,,旁白,The slide of a hydraulic-powered door announces Amicus's arrival.,
1691,第一幕·场景3,a1s3,181,a,Amicus,台词,"""Scipio! A word please.""",
1692,第一幕·场景3,a1s3,185,,,旁白,I stiffen up and immediately turn around and walk toward Amicus who beckons me into another area of the ship where he had been rooming with Veteris.,
1693,第一幕·场景3,a1s3,189,,,旁白,"The very idea makes me want to chuckle, but Amicus doesn't seem to be bothered by Veteris's consistent waves of hypo-manic chatter.",
1694,第一幕·场景3,a1s3,190,m,Scipio,台词,"""Yes, Your Majesty!""",
1695,第一幕·场景3,a1s3,194,,,旁白,"When I reach him, I bow at the waist, slightly beyond the required seventy degrees.",
1696,第一幕·场景3,a1s3,195,,,旁白,"Amicus waves away etiquette like this once he decides you aren't an adversary, or disrespectful person, but I'd been told to continue doing it while on Khemia, for obvious reasons.",
1697,第一幕·场景3,a1s3,197,a,Amicus,台词,"""Ahm, privacy in this room, please.""",
1698,第一幕·场景3,a1s3,198,ahm,Ahm,台词,"""{i}I have been disabled by your emperor for privacy reasons until you leave this room, Scipio.{/i}""",
1699,第一幕·场景3,a1s3,200,a,Amicus,台词,"""I haven't seen you the entire trip, but I trust all is going well?""",
1700,第一幕·场景3,a1s3,201,m,Scipio,台词,"""Y--yes, sorry. I was working on... my mission.""",
1701,第一幕·场景3,a1s3,203,a,Amicus,台词,"""Ah yes, from what I just saw, it seems to be going fairly well.""",
1702,第一幕·场景3,a1s3,205,ve,Veteris,台词,"""Th--""",
1703,第一幕·场景3,a1s3,207,,,旁白,"Veteris makes a noise like he's going to say something and we both look at him, and I just hope he won't say whatever he's going to say next, because Veteris thinking about his own words must mean it's a fairly--",
1704,第一幕·场景3,a1s3,208,,,旁白,He shrugs.,
1705,第一幕·场景3,a1s3,210,ve,Veteris,台词,"""They shared a bed!""",
1706,第一幕·场景3,a1s3,211,,,旁白,"I wince, not because of what he said, but because he practically screeched it.",
1707,第一幕·场景3,a1s3,212,,,旁白,"I suppose the noises and machinery of the ship drown him out, considering I haven't heard him since we were both on the deck at the start of the journey.",
1708,第一幕·场景3,a1s3,214,a,Amicus,台词,"""Really? That's... that's rather incredible, Scipio.""",
1709,第一幕·场景3,a1s3,215,,,旁白,"I'm still trying to figure out how Veteris knows that, but as long as they don't know about what lead up to it, I don't really care.",
1710,第一幕·场景3,a1s3,216,m,Scipio,台词,"""Yes, nothing seriously intimate. We just wanted to be in each other's company.""",
1711,第一幕·场景3,a1s3,218,a,Amicus,台词,"""Even better. I knew that jackal to be a promiscuous man, but it appears he's also desperate for companionship.""",
1712,第一幕·场景3,a1s3,219,,,旁白,"I have no idea how to take that sentence, so I stand attentively, wondering why Amicus is judging Neferu for something wolves do all the time.",
1713,第一幕·场景3,a1s3,221,a,Amicus,台词,"""Almost makes me feel sorry for him.""",
1714,第一幕·场景3,a1s3,222,,,旁白,"This time I grit my teeth, focusing hard on keeping my expression neutral.",
1715,第一幕·场景3,a1s3,223,,,旁白,"{i}Letting my emotions get in the way already? ALREADY? Whose side am I even on?{/i}""",
1716,第一幕·场景3,a1s3,227,ve,Veteris,台词,"""Why feel sorry for someone who should know exactly what's happening here? Let him have his heart broken. I'm sure it's not the first time.""",
1717,第一幕·场景3,a1s3,228,,,旁白,"I think of the endless, flat tundra surrounding Lux, a landscape of boulders and brown, dead-looking vegetation.",
1718,第一幕·场景3,a1s3,229,,,旁白,A place where nothing is happening.,
1719,第一幕·场景3,a1s3,231,ve,Veteris,台词,"""Actually, I'm pretty sure that was the reason for his falling out with the royal family--""",
1720,第一幕·场景3,a1s3,232,m,Scipio,台词,"""I see, I shall continue that part of my mission, then. How was the trip for you?""",
1721,第一幕·场景3,a1s3,234,ve,Veteris,台词,"""Hmm, it was mysterious...""",
1722,第一幕·场景3,a1s3,235,,,旁白,I suppress a sigh.,
1723,第一幕·场景3,a1s3,236,,,旁白,So little words for what might actually matter.,
1724,第一幕·场景3,a1s3,238,a,Amicus,台词,"""We've found some strange inconsistencies, particularly involving Khemian tech. I'm sure you've met Ahm?""",
1725,第一幕·场景3,a1s3,239,,,旁白,I rub my left temple.,
1726,第一幕·场景3,a1s3,240,m,Scipio,台词,"""Yes, I feel it's rather invasive. Is he not a spy if he's in our brains?""",
1727,第一幕·场景3,a1s3,242,a,Amicus,台词,"""I have no idea, but I will be speaking to the vizier about having him permanently removed from our linguas. Absolutely outrageous.""",
1728,第一幕·场景3,a1s3,244,ve,Veteris,台词,"""Think about the implications of that, though! How in the world did they manipulate the lingua?""",
1729,第一幕·场景3,a1s3,246,a,Amicus,台词,"""Exactly. It's a metal orb that's less than a millimeter in size and is filled with an unknown liquid. No Sibling has figured out how it works.""",
1730,第一幕·场景3,a1s3,248,ve,Veteris,台词,"""Apparently they can build everything the Parents gift us, but even better. Constructing a faster stretch drive is... it defies comprehension!""",
1731,第一幕·场景3,a1s3,249,m,Scipio,台词,"""Yes, I've noticed this. It has made me feel uneasy.""",
1732,第一幕·场景3,a1s3,250,a,Amicus,台词,"""It's made me feel suspicious. If they're so advanced, why would they want an alliance with... the Siblings who have had the most hurdles to clear?""",
1733,第一幕·场景3,a1s3,251,,,旁白,"Although Amicus won't say primitive, that's what we are; the most primitive Siblings in the {i}Galaxias{/i}.",
1734,第一幕·场景3,a1s3,252,,,旁白,"Even the humans are more advanced than us, at least from what I've heard during the briefings.",
1735,第一幕·场景3,a1s3,253,,,旁白,"So I think, trying to come up with an explanation.",
1736,第一幕·场景3,a1s3,254,m,Scipio,台词,"""Don't they always emphasize galactic harmony? Neferu once told me that Khemians feel a duty to normalize relations between Adastra and the rest of the {i}Galaxias{/i}.""",
1737,第一幕·场景3,a1s3,255,,,旁白,"Veteris bursts out laughing, but Amicus at least explains.",
1738,第一幕·场景3,a1s3,257,a,Amicus,台词,"""No, that's what they tell their people to justify what they're doing. There are hidden motives every step we take here, Scipio.""",
1739,第一幕·场景3,a1s3,258,m,Scipio,台词,"""Understood. Do you have an idea of what it might mean, Your Majesty?""",
1740,第一幕·场景3,a1s3,260,a,Amicus,台词,"""I don't, but if the tech isn't made by their own design, then I can't imagine the answer is a good one.""",
1741,第一幕·场景3,a1s3,261,ve,Veteris,台词,"""Something is treating them rather well, it seems.""",
1742,第一幕·场景3,a1s3,263,,,旁白,"Amicus and I go quiet, glancing at Veteris.",
1743,第一幕·场景3,a1s3,264,m,Scipio,台词,"""Do you think the Parents can provide answers the next time you commune with them?""",
1744,第一幕·场景3,a1s3,266,a,Amicus,台词,"""Hell no! I never get a straight answer from them. The only thing they're crystal clear about are orders.""",
1745,第一幕·场景3,a1s3,267,m,Scipio,台词,"""I see.""",
1746,第一幕·场景3,a1s3,269,a,Amicus,台词,"""So, I'm adding another task for all of us on this mission. Simply take note of any suspicious technology and record it. A small task, but it could be extremely important.""",
1747,第一幕·场景3,a1s3,270,m,Scipio,台词,"""Understood, Emperor Amicus.""",
1748,第一幕·场景3,a1s3,277,,,旁白,"I notice the ship becoming quieter suddenly, the absence of the whirring machinery and droning air vents almost stunning after becoming so used to it.",
1749,第一幕·场景3,a1s3,278,ve,Veteris,台词,"""I think we landed?""",
1750,第一幕·场景3,a1s3,279,a,Amicus,台词,"""No announcement?""",
1751,第一幕·场景3,a1s3,280,m,Scipio,台词,"""Maybe it's because we told Ahm not to be present?""",
1752,第一幕·场景3,a1s3,281,ve,Veteris,台词,"""Pff! Even wolves have figured out PA systems.""",
1753,第一幕·场景3,a1s3,282,a,Amicus,台词,"""Gods, I just hope it's not like this on all of Khemia. Putting their damn, state-funded, state-developed, and state-owned supercomputer into our damn brains!""",
1754,第一幕·场景3,a1s3,283,,,旁白,Amicus clears his throat after the outburst.,
1755,第一幕·场景3,a1s3,284,a,Amicus,台词,"""Sorry. Now we simply act as if all is normal when we leave this room. Any other questions or concerns?""",
1756,第一幕·场景3,a1s3,286,ve,Veteris,台词,"""No.""",
1757,第一幕·场景3,a1s3,287,m,Scipio,台词,"""No, Your Majesty.""",
1758,第一幕·场景3,a1s3,288,ve,Veteris,台词,"""Oh, yeah. No, Your Highness.""",
1759,第一幕·场景3,a1s3,289,a,Amicus,台词,"""I'll assume that sounded disrespectful because that's just the way your voice sounds. Now, you're both dismissed. We shall reconvene tonight.""",
1760,第一幕·场景3,a1s3,290,a,Amicus,台词,"""Remember, meetings are in the morning before breakfast and in the evenings after dinner.""",
1761,第一幕·场景3,a1s3,299,,,旁白,The first thing I notice while stepping out of the ship is how dry the air is.,
1762,第一幕·场景3,a1s3,300,,,旁白,"It actually reminds me a bit of Lux, minus the heat, a stark difference to the humidity in Adastra City.",
1763,第一幕·场景3,a1s3,301,,,旁白,"Still, it feels good after being in the ship's overly-cool climate control.",
1764,第一幕·场景3,a1s3,302,,,旁白,"We're in the palace courtyard, the walls of which block off most of the view, but the glimpses of the dunes I get seemingly roll on into the distance forever.",
1765,第一幕·场景3,a1s3,303,,,旁白,"The capital city, Khemen, isn't visible now, with the palace blocking the view.",
1766,第一幕·场景3,a1s3,304,,,旁白,"It's a fairly modest building, using angular and straight lines, but decorated in vivid paintings.",
1767,第一幕·场景3,a1s3,305,,,旁白,"On the wall next to me, I see the hieroglyphs carved in sunken relief along the top and bottom, and in the middle, various scenes of jackals and many other species engaged in daily life, or rituals.",
1768,第一幕·场景3,a1s3,306,,,旁白,"I have the urge to run my fingers along it, just to feel it, but I have enough common sense not to.",
1769,第一幕·场景3,a1s3,307,,,旁白,"The monuments and statues are notably faded, stone worn down by time.",
1770,第一幕·场景3,a1s3,308,,,旁白,"Much like Adastra, Khemia had ceased commissioning more extravagant and decorative projects to honor the royal family, though thousands of years earlier.",
1771,第一幕·场景3,a1s3,309,,,旁白,"I know there are even more impressive structures in the city of Aarum, the most powerful kingdom in pre-{i}Galaxias{/i} Khemia.",
1772,第一幕·场景3,a1s3,311,n,Neferu,台词,"""Skip?""",
1773,第一幕·场景3,a1s3,312,,,旁白,I jerk my head in the jackal's direction and I notice that my group has moved several meters away toward the entrance of the palace.,
1774,第一幕·场景3,a1s3,313,,,旁白,I hurry to Neferu's side.,
1775,第一幕·场景3,a1s3,315,m,Scipio,台词,"""Sorry! It's just so... different from photographs, you know?""",
1776,第一幕·场景3,a1s3,317,n,Neferu,台词,"""Oh, I do. I'll show you around the palace later if you'd like.""",
1777,第一幕·场景3,a1s3,318,m,Scipio,台词,"""Of course!""",
1778,第一幕·场景3,a1s3,321,,,旁白,"I see the smile that Neferu is clearly trying to hide, probably amused at my pup-like wonder, but I can't help it.",
1779,第一幕·场景3,a1s3,322,,,旁白,"The feelings that I had thought were missing are now back full force, at least for now, and I just take in the experience.",
1780,第一幕·场景3,a1s3,323,,,旁白,"The buildings on Adastra, such as the university and imperial palace are old, but they had been rebuilt and modified over the past several centuries, but everything here is truly {i}old{/i}.",
1781,第一幕·场景3,a1s3,324,,,旁白,"Maintained, but preserved.",
1782,第一幕·场景3,a1s3,325,m,Scipio,台词,"""There's so much history here.""",
1783,第一幕·场景3,a1s3,327,n,Neferu,台词,"""Hm?""",
1784,第一幕·场景3,a1s3,329,n,Neferu,台词,"""Oh, I see what you mean. Yes, much of the stone here has been in place for millennia.""",
1785,第一幕·场景3,a1s3,330,m,Scipio,台词,"""It reminds me of what my instructor in architecture once told me, that long-lasting, ancient structures take in the events and sapients around them, giving them more character than we ourselves have.""",
1786,第一幕·场景3,a1s3,332,n,Neferu,台词,"""Yes, Khemians very much subscribe to that philosophy. It's called {i}babekhen{/i}, literally the building's soul.",
1787,第一幕·场景3,a1s3,333,m,Scipio,台词,"""Babekhen...""",
1788,第一幕·场景3,a1s3,335,,,旁白,"I file it away, the word incredibly easy to pronounce by Khemian standards.",
1789,第一幕·场景3,a1s3,336,,,旁白,I notice that our envoy has stopped moving as I almost run into Amicus's back.,
1790,第一幕·场景3,a1s3,338,a,Amicus,台词,"""Are they not going to welcome us? I was told the vizier would meet us at the entrance.""",
1791,第一幕·场景3,a1s3,341,br,Brunis,台词,"""Shit... Always making our jobs harder.""",
1792,第一幕·场景3,a1s3,342,,,旁白,"I glance at Brunis, but Neferu speaks up.",
1793,第一幕·场景3,a1s3,344,n,Neferu,台词,"""Ram's making a statement, probably to show his reservations about the alliance, or he's just on a power trip. Typical, but do your best to ignore any of his disrespect.""",
1794,第一幕·场景3,a1s3,346,n,Neferu,台词,"""If the alliance breaks down, he wants it to be clear it was due to the outburst of a wolf.""",
1795,第一幕·场景3,a1s3,348,a,Amicus,台词,"""I see. Well, then we shall wait. I'm moving to the shade. I'm already sweating out of every pore.""",
1796,第一幕·场景3,a1s3,350,ve,Veteris,台词,"""How do you think I feel? They'll assume I jumped into the fountain before they let us in.""",
1797,第一幕·场景3,a1s3,359,a,Amicus,台词,"""Should have gotten groomed before we came, Veteris!""",
1798,第一幕·场景3,a1s3,361,ve,Veteris,台词,"""Well, I don't... Actually, that might have been a good idea.""",
1799,第一幕·场景3,a1s3,363,ve,Veteris,台词,"""But then I look too scrawny and malnourished. The facial fur is essential to my position as a scholar and instructor!""",
1800,第一幕·场景3,a1s3,364,,,旁白,"I'm sweating heavily too, of course, and I wonder if this is part of what Ramoses wanted.",
1801,第一幕·场景3,a1s3,365,,,旁白,"While Neferu's short fur makes the heat more bearable, Brunis has thicker fur like us, and I'm about to ask him how he handles it when Veteris asks something I hadn't even noticed.",
1802,第一幕·场景3,a1s3,367,ve,Veteris,台词,"""Say, what sort of technology is keeping that water fountain structure aloft?""",
1803,第一幕·场景3,a1s3,368,,,旁白,"I had been so enamored with the building around us that I had barely glanced at the fountain, but now that I'm looking at it...",
1804,第一幕·场景3,a1s3,370,n,Neferu,台词,"""I don't know. You would have to ask an expert in the field.""",
1805,第一幕·场景3,a1s3,371,ve,Veteris,台词,"""And what field might that be?""",
1806,第一幕·场景3,a1s3,375,n,Neferu,台词,"""Um, I'm not sure.""",
1807,第一幕·场景3,a1s3,376,,,旁白,"I see Neferu's confusion at Veteris's tone and question, and I want to tell my teacher to not make his suspicion so obvious, as Amicus had told us not to.",
1808,第一幕·场景3,a1s3,377,n,Neferu,台词,"""Ahm, what field of tech is being used there?""",
1809,第一幕·场景3,a1s3,378,ahm,Ahm,台词,"""I'm very sorry, but unfortunately that information is classified by the State for planetary security.""",
1810,第一幕·场景3,a1s3,380,n,Neferu,台词,"""Sorry, I suppose more advanced tech information is sensitive, which I'm sure you understand.""",
1811,第一幕·场景3,a1s3,382,ve,Veteris,台词,"""Strange to display classified tech so blatantly, and for decorative purposes?""",
1812,第一幕·场景3,a1s3,387,n,Neferu,台词,"""Um...""",
1813,第一幕·场景3,a1s3,388,,,旁白,"I step in at that point, having hoped Amicus would do so, but he's pacing further away, clearly deep in his angry thoughts right now.",
1814,第一幕·场景3,a1s3,390,m,Scipio,台词,"""Veteris, let's ask someone with better knowledge on the topic later, alright?""",
1815,第一幕·场景3,a1s3,391,,,旁白,I give Veteris a quick bow before turning to Neferu.,
1816,第一幕·场景3,a1s3,392,m,Scipio,台词,"""Please excuse Veteris. His style of acquiring knowledge can seem a bit intense sometimes. We're just very excited to be here on Khemia.""",
1817,第一幕·场景3,a1s3,394,ve,Veteris,台词,"""Hm, indeed. But I don't want to be interrupted when I'm able to question a qualified jackal, Scipio.""",
1818,第一幕·场景3,a1s3,395,,,旁白,"My face burns, and not at all from the heat, mortified that I have to correct my teacher only minutes after landing.",
1819,第一幕·场景3,a1s3,396,,,旁白,"Better now than in front of the vizier or pharaoh, though.",
1820,第一幕·场景3,a1s3,397,m,Scipio,台词,"""Teacher, remember not to use the word jackal. Khemians can be... how many species?""",
1821,第一幕·场景3,a1s3,399,n,Neferu,台词,"""Fifteen, and they make up over sixty percent of the population.""",
1822,第一幕·场景3,a1s3,400,,,旁白,"Veteris isn't listening at this point, instead deeply inspecting a pillar, reading the hieroglyphs out loud in Khemian, and despite his fluency, his pronunciation is terrible.",
1823,第一幕·场景3,a1s3,401,,,旁白,Terrible to the point that my lingua can't translate it.,
1824,第一幕·场景3,a1s3,405,,,旁白,"Brunis and Neferu glance at each other with slightly confused expressions, before Neferu again tries to stifle a smile, and I feel my ears grow hot.",
1825,第一幕·场景3,a1s3,409,,,旁白,"I'm beginning to worry that I'll have to supervise Veteris the entire visit, though I try to play it off with a smile, speaking lowly to the two Khemians so Veteris won't hear.",
1826,第一幕·场景3,a1s3,410,m,Scipio,台词,"""You can see why Adastrans need training from an expert. He learned from books only, before the war.""",
1827,第一幕·场景3,a1s3,412,n,Neferu,台词,"""It's no problem, just unexpected. But you are right. Maybe Adastra can set up some programs with native speakers if all goes well.""",
1828,第一幕·场景3,a1s3,414,ahm,Ahm,台词,"""Vizier Ramoses is now arriving to welcome the diplomatic mission from Adastra.""",
1829,第一幕·场景3,a1s3,415,,,旁白,"A second later, the stone door lowers slowly.",
1830,第一幕·场景3,a1s3,417,,,旁白,"It's dark in the entryway, and I wonder why there's no lighting at all.",
1831,第一幕·场景3,a1s3,418,,,旁白,"Neferu sighs loudly next to me, muttering something about theatrics.",
1832,第一幕·场景3,a1s3,419,,,旁白,"Then I see a glint of light reflecting off of something, something gold.",
1833,第一幕·场景3,a1s3,420,,,旁白,"Then, Vizier Ramoses steps out into the courtyard.",
1834,第一幕·场景3,a1s3,422,,,旁白,"I was nervous about this moment, despite having seen the vizier before at two meetings over the past two years, but with the unusual ceremonial garb, it's more intimidating, which I suppose is the point.",
1835,第一幕·场景3,a1s3,423,,,旁白,"Shiny, smooth black drones float around him, moving close to us for a moment, as if looking for any signs of danger before moving back to the vizier.",
1836,第一幕·场景3,a1s3,424,,,旁白,"We all stand awkwardly for a moment, and I look between Amicus and Ramoses, wondering who should make the first move.",
1837,第一幕·场景3,a1s3,425,,,旁白,"I assume Amicus knows how to properly greet the vizier, but after making us wait, it's clear proper etiquette is not being used right now, and Amicus simply watches him carefully.",
1838,第一幕·场景3,a1s3,426,,,旁白,"Then there's more movement behind him, and I see another jackal, a young female.",
1839,第一幕·场景3,a1s3,427,,,旁白,"She walks up behind the vizier, and he bends his knees slightly so that she can reach his mask and pull it up over his head.",
1840,第一幕·场景3,a1s3,429,,,旁白,"Then she moves to his left, where she stands and looks on politely.",
1841,第一幕·场景3,a1s3,431,,,旁白,She locks eyes with me and doesn't look away.,
1842,第一幕·场景3,a1s3,433,,,旁白,"Her expression tells me she's found something, and I know this must be Aya.",
1843,第一幕·场景3,a1s3,440,,,旁白,"Then Ramoses steps forward, head high, leaning back a bit more than he might need to.",
1844,第一幕·场景3,a1s3,441,,,旁白,I wonder if it has to do with his position.,
1845,第一幕·场景3,a1s3,443,ram,Ramoses,台词,"""Welcome Emperor Amicus, and welcome Amicus's subjects. It is an honor to have you and your people on our planet once more. May Ahhotep be with you this day and with Adastra forever.""",
1846,第一幕·场景3,a1s3,448,a,Amicus,台词,"""And may Ahhotep be with you. Thank you for the invitation and for accommodating our envoy.""",
1847,第一幕·场景3,a1s3,450,a,Amicus,台词,"""It seems we may have arrived too early, so I apologize for that as well.""",
1848,第一幕·场景3,a1s3,452,ram,Ramoses,台词,"""No apology is necessary, you were right on time.""",
1849,第一幕·场景3,a1s3,454,a,Amicus,台词,"""I see, that is a relief then.""",
1850,第一幕·场景3,a1s3,456,ram,Ramoses,台词,"""However, it would not have been a problem if you had been early. The fact that you are here now, on peaceful terms, is all that matters to the pharaoh and his people.""",
1851,第一幕·场景3,a1s3,458,a,Amicus,台词,"""Of course, and may it stay that way forever.""",
1852,第一幕·场景3,a1s3,460,,,旁白,"The hot wind blowing across the desert is the only sound during the gaps in their conversation, seeming to emphasize how the pauses go on for just a second too long.",
1853,第一幕·场景3,a1s3,462,ram,Ramoses,台词,"""Forever indeed.""",
1854,第一幕·场景3,a1s3,464,ram,Ramoses,台词,"""I must thank you for taking time away from your vital duties as emperor to talk with Khemia directly.""",
1855,第一幕·场景3,a1s3,465,ram,Ramoses,台词,"""All is well on Adastra, I trust? I hear your sister is acting in your place.""",
1856,第一幕·场景3,a1s3,467,a,Amicus,台词,"""Yes. Of course, I was reluctant to do so, but the importance of our discussions required it. I only hope that we can reach a solution during my time here.""",
1857,第一幕·场景3,a1s3,469,ram,Ramoses,台词,"""Of course.""",
1858,第一幕·场景3,a1s3,471,ram,Ramoses,台词,"""The pharaoh is still wrapping up his visit to Omorfa, but progress can still be made between the two of us in the meantime.""",
1859,第一幕·场景3,a1s3,473,ram,Ramoses,台词,"""Now, let us head inside and we can begin preliminary discussions, along with plans to visit the city for your public address in three days.""",
1860,第一幕·场景3,a1s3,475,a,Amicus,台词,"""Very well, and thank you again.""",
1861,第一幕·场景3,a1s3,477,ram,Ramoses,台词,"""No need for thanks; it's an honor to have you here.""",
1862,第一幕·场景3,a1s3,479,,,旁白,Amicus begins following the vizier into the palace before Ramoses turns back to us.,
1863,第一幕·场景3,a1s3,481,ram,Ramoses,台词,"""Neferu, please show the others around and make sure they're comfortable.""",
1864,第一幕·场景3,a1s3,483,,,旁白,Then he disappears into the palace with Amicus following him.,
1865,第一幕·场景3,a1s3,484,,,旁白,"I blink, slightly stunned by the brief, tense introduction.",
1866,第一幕·场景3,a1s3,485,,,旁白,"Not much of an introduction considering he didn't even look at me, or Veteris, or even his brother until he gave him a command.",
1867,第一幕·场景3,a1s3,486,,,旁白,"I had been ready for some kind of unpleasantness considering how Neferu talks about him, but if I were to judge him based on those few minutes, I don't think his demeanor is even suited for ruling.",
1868,第一幕·场景3,a1s3,487,,,旁白,"If he's the next pharaoh, would he not just end the alliance as soon as his father steps down, or passes away?",
1869,第一幕·场景3,a1s3,491,ve,Veteris,台词,"""Bit of an asshole, isn't he?""",
1870,第一幕·场景3,a1s3,492,,,旁白,"I whirl on my teacher, eyes wide, paws up, trying to shush him.",
1871,第一幕·场景3,a1s3,495,n,Neferu,台词,"""It's fine, Scipio. 'Asshole' is a compliment for the likes of him, a prick all under the guise of politeness. The nicer he acts, the more he wishes you're dead.""",
1872,第一幕·场景3,a1s3,499,ve,Veteris,台词,"""Ambassador Brunis!""",
1873,第一幕·场景3,a1s3,501,,,旁白,"Brunis jumps, looking down at the much smaller wolf.",
1874,第一幕·场景3,a1s3,503,br,Brunis,台词,"""Yeah?""",
1875,第一幕·场景3,a1s3,505,ve,Veteris,台词,"""I must ask some questions about Khemian political etiquette to better log this event in my records.""",
1876,第一幕·场景3,a1s3,507,br,Brunis,台词,"""Well, that wasn't exactly normal, but uh, okay. Do you wanna to go inside first or--""",
1877,第一幕·场景3,a1s3,508,ve,Veteris,台词,"""It shall be quick! I'm going to be taking notes out here anyway once we're done.""",
1878,第一幕·场景3,a1s3,512,,,旁白,"I watch Brunis awkwardly try to talk to Veteris, but the height differential is so much that he eventually sits on his rump to better talk to my neurotic teacher eye-to-eye.",
1879,第一幕·场景3,a1s3,515,aya,Aya,台词,"""Neferu! It's so good to have you back!""",
1880,第一幕·场景3,a1s3,529,,,旁白,"She jumps up and hugs him, which makes me relax, taking it as a signal that formal etiquette is no longer required.",
1881,第一幕·场景3,a1s3,530,n,Neferu,台词,"""And it's good to see you again, too. I'm just glad to be back. """,
1882,第一幕·场景3,a1s3,532,aya,Aya,台词,"""Yeah, I was so upset when you told Father you wanted to stay after what happened at that palace.""",
1883,第一幕·场景3,a1s3,534,n,Neferu,台词,"""We both know that would have only made everything worse. It's the only place I had a purpose, anyway.""",
1884,第一幕·场景3,a1s3,536,aya,Aya,台词,"""I understand.""",
1885,第一幕·场景3,a1s3,538,aya,Aya,台词,"""Now please introduce me to your friend!""",
1886,第一幕·场景3,a1s3,540,n,Neferu,台词,"""Ah, yes. Rammy didn't even introduce any of us, did he?""",
1887,第一幕·场景3,a1s3,542,,,旁白,"Aya gasps, then laughs.",
1888,第一幕·场景3,a1s3,544,aya,Aya,台词,"""I forgot you call him that sometimes.""",
1889,第一幕·场景3,a1s3,546,aya,Aya,台词,"""Do be more careful around him, though. He's a bit testier than he used to be.""",
1890,第一幕·场景3,a1s3,548,n,Neferu,台词,"""Fantastic news.""",
1891,第一幕·场景3,a1s3,550,n,Neferu,台词,"""Anyway, this is Scipio, he's the student of the scholar over there, his name's Veteris. His directives are to--""",
1892,第一幕·场景3,a1s3,552,,,旁白,"Neferu stops as he realizes that Aya has stepped forward, grabbing my paw.",
1893,第一幕·场景3,a1s3,560,,,旁白,"I flinch in surprise, but I try to play it off with a smile.",
1894,第一幕·场景3,a1s3,561,,,旁白,"Touching during an introduction goes against my wolven upbringing, but I grip back gently to acknowledge it.",
1895,第一幕·场景3,a1s3,562,,,旁白,"At the same time, I wave at her with my free paw without even realizing it, as if I'm using every greeting I can to cover my bases.",
1896,第一幕·场景3,a1s3,563,m,Scipio,台词,"""Hello, Aya. It's a pleasure to meet you, Neferu has told me a bit about you.""",
1897,第一幕·场景3,a1s3,564,aya,Aya,台词,"""It's a pleasure meeting you Scipio. I think we've already met, though not as formally.""",
1898,第一幕·场景3,a1s3,565,m,Scipio,台词,"""Oh, yes. So... that was you, in... in my dreams?""",
1899,第一幕·场景3,a1s3,566,,,旁白,The last words come out in a humiliating mumble then almost squeak at the very end.,
1900,第一幕·场景3,a1s3,567,,,旁白,"Luckily, she only nods, and I'm relived I haven't exposed myself as insane yet.",
1901,第一幕·场景3,a1s3,568,,,旁白,"I notice then that she's still holding my paw, as if she's feeling for something, and her attention doesn't seem to be on my face, as I would expect, but still, she seems to be focusing hard.",
1902,第一幕·场景3,a1s3,569,,,旁白,"I look at Neferu, but he looks back with raised brow, seemingly as confused as I am.",
1903,第一幕·场景3,a1s3,570,,,旁白,"She's frozen for a bit, then her grip twitches, and her demeanor changes completely.",
1904,第一幕·场景3,a1s3,575,,,旁白,"She stares at our paws, then she looks up at me closely.",
1905,第一幕·场景3,a1s3,576,,,旁白,I duck my ears in embarrassment.,
1906,第一幕·场景3,a1s3,577,m,Scipio,台词,"""I'm sorry. I'm probably out of touch when it comes to meeting someone in the Khemian--""",
1907,第一幕·场景3,a1s3,578,aya,Aya,台词,"""Don't be sorry. This isn't a typical greeting.""",
1908,第一幕·场景3,a1s3,579,,,旁白,"Her voice, once high, melodic and eager, is now low and almost dull.",
1909,第一幕·场景3,a1s3,580,,,旁白,"Still, she holds my paw and I make a small effort to pull back, to gently encourage her to end this strange, non-typical greeting, but she continues to hold on.",
1910,第一幕·场景3,a1s3,581,,,旁白,"I stand there awkwardly, looking at Neferu for help.",
1911,第一幕·场景3,a1s3,582,n,Neferu,台词,"""Aya, please, maybe you can do that sort of thing when you get to know him better?""",
1912,第一幕·场景3,a1s3,583,,,旁白,"Aya doesn't acknowledge him, but she seems to come out of the trance, and with a sad look, she releases her grip.",
1913,第一幕·场景3,a1s3,591,,,旁白,"She stares at me with the same sad, almost disbelieving look, and I fidget with my glasses to give my paws something to do.",
1914,第一幕·场景3,a1s3,596,n,Neferu,台词,"""She doesn't normally do anything like that... That I've seen. Aya, are you alright?""",
1915,第一幕·场景3,a1s3,598,,,旁白,"A part of me wonders if this is my fault, especially if this is the first time she'd done it.",
1916,第一幕·场景3,a1s3,600,aya,Aya,台词,"""I'm sorry, I was just really excited to meet you.""",
1917,第一幕·场景3,a1s3,601,,,旁白,She says this even though the excitement is gone from her voice.,
1918,第一幕·场景3,a1s3,602,m,Scipio,台词,"""Oh, it's fine.""",
1919,第一幕·场景3,a1s3,603,,,旁白,"My voice is loud and full of false cheer, as if to make up for the lost enthusiasm.",
1920,第一幕·场景3,a1s3,604,m,Scipio,台词,"""May I ask what that was about, though?""",
1921,第一幕·场景3,a1s3,606,aya,Aya,台词,"""Of course, but it will have to wait until we have more privacy.""",
1922,第一幕·场景3,a1s3,608,n,Neferu,台词,"""We have privacy.""",
1923,第一幕·场景3,a1s3,609,,,旁白,"Neferu gestures at Brunis and Veteris, and I realize that my teacher's reedy, relentless voice is still chattering on while Brunis stares at him, mouth agape and squinting in confusion.",
1924,第一幕·场景3,a1s3,611,aya,Aya,台词,"""From them, maybe.""",
1925,第一幕·场景3,a1s3,613,,,旁白,She gives Neferu an almost guilty look.,
1926,第一幕·场景3,a1s3,615,n,Neferu,台词,"""Hm?""",
1927,第一幕·场景3,a1s3,617,n,Neferu,台词,"""Wait, me? But I'm his friend! You can't just grab people you don't know and drag them into your--""",
1928,第一幕·场景3,a1s3,619,,,旁白,"Neferu cuts himself off, but Aya catches it.",
1929,第一幕·场景3,a1s3,621,aya,Aya,台词,"""My what, Neferu? My witchcraft? My imagination? Do you also think I'm a schizophrenic our family is just trying to disguise?""",
1930,第一幕·场景3,a1s3,625,n,Neferu,台词,"""N-No, of course not.""",
1931,第一幕·场景3,a1s3,626,,,旁白,"Neferu looks like he wants to say more, but he simply closes his mouth, looking stunned.",
1932,第一幕·场景3,a1s3,627,,,旁白,"I'm stunned as well, and now I'd much rather be with Veteris, making sure he's not saying anything too foolish.",
1933,第一幕·场景3,a1s3,628,,,旁白,"A strange, irrational thought that I could be the reason their relationship falls apart crosses my mind.",
1934,第一幕·场景3,a1s3,629,m,Scipio,台词,"""I believe I started things off a bit awkwardly. Please forgive my wolven habits.""",
1935,第一幕·场景3,a1s3,630,,,旁白,"I bow slightly to her, trying to give the tension between them a release, and it seems to work, at least a little.",
1936,第一幕·场景3,a1s3,634,aya,Aya,台词,"""No, Scipio, I'm the one with the unusual habits. I just have a lot on my mind right now, and there are some fairly popular rumors going around about my role in the palace.",
1937,第一幕·场景3,a1s3,635,,,旁白,She says that last bit to Neferu.,
1938,第一幕·场景3,a1s3,637,n,Neferu,台词,"""They believe you're mentally ill?""",
1939,第一幕·场景3,a1s3,638,aya,Aya,台词,"""It's the latest one, but it's a natural consequence to the secrecy of my role.""",
1940,第一幕·场景3,a1s3,640,n,Neferu,台词,"""I apologize for disrespecting it. I can at least sympathize with false rumors, though. We also need to talk.""",
1941,第一幕·场景3,a1s3,642,aya,Aya,台词,"""Of course, Neferu. You're staying in the palace while our guests are here, right?""",
1942,第一幕·场景3,a1s3,644,n,Neferu,台词,"""Yes, as long as Ram leaves me alone and doesn't kick me out. I am technically part of the envoy, after all.""",
1943,第一幕·场景3,a1s3,646,aya,Aya,台词,"""Yes! It'll be just like old times.""",
1944,第一幕·场景3,a1s3,648,n,Neferu,台词,"""Well, maybe not {i}just{/i} like old times, but hopefully we can still enjoy ourselves.""",
1945,第一幕·场景3,a1s3,650,aya,Aya,台词,"""With Skip!""",
1946,第一幕·场景3,a1s3,651,,,旁白,"I smile slightly at the casual nickname, wondering how every Khemian I've met uses it so quickly and naturally.",
1947,第一幕·场景3,a1s3,652,m,Scipio,台词,"""I am here to understand and observe the ways of Khemia, inside and outside the palace, so I'm glad to be included.""",
1948,第一幕·场景3,a1s3,654,aya,Aya,台词,"""This is so exciting! Sorry if I'm sounding insane, but being in the palace with only Ramoses around, trying to make casual conversation with me...""",
1949,第一幕·场景3,a1s3,655,,,旁白,She shudders.,
1950,第一幕·场景3,a1s3,657,aya,Aya,台词,"""It's a bit of a nightmare.""",
1951,第一幕·场景3,a1s3,659,n,Neferu,台词,"""That bad, huh?""",
1952,第一幕·场景3,a1s3,661,aya,Aya,台词,"""It's probably because he has no one to talk to either, with father off-planet and Henut training in Amadun. Ramoses has always had someone to guide him, but that's definitely not going to be me.""",
1953,第一幕·场景3,a1s3,662,,,旁白,"I decide to become a bit bold, and break into the conversation.",
1954,第一幕·场景3,a1s3,664,m,Scipio,台词,"""The time we waited for him when we first arrived; was it some sort of political tactic, or is he just...""",
1955,第一幕·场景3,a1s3,665,,,旁白,"I search for the correct, least offensive word.",
1956,第一幕·场景3,a1s3,666,m,Scipio,台词,"""Unaware of his actions?""",
1957,第一幕·场景3,a1s3,668,n,Neferu,台词,"""No, if ever he seems rude, it's intentional on his part. Right Aya?""",
1958,第一幕·场景3,a1s3,670,aya,Aya,台词,"""We literally stood at the entrance for five minutes.""",
1959,第一幕·场景3,a1s3,671,m,Scipio,台词,"""Oh.""",
1960,第一幕·场景3,a1s3,675,br,Brunis,台词,"""I'm sorry, but I don't know!""",
1961,第一幕·场景3,a1s3,676,ve,Veteris,台词,"""But you're a high-ranking ambassador and foreign relations expert!""",
1962,第一幕·场景3,a1s3,677,br,Brunis,台词,"""Sure, but I don't know anything about some pharaoh from five thousand years ago--""",
1963,第一幕·场景3,a1s3,678,,,旁白,"I turn to Veteris who is, unbelievably, clutching Brunis's pant leg to prevent him moving away.",
1964,第一幕·场景3,a1s3,679,m,Scipio,台词,"""Oh gods, please excuse me. It was nice meeting you and I hope we can talk again soon, Aya.""",
1965,第一幕·场景3,a1s3,683,aya,Aya,台词,"""Of course!""",
1966,第一幕·场景3,a1s3,686,n,Neferu,台词,"""I suppose I'll take the time to catch up with Aya. Good luck dealing with... that.""",
1967,第一幕·场景3,a1s3,687,,,旁白,"I look back, and at this point Brunis is trying to keep his pants up with a paw. I practically run to pull Veteris off of him, doing it in a way that doesn't drop Brunis's trousers.",
1968,第一幕·场景3,a1s3,698,vi,Virginia,台词,"""Magistrate Flavius. At this point, what I'm most curious about is why you're bothering to talk to me in the first place? I was under the impression that you were seeking a compromise.""",
1969,第一幕·场景3,a1s3,699,,,旁白,"Flavius, one of the triumvirs of Lupas, stares at her, looking somewhat bored.",
1970,第一幕·场景3,a1s3,700,,,旁白,Virginia assumes the only reason for this communication is to disrespect her.,
1971,第一幕·场景3,a1s3,703,,,旁白,"Virginia stares at the man, noting the bald patches in his head fur, likely due to fur-pulling, made all the more noticeable in how he groomed the fur to try and disguise it.",
1972,第一幕·场景3,a1s3,704,,,旁白,"He looks relaxed before her, but she doubts that's how he feels.",
1973,第一幕·场景3,a1s3,706,vi,Virginia,台词,"""A {i}realistic{/i} compromise. And I apologize for having to repeat myself, but I'll put it in a more concise format that you might remember: The last I checked a year ago, Lupas is our second wealthiest city, just behind Ad Rotae.""",
1974,第一幕·场景3,a1s3,707,vi,Virginia,台词,"""Still, this particular demand is at least possible, but the others?""",
1975,第一幕·场景3,a1s3,708,vi,Virginia,台词,"""Why should Lupas have more voting power when your population is, last I checked, only about 1.5 million, half the 3 million average? I can think of four cities right now that actually do need more voting power due to their large populations.""",
1976,第一幕·场景3,a1s3,709,vi,Virginia,台词,"""Finally, why does Lupas deserve veto power, a power reserved only for Adastra? What will the other cities think?""",
1977,第一幕·场景3,a1s3,710,vi,Virginia,台词,"""There is no explanation or excuse for it. I don't need to justify the reason. The answer is absolutely not.""",
1978,第一幕·场景3,a1s3,711,,,旁白,"The wolf growls in his throat, but it's so slight, Virginia is willing to let it go as something less, wanting to keep her conversation with this man as short and quick as possible.",
1979,第一幕·场景3,a1s3,714,,,旁白,Virginia struggles not to roll her eyes.,
1980,第一幕·场景3,a1s3,715,,,旁白,"Lupas was a temporary capital for less than a decade over five millennia ago, while Tricelli served as a temporary capital for even longer, and far more recently.",
1981,第一幕·场景3,a1s3,716,,,旁白,"But she's realized there's little point in arguing with this man, Virginia staring at his head fur instead, thinking about how to best deal with this situation.",
1982,第一幕·场景3,a1s3,717,,,旁白,"Not just with Lupas, but the empire as a whole.",
1983,第一幕·场景3,a1s3,720,vi,Virginia,台词,"""You're right. At this point in time, we seemingly have nothing to negotiate.""",
1984,第一幕·场景3,a1s3,721,vi,Virginia,台词,"""In the meantime, Adastra will be keeping a close eye on your city. Always remember that I will not hesitate to do what needs to be done to keep the empire stable.""",
1985,第一幕·场景3,a1s3,724,vi,Virginia,台词,"""And if you refer to me again without using my proper title, you will be punished accordingly.""",
1986,第一幕·场景3,a1s3,726,,,旁白,"Flavius opens his mouth, his fur bristling, and Virginia feels some satisfaction in seeing it.",
1987,第一幕·场景3,a1s3,727,,,旁白,He likely has never had a woman speak to him in such a way.,
1988,第一幕·场景3,a1s3,729,vi,Virginia,台词,"""Anything else, Magistrate Flavius?""",
1989,第一幕·场景3,a1s3,731,,,旁白,"He stares hard through the screen, and Virginia stares back.",
1990,第一幕·场景3,a1s3,733,vi,Virginia,台词,"""Very well. You are dismissed.""",
1991,第一幕·场景3,a1s3,734,,,旁白,"Just before the portal call ends and the screen goes black, Virginia hears a ""Bit--"" before the audio cuts off.",
1992,第一幕·场景3,a1s3,737,,,旁白,"Virginia can practically hear the magistrate spitting out her most popular names: whore, prostitute, bitch, any gender-specific insult will do.",
1993,第一幕·场景3,a1s3,738,,,旁白,"Not that she minds, but Virginia knows Amicus didn't do enough to keep this from happening.",
1994,第一幕·场景3,a1s3,739,,,旁白,"Not intentionally, of course, and Virginia had refrained from pestering him about it, seeing how troubled he's become over the past several months.",
1995,第一幕·场景3,a1s3,740,,,旁白,"She'd reminded him maybe twice, and he certainly thought he'd put together a reliable group of officials to aid her, but they hadn't been ready for this.",
1996,第一幕·场景3,a1s3,741,,,旁白,She wonders if anything could have prepared Adastra for this.,
1997,第一幕·场景3,a1s3,742,,,旁白,"It's only been three days, or maybe only two?",
1998,第一幕·场景3,a1s3,744,,,旁白,She massages above her eyes with a thumb and middle finger.,
1999,第一幕·场景3,a1s3,745,,,旁白,"No emperor, and certainly no acting empress, can succeed without a strong backing from... anyone.",
2000,第一幕·场景3,a1s3,746,vi,Virginia,台词,"""Incredible. All my life's work for this?""",
2001,第一幕·场景3,a1s3,747,,,旁白,"She begins muttering to herself, something she didn't do before being left alone to ""rule"".",
2002,第一幕·场景3,a1s3,749,,,旁白,"Of course, she never expected to be in this role. Potes's goal had been for her to at least become an advisor, which she did... And apparently failed terribly at because Amicus didn't think ahead.",
2003,第一幕·场景3,a1s3,750,vi,Virginia,台词,"""There should be ten advisors speaking to me right now. At this rate I'll be overthrown in a year, if not months. I wonder how I'll be killed?""",
2004,第一幕·场景3,a1s3,751,vi,Virginia,台词,"""I'm sure they'll be very creative about it.""",
2005,第一幕·场景3,a1s3,752,com,Computer,台词,"""Apologies for interrupting, but Cassius is arriving in fifteen minutes.""",
2006,第一幕·场景3,a1s3,755,vi,Virginia,台词,"""What? Why?""",
2007,第一幕·场景3,a1s3,756,,,旁白,"She asks the question out of complete surprise, not expecting Com to know, and sure enough.",
2008,第一幕·场景3,a1s3,757,com,Computer,台词,"""I apologize, but I do not have that information. No forewarning of his return was given. He arrived on an Omorfan ship, which cannot be communicated with by Adastran equipment due to current strained relations.""",
2009,第一幕·场景3,a1s3,759,,,旁白,"Whatever the reason for Cassius's unexpected arrival, Virginia suspects it's not good.",
2010,第一幕·场景3,a1s3,760,,,旁白,"Though, as she thinks about her brother, a few ideas form in her mind.",
2011,第一幕·场景3,a1s3,762,vi,Virginia,台词,"""Com, set out refreshments in the {i}Vestibulum{/i} to prepare for my brother's arrival, please.""",
2012,第一幕·场景3,a1s3,763,com,Computer,台词,"""Of course, Empress Regent.""",
2013,第一幕·场景3,a1s3,772,,,旁白,"By the time Virginia arrives, she's a minute or so ahead of her brother, and he shows up just as the refreshments arrive.",
2014,第一幕·场景3,a1s3,776,,,旁白,He glances around before his eyes settle on Virginia.,
2015,第一幕·场景3,a1s3,778,ca,Cassius,台词,"""Sister! Apologies for my unannounced arrival. It's difficult to send message from--""",
2016,第一幕·场景3,a1s3,781,vi,Virginia,台词,"""Cass! It's wonderful to see you gain.""",
2017,第一幕·场景3,a1s3,782,ca,Cassius,台词,"""Er...""",
2018,第一幕·场景3,a1s3,786,,,旁白,It's hard to say which of them is more surprised by Virginia's actions as she embraces Cassius.,
2019,第一幕·场景3,a1s3,787,,,旁白,"Still, Cassius hugs back, though a bit stiffly, never having been one for showing verbal or physical affection toward his siblings.",
2020,第一幕·场景3,a1s3,793,ca,Cassius,台词,"""Are you alright? I don't think we've embraced since I woke up after the assassination attempt.""",
2021,第一幕·场景3,a1s3,795,vi,Virginia,台词,"""Not exactly, but I can explain in a bit. Do you want to sit and talk over refreshments? If you're tired it can wait until morning, assuming you're planning on staying.""",
2022,第一幕·场景3,a1s3,797,ca,Cassius,台词,"""Actually yes, I do miss those conversations we used to have. As for staying, that's also a yes.""",
2023,第一幕·场景3,a1s3,798,ca,Cassius,台词,"""And thank you for accommodating me after... well, everything I suppose.""",
2024,第一幕·场景3,a1s3,801,vi,Virginia,台词,"""You're a member of our family and you are always welcome here.""",
2025,第一幕·场景3,a1s3,802,,,旁白,"Virginia glances around, half-expecting to see Alexios somewhere slinking about in the shadows.",
2026,第一幕·场景3,a1s3,803,vi,Virginia,台词,"""Is Alex...""",
2027,第一幕·场景3,a1s3,805,ca,Cassius,台词,"""On Omorfa. You, uh, you won't need to worry about him coming back here.""",
2028,第一幕·场景3,a1s3,806,vi,Virginia,台词,"""I see. Well, let’s have a seat and we can exchange our woes.""",
2029,第一幕·场景3,a1s3,810,,,旁白,"Cassius, clearly famished, is filling his mouth, so Virginia starts first.",
2030,第一幕·场景3,a1s3,814,vi,Virginia,台词,"""You might have heard that I'm currently acting on Amicus's behalf at the moment.""",
2031,第一幕·场景3,a1s3,817,,,旁白,Cassius swallows hard.,
2032,第一幕·场景3,a1s3,818,ca,Cassius,台词,"""Mmh... Yes, I did. Congratulations... Maybe? I don't envy you, that's all I'll say. Also, I do not trust Amicus's judgement to gauge if Adastra is ready for an empress.""",
2033,第一幕·场景3,a1s3,820,vi,Virginia,台词,"""Oh, certainly not. It kills these men to even acknowledge what I am.""",
2034,第一幕·场景3,a1s3,822,ca,Cassius,台词,"""I see. Lux might be opposed, and Lupas definitely is, even if they haven't said so yet.""",
2035,第一幕·场景3,a1s3,824,vi,Virginia,台词,"""You're right. I haven't had many issues with Lux yet, but I just finished a call with a Lupasian triumvir who called me a 'bitch' before our call fully ended.""",
2036,第一幕·场景3,a1s3,826,ca,Cassius,台词,"""What? Which one was it? You're punishing him, right? That could even be considered a capital offense.""",
2037,第一幕·场景3,a1s3,829,,,旁白,"Seeing Cassius's hackles rise, she knows that prideful anger well, and it's coming to the surface, but for now it's somehow comforting.",
2038,第一幕·场景3,a1s3,831,vi,Virginia,台词,"""Sorry, I don't mean to upset you. Besides, it's simply one of my more popular nicknames, though not as popular as 'whore'. It's something I've grown used to.""",
2039,第一幕·场景3,a1s3,832,,,旁白,"Virginia sees Cassius wince at that word too, and it doesn't surprise her that he would have no idea, having had his full attention on becoming emperor himself before leaving for Omorfa.",
2040,第一幕·场景3,a1s3,834,ca,Cassius,台词,"""That's a bit of an odd one though, isn't it? Where do they think you have time to... do that?""",
2041,第一幕·场景3,a1s3,836,,,旁白,"Virginia laughs, caught off-guard by the statement.",
2042,第一幕·场景3,a1s3,838,vi,Virginia,台词,"""Be a whore? That's a good question, but I assume they just enjoy the juxtaposition with my name.""",
2043,第一幕·场景3,a1s3,840,ca,Cassius,台词,"""Amicus should have been actively punishing such behavior, but you're the acting empress right now. They must show you respect or suffer the consequences.""",
2044,第一幕·场景3,a1s3,842,vi,Virginia,台词,"""I'm beginning to run out of other options, so it might have to happen soon.""",
2045,第一幕·场景3,a1s3,844,ca,Cassius,台词,"""I'm surprised you haven't already. I still want to know which triumvir that was. Is he not aware that the traditional punishment for insulting a woman of the royal family is castration?""",
2046,第一幕·场景3,a1s3,846,ca,Cassius,台词,"""Emperor Pontus famously castrated a triumvir himself with a dulled dagger. And to be fair, the official made statements about Pontus's daughter's genitalia in regards to how many men she slept with.""",
2047,第一幕·场景3,a1s3,848,vi,Virginia,台词,"""It always comes down to what's between our legs, doesn't it? Well, being an emperor rather than an empress is very different.""",
2048,第一幕·场景3,a1s3,849,vi,Virginia,台词,"""It's fairly universal that men who rule with harsh, merciless tactics are seen as strong, and respected.""",
2049,第一幕·场景3,a1s3,851,vi,Virginia,台词,"""Women, on the other hand, are seen as cruel and sadistic, which are qualities unbecoming of their natural role in the world... Which is nurturing and worshipping men, of course.""",
2050,第一幕·场景3,a1s3,853,vi,Virginia,台词,"""And somehow history always remembers them as a seductress whore, or something. Those few female rulers on Adastra existed pre-Drusus, overseeing smaller kingdoms, but I assume it's the same now as it was then.""",
2051,第一幕·场景3,a1s3,855,ca,Cassius,台词,"""Yes, I remember noting that back in my schooling days.""",
2052,第一幕·场景3,a1s3,856,ca,Cassius,台词,"""Few emperors are treated fairly in the history books, but... yes, I don't believe a single woman was considered a good empress despite some of their kingdoms flourishing at the time.""",
2053,第一幕·场景3,a1s3,857,,,旁白,Cassius talks of the subject as if it's the first time he's given it thought.,
2054,第一幕·场景3,a1s3,858,,,旁白,It seemed Amicus's egalitarian approach was the deciding factor on Cassius's position on gender roles.,
2055,第一幕·场景3,a1s3,860,ca,Cassius,台词,"""Either way, it would be my duty as your closest male relative to dole out the punishment, so you wouldn't have to worry about that.""",
2056,第一幕·场景3,a1s3,861,,,旁白,Virginia doesn't even try to imagine such a thing.,
2057,第一幕·场景3,a1s3,863,ca,Cassius,台词,"""Once things have stabilized, however, and if all goes acceptably well, I will punish anyone who says such things. And it's a bit selfish in that my own honor is at stake here.""",
2058,第一幕·场景3,a1s3,864,ca,Cassius,台词,"""What kind of brother allows such things to be said about his sister? A weak one.""",
2059,第一幕·场景3,a1s3,868,,,旁白,"While Virginia hopes this never comes to pass, she still rests a paw on Cassius's shoulder, acknowledging his love and support.",
2060,第一幕·场景3,a1s3,870,,,旁白,"Cassius stares into the middle distance for a moment, his hackles lowering, before he looks back at Virginia.",
2061,第一幕·场景3,a1s3,873,ca,Cassius,台词,"""Are you... are you doing okay in your position?""",
2062,第一幕·场景3,a1s3,875,,,旁白,"She notices Cassius isn't looking at her anymore, instead staring at the goblet next to him.",
2063,第一幕·场景3,a1s3,877,,,旁白,"Even though it's {i}virdi{/i}, not wine, Virginia has a good idea of what he's thinking about.",
2064,第一幕·场景3,a1s3,878,,,旁白,"He's never said so, but they all recognized that he had suffered mentally, not just physically, during the short period of his emperorship.",
2065,第一幕·场景3,a1s3,879,,,旁白,"Seeing this, Virginia almost aborts her earlier plan, but remembering the possible consequences for herself, her family, and Adastra as a whole, she proceeds, but more cautiously.",
2066,第一幕·场景3,a1s3,883,vi,Virginia,台词,"""I'm managing.""",
2067,第一幕·场景3,a1s3,885,vi,Virginia,台词,"""The main, insurmountable issue is that no one is on my side. They're either neutral or they oppose me.""",
2068,第一幕·场景3,a1s3,886,vi,Virginia,台词,"""I would seek advisers, but Father's most consistent advice to me was to never allow males near me, either physically or emotionally.""",
2069,第一幕·场景3,a1s3,887,vi,Virginia,台词,"""I especially want to heed that warning now, considering some families who ruled before unification might see this as an opportunity to take back power.""",
2070,第一幕·场景3,a1s3,888,vi,Virginia,台词,"""However, he never planned on me becoming empress, nor did I, so I have no connections with anyone in power.""",
2071,第一幕·场景3,a1s3,890,ca,Cassius,台词,"""Did Amicus not set you up with vetted members of the Senate? I know there's at least a dozen or so egalitarians in there.""",
2072,第一幕·场景3,a1s3,891,vi,Virginia,台词,"""They stopped communicating with me one day after Amicus departed.""",
2073,第一幕·场景3,a1s3,893,ca,Cassius,台词,"""Oh... That's not good.""",
2074,第一幕·场景3,a1s3,894,vi,Virginia,台词,"""Indeed. I fear several plans are in the works.""",
2075,第一幕·场景3,a1s3,896,ca,Cassius,台词,"""Stay in the palace as much as possible and always bring drones to escort you outside. Consider preparing your own food and knowing its source. I can go out and buy it if you need me to.""",
2076,第一幕·场景3,a1s3,898,ca,Cassius,台词,"""Finally, you need an escape plan if the worst-case scenario unfolds. Have the emperor's ship always ready for departure. Then head to Khemia.""",
2077,第一幕·场景3,a1s3,899,ca,Cassius,台词,"""Not just because Amicus is there, but also because they are the only ones in contact with Adastra, and I'm sure your plight would interest them.""",
2078,第一幕·场景3,a1s3,901,ca,Cassius,台词,"""Of course, don't trust males, but also be wary of the possibility that they might use a female assassin for that very reason, so trust no one.""",
2079,第一幕·场景3,a1s3,905,vi,Virginia,台词,"""The only men I've ever trusted are my brothers.""",
2080,第一幕·场景3,a1s3,907,ca,Cassius,台词,"""That's very kind, but unfortunately your brothers are incompetent fools.""",
2081,第一幕·场景3,a1s3,909,ca,Cassius,台词,"""I'm surprised that Amicus left, no matter what Khemia demanded, but risking the empire and throwing his sister into the mess to deal with it?""",
2082,第一幕·场景3,a1s3,910,ca,Cassius,台词,"""I--I just... This is what happens when he looks 'to the stars' instead of having a look at his own damn empire.""",
2083,第一幕·场景3,a1s3,911,ca,Cassius,台词,"""It speaks of a deeper problem in his leadership. He'll need help with that when he gets back.""",
2084,第一幕·场景3,a1s3,913,vi,Virginia,台词,"""He believed everything was in order when he left. The senators acted as if they were willing to work with me. I was prepared for the masks to drop, but not quite this fast and not all at once.""",
2085,第一幕·场景3,a1s3,914,vi,Virginia,台词,"""I know my time is running out without some kind of political backing.""",
2086,第一幕·场景3,a1s3,916,ca,Cassius,台词,"""I see.""",
2087,第一幕·场景3,a1s3,918,,,旁白,"Virginia sees the tension in Cassius's body, his breath a bit heavier now, and she feels a twinge in her chest at causing her brother such distress.",
2088,第一幕·场景3,a1s3,919,,,旁白,"It's strange, having these emotions come back to the surface.",
2089,第一幕·场景3,a1s3,920,,,旁白,"Apparently behavioral alteration didn't fully subdue ""bothersome"" emotions like it was supposed to.",
2090,第一幕·场景3,a1s3,921,,,旁白,"But something about becoming empress, with so much responsibility, it's made her more aware of the emotions of those around her.",
2091,第一幕·场景3,a1s3,923,vi,Virginia,台词,"""I know this is a terrible situation to come home to, especially after your own experiences in my current position, but I'm truly worried for the future of the empire, especially if Amicus is gone for over a year.""",
2092,第一幕·场景3,a1s3,925,vi,Virginia,台词,"""Do you still have connections in Adastran politics?""",
2093,第一幕·场景3,a1s3,926,ca,Cassius,台词,"""After how long it's been, I'll need to reconnect, but I believe I have enough influence to scrape something together fairly quickly. At least something to hold off any attempts to overthrow you.""",
2094,第一幕·场景3,a1s3,927,ca,Cassius,台词,"""That would give us time to build a proper, sturdy foundation for your rule.""",
2095,第一幕·场景3,a1s3,929,ca,Cassius,台词,"""So what would you have me do, Your Imperial Majesty?""",
2096,第一幕·场景3,a1s3,931,,,旁白,"Virginia looks at her brother for just a moment, and while she feels love, there's a sentimental aspect to it, another emotion she thought had departed long ago.",
2097,第一幕·场景3,a1s3,932,,,旁白,"But to see Cassius, who she knows to be a very emotional man, accept his anxieties and future misery in less than a minute to help her...",
2098,第一幕·场景3,a1s3,934,,,旁白,"She quickly imagines cornering the emotion, locking it in an iron box, before letting it slip out of her head, the way she'd been taught.",
2099,第一幕·场景3,a1s3,935,,,旁白,"Now is not the time, and she needs to get her emotions back under control, because she knows any word of her shedding a tear, especially in her first days as Empress Regent, would not do her, or Cassius any favors.",
2100,第一幕·场景3,a1s3,936,vi,Virginia,台词,"""You don't mind serving under a female?""",
2101,第一幕·场景3,a1s3,938,ca,Cassius,台词,"""You're my sister, Virginia, and now that I know how hostile the empire is toward you, I don't care about my reputation. My political career ended three years ago, anyway.""",
2102,第一幕·场景3,a1s3,940,ca,Cassius,台词,"""My goal is to save the empire, and help you carry on the legacy of our family so that your one year of rule is remembered as a {i}great{/i} year.""",
2103,第一幕·场景3,a1s3,942,,,旁白,"Virginia has to smile at that, wondering if he still thought about the way she had initiated his removal from the throne three years ago.",
2104,第一幕·场景3,a1s3,943,,,旁白,"But Cassius is very different now, just like herself.",
2105,第一幕·场景3,a1s3,944,vi,Virginia,台词,"""Well, hopefully with your talent for understanding the needs of the people, along with your political experience and connections, you can be my chief advisor, the magistros, if you're willing to accept.""",
2106,第一幕·场景3,a1s3,945,,,旁白,Cassius gulps audibly.,
2107,第一幕·场景3,a1s3,947,ca,Cassius,台词,"""Alright then, I'll get started tomorrow. It'll give me a purpose, at the very least.""",
2108,第一幕·场景3,a1s3,949,vi,Virginia,台词,"""Thank you, Cassius. I at least have hope now.""",
2109,第一幕·场景3,a1s3,951,ca,Cassius,台词,"""Good. You worried me when I first arrived. I've never seen you in this sort of state before.""",
2110,第一幕·场景3,a1s3,955,,,旁白,Virginia grimaces inwardly.,
2111,第一幕·场景3,a1s3,956,,,旁白,She definitely needs to get those emotions back under control.,
2112,第一幕·场景3,a1s3,958,vi,Virginia,台词,"""I think it's the isolation. Talking to Com and antagonistic officials all day does odd things to the mind. So tell me about Omorfa, if you're not too tired.""",
2113,第一幕·场景3,a1s3,963,,,旁白,"Cassius takes a deep breath, eyes looking up toward the ceiling, as if seeing something beyond.",
2114,第一幕·场景3,a1s3,965,ca,Cassius,台词,"""Ah, that reminds me I'll have to come up with some sort of explanation for what I did before I speak to any officials. As for my time there, it was... an experience.""",
2115,第一幕·场景3,a1s3,966,,,旁白,There's a few seconds of silence.,
2116,第一幕·场景3,a1s3,970,vi,Virginia,台词,"""Hm, a good experience?""",
2117,第一幕·场景3,a1s3,972,ca,Cassius,台词,"""An eye-opening one.""",
2118,第一幕·场景3,a1s3,974,,,旁白,Virginia lets another few seconds go by before asking the question she should have asked earlier.,
2119,第一幕·场景3,a1s3,977,vi,Virginia,台词,"""Did it involve Alex?""",
2120,第一幕·场景3,a1s3,981,ca,Cassius,台词,"""He is one of the main reasons. In the end, our loyalties lie with our own people.""",
2121,第一幕·场景3,a1s3,982,ca,Cassius,台词,"""I came to realize how my irresponsibility and emotions ruined many lives on Adastra, but for some reason it took a few years.""",
2122,第一幕·场景3,a1s3,984,ca,Cassius,台词,"""I had always believed that Omorfa forced him into a situation he did not want any part of, but now he tells me it was necessary.""",
2123,第一幕·场景3,a1s3,986,vi,Virginia,台词,"""We were all naive to Alex's intentions. Omorfa hasn't attacked Adastra in millennia, and it was hard to believe they were running a sabotage mission with a cat who didn't have the physical or mental training to be a spy.""",
2124,第一幕·场景3,a1s3,988,ca,Cassius,台词,"""But it was something he could only achieve by becoming close to me, which simply makes me ill to think about now.""",
2125,第一幕·场景3,a1s3,990,,,旁白,"That's not surprising as Virginia notices he's stopped eating, a paw subtly resting on his stomach.",
2126,第一幕·场景3,a1s3,991,,,旁白,"She wants to ask Cassius how he's doing just like he had asked her, but she knows he'd be offended.",
2127,第一幕·场景3,a1s3,992,,,旁白,You simply don't ask males about feelings like this.,
2128,第一幕·场景3,a1s3,993,,,旁白,"But while Virginia has never been in a romantic relationship, she does know the feeling of deep betrayal; the confusion, devastation, and hurt that goes along with questioning yourself and every single person around you.",
2129,第一幕·场景3,a1s3,994,,,旁白,It's how she always felt during her childhood and adolescence.,
2130,第一幕·场景3,a1s3,996,ca,Cassius,台词,"""I had told him how much it all bothered me, but he rarely thinks about it, and seems surprised that I still bring it up.""",
2131,第一幕·场景3,a1s3,997,ca,Cassius,台词,"""It made me wonder if I had misinterpreted his fear and misery at that time, that maybe it was all for himself.""",
2132,第一幕·场景3,a1s3,998,ca,Cassius,台词,"""And like most Omorfans, he believes the {i}Galaxias{/i} can only succeed if Adastra is no longer a Sibling race, no matter the means.""",
2133,第一幕·场景3,a1s3,1002,vi,Virginia,台词,"""I've heard that sentiment is growing stronger there.""",
2134,第一幕·场景3,a1s3,1006,ca,Cassius,台词,"""Yes, most likely due to the possible alliance with Khemia. Which, if successful, would be very difficult to undo.""",
2135,第一幕·场景3,a1s3,1007,ca,Cassius,台词,"""This is actually the main reason I came back. They don't even know I'm here... Well, they probably do by now.""",
2136,第一幕·场景3,a1s3,1009,ca,Cassius,台词,"""I, uh, actually stole Alexios's ship, capable of using the stretch drive. It was given to him as a gift for the destruction he caused. They weren't allowing me to leave because of what I learned being close to him.""",
2137,第一幕·场景3,a1s3,1010,,,旁白,"Virginia sits up straighter, realizing she has another issue to worry about along with her rebelling empire, just as serious, if not more so.",
2138,第一幕·场景3,a1s3,1012,vi,Virginia,台词,"""They held you captive? Are they planning something?""",
2139,第一幕·场景3,a1s3,1016,ca,Cassius,台词,"""House arrest, basically, but yes, and while they were already interested after learning of Amicus's absence, I'm sure they'll be far more emboldened once they learn of the empire's true state.""",
2140,第一幕·场景3,a1s3,1017,ca,Cassius,台词,"""What better time to strike?""",
2141,第一幕·场景3,a1s3,1018,,,旁白,"Virginia takes a deep breath, looking down at the floor for a moment.",
2142,第一幕·场景3,a1s3,1019,ca,Cassius,台词,"""Now I'm the one sorry for bringing such bad news home with me.""",
2143,第一幕·场景3,a1s3,1024,vi,Virginia,台词,"""I did say we should exchange our woes, and how woeful it is. Unfortunately, a male will definitely have to communicate with Planetary Defense.""",
2144,第一幕·场景3,a1s3,1025,vi,Virginia,台词,"""If you're willing, I have a simple plan for restoring your reputation.""",
2145,第一幕·场景3,a1s3,1026,,,旁白,"Cassius's ears, muzzle, and tail twitch at the same time, but again, he forces a smile.",
2146,第一幕·场景3,a1s3,1028,ca,Cassius,台词,"""I'm at your command.""",
2147,第二幕·场景1,a2s1,8,,,旁白,"After managing to pry Veteris from Brunis, my teacher and I have a solid ten-minute conversation on how one must behave on Khemia.",
2148,第二幕·场景1,a2s1,9,,,旁白,"It's a delicate balance, and I worry that I will be fretting over what Veteris is doing my entire time here.",
2149,第二幕·场景1,a2s1,10,,,旁白,"After reminding me that he's been waiting for this moment for over ten times my own lifespan, he agrees to tone down his excitement at least a bit.",
2150,第二幕·场景1,a2s1,11,,,旁白,"I glance at the entrance where Brunis, Neferu, and Aya had disappeared into, saying they'd be at the entrance when we decided to enter.",
2151,第二幕·场景1,a2s1,12,m,Scipio,台词,"""Shall we join the rest of our party, then?""",
2152,第二幕·场景1,a2s1,14,ve,Veteris,台词,"""Yes, yes, yes. I do want to warn you though, Scipio.""",
2153,第二幕·场景1,a2s1,15,,,旁白,I turn to him.,
2154,第二幕·场景1,a2s1,16,m,Scipio,台词,"""Of what, Teacher?""",
2155,第二幕·场景1,a2s1,17,,,旁白,"Though I keep my voice light, I'm becoming a bit impatient, wanting to rejoin Neferu and Aya again, still curious about his younger sibling.",
2156,第二幕·场景1,a2s1,19,,,旁白,"He lowers his voice, so I know he must know something he thinks is very important or interesting that he wants to say.",
2157,第二幕·场景1,a2s1,20,ve,Veteris,台词,"""I know we told you to...""",
2158,第二幕·场景1,a2s1,22,,,旁白,Veteris looks around.,
2159,第二幕·场景1,a2s1,24,ve,Veteris,台词,"""Ahm!""",
2160,第二幕·场景1,a2s1,25,ahm,Ahm,台词,"""Yes, Veteris?""",
2161,第二幕·场景1,a2s1,26,,,旁白,His voice is projected from an unseen speaker.,
2162,第二幕·场景1,a2s1,27,ve,Veteris,台词,"""Oh good, you're not in my brain anymore. Give us some privacy until we enter the palace, please.""",
2163,第二幕·场景1,a2s1,28,ahm,Ahm,台词,"""Of course.""",
2164,第二幕·场景1,a2s1,29,,,旁白,"I glance in the direction of the voice, ears twitching before my field of view tilts wildly, Veteris reaching up to grab my arm to yank me down closer to his level.",
2165,第二幕·场景1,a2s1,30,m,Scipio,台词,"""Ow! Teacher, please just ask me to lean closer, or s--""",
2166,第二幕·场景1,a2s1,32,ve,Veteris,台词,"""I don't trust anything here, Scipio. It's nothing like what I imagined it would be. Not in a good way. Something is very wrong.""",
2167,第二幕·场景1,a2s1,33,,,旁白,"It's very strange to have my teacher whispering hoarsely into my ear like this, but his urgency has me listening.",
2168,第二幕·场景1,a2s1,35,ve,Veteris,台词,"""I know we told you to get close to Neferu, but make sure you do not sacrifice your own emotions for the jackal, or any other Khemian. Again, something is wrong.""",
2169,第二幕·场景1,a2s1,36,ve,Veteris,台词,"""We'll talk more tonight.""",
2170,第二幕·场景1,a2s1,37,,,旁白,"I straighten back up and nod, even though I'm unsure if it has to do with the suspiciously advanced tech or something else, I'm content to wait until later.",
2171,第二幕·场景1,a2s1,38,ve,Veteris,台词,"""Now, let's head into the palace!""",
2172,第二幕·场景1,a2s1,40,,,旁白,"His reedy voice trembles slightly, betraying his suppressed excitement despite his sudden concern seconds earlier.",
2173,第二幕·场景1,a2s1,41,,,旁白,"Veteris is a strange wolf, no question about that, but he's rarely shown concern or worry for me, and that alone is enough for me to heed his advice.",
2174,第二幕·场景1,a2s1,43,,,旁白,"I look around at the empty courtyard for a moment longer, trying to see what Veteris might be so worried about, but I have to give up after a few seconds and follow him into the palace.",
2175,第二幕·场景1,a2s1,52,,,旁白,"I'm first hit with the smell of something herbal with a hint of spice to it, an unfamiliar incense I can't place.",
2176,第二幕·场景1,a2s1,53,,,旁白,"My focus is on the walkway that stretches out before me, seeming to reach an impossible length.",
2177,第二幕·场景1,a2s1,54,m,Scipio,台词,"""The distance seems... excessive?""",
2178,第二幕·场景1,a2s1,55,,,旁白,Veteris waves his paw almost dismissively at the architecture.,
2179,第二幕·场景1,a2s1,56,ve,Veteris,台词,"""Remember Scipio, they use illusions to make their spaces seem larger than they are.""",
2180,第二幕·场景1,a2s1,57,m,Scipio,台词,"""Oh, yes.""",
2181,第二幕·场景1,a2s1,58,,,旁白,"Sure enough, I hear Brunis's voice, sounding much closer than I would have expected as we reach the end in under half a minute.",
2182,第二幕·场景1,a2s1,60,n,Neferu,台词,"""Skip! We almost came out to look for you two. You know someone with fur as thick as a wolf is at risk of heat stroke out here.""",
2183,第二幕·场景1,a2s1,61,m,Scipio,台词,"""Oh, we were just enjoying the scenery and architecture. Even the entrance is curious.""",
2184,第二幕·场景1,a2s1,63,n,Neferu,台词,"""Yes, it must be strange compared to Adastran architecture. Those who built the palace and other historical buildings on this planet did so based on the visions seen by early contact with our Parent.""",
2185,第二幕·场景1,a2s1,66,ve,Veteris,台词,"""The {i}Kemetarians{/i} are a mysterious bunch, aren't they?""",
2186,第二幕·场景1,a2s1,68,n,Neferu,台词,"""Aren't all Parents?""",
2187,第二幕·场景1,a2s1,70,ve,Veteris,台词,"""To differing degrees, yes.""",
2188,第二幕·场景1,a2s1,72,,,旁白,"I quickly fill the silence as I feel Veteris almost trying to provoke the answer he wants out of Neferu, which isn't going to work.",
2189,第二幕·场景1,a2s1,73,m,Scipio,台词,"""Well, I suppose with our Parent, the {i}Romanus{/i}, we know a little bit about them, such as their arrival to our galaxy in tandem with the {i}Galenians{/i}.""",
2190,第二幕·场景1,a2s1,76,,,旁白,"Brunis, deciding he safely wasn't of interest to Veteris anymore, finally relaxes and speaks up.",
2191,第二幕·场景1,a2s1,78,br,Brunis,台词,"""Yeah, we know more about your Parent than our own, but that's probably because of what happened between Adastra and Omorfa, right?""",
2192,第二幕·场景1,a2s1,80,m,Scipio,台词,"""Probably. You're speaking of the attempted interference by the Galenians and Romanus during our third war with Omorfa?""",
2193,第二幕·场景1,a2s1,82,ve,Veteris,台词,"""Oh yes, when they stopped our stretch drives from working and lit up our skies with omens of old wolven gods and pleas for peace.""",
2194,第二幕·场景1,a2s1,83,ve,Veteris,台词,"""Maybe that's why we're so behind technologically; Parents with no self-control!""",
2195,第二幕·场景1,a2s1,84,,,旁白,I just let Veteris talk at this point.,
2196,第二幕·场景1,a2s1,85,,,旁白,"While I know little about gathering information, maybe Veteris should have been learning himself.",
2197,第二幕·场景1,a2s1,87,n,Neferu,台词,"""I believe they were well-intentioned, but desperate. The deep bond between Omorfa's and Adastra's Parents created intense, emotional distress to the point that they broke their promise to sapient agency.""",
2198,第二幕·场景1,a2s1,89,n,Neferu,台词,"""That war was especially horrific. If there was a time to step in to stop senseless killing, that would have been it.""",
2199,第二幕·场景1,a2s1,93,ve,Veteris,台词,"""Most, including myself, believe the Kemetarians are the de facto leaders of the Parents, and likely brought the Romanus and Galenians to heel shortly after.""",
2200,第二幕·场景1,a2s1,95,br,Brunis,台词,"""I mean, didn't Khemia broker peace between Omorfa and Adastra like, right after that?""",
2201,第二幕·场景1,a2s1,97,ve,Veteris,台词,"""But likely with the guidance of your Parent, correct? You have a method of communication with them, I assume.""",
2202,第二幕·场景1,a2s1,99,n,Neferu,台词,"""Only pharaohs and the appropriate officials know the answers to those questions.""",
2203,第二幕·场景1,a2s1,100,,,旁白,I step in again.,
2204,第二幕·场景1,a2s1,101,m,Scipio,台词,"""The Kemetarians, don't they have a close relationship with the Taharkans' Parent, the {i}Kushari{/i}? They didn't come from the same Galaxy, did they?""",
2205,第二幕·场景1,a2s1,103,n,Neferu,台词,"""No, but they originated from the same uplifter, and by chance, met in this galaxy hundreds of millennia later.""",
2206,第二幕·场景1,a2s1,105,n,Neferu,台词,"""Seemingly not as complex or as close a relationship as Omorfa's and Adastra's Parents, but yes, some sort of bond developed early before this galaxias's history.""",
2207,第二幕·场景1,a2s1,109,ve,Veteris,台词,"""Which is why the lions came to your aid to win the second war between Adastra and Khemia! They are the second most advanced Sibling. That's rather curious, too.""",
2208,第二幕·场景1,a2s1,111,br,Brunis,台词,"""Well, yeah but that's because we, the Siblings, are also close allies.""",
2209,第二幕·场景1,a2s1,112,,,旁白,"Veteris's clumsy and scattered attempts to seemingly make the Khemians slip up is bewildering, and I'm having trouble following along myself.",
2210,第二幕·场景1,a2s1,113,,,旁白,"This talk of history, along with Sibling-Parent relations that are complex and hard to understand reminds me that I don't need to understand.",
2211,第二幕·场景1,a2s1,114,,,旁白,"I'm part of the plan, yes, but a small part that is currently spanning the cosmic microsecond that is my life.",
2212,第二幕·场景1,a2s1,115,,,旁白,{i}Promise to sapient agency...{/i},
2213,第二幕·场景1,a2s1,116,,,旁白,I take advantage of the lull in conversation to change the subject.,
2214,第二幕·场景1,a2s1,117,m,Scipio,台词,"""Neferu, do you know where or when I should meet Aya? She said she wanted to have a private conversation with me.""",
2215,第二幕·场景1,a2s1,119,n,Neferu,台词,"""No idea, and she never thinks to tell anyone. Her duties require her to be elsewhere several times throughout the day. She'll show up again soon, though.""",
2216,第二幕·场景1,a2s1,124,,,旁白,"I nod, and the conversation shifts to lighter things, such as when we can visit the city, and the news is surprising.",
2217,第二幕·场景1,a2s1,126,br,Brunis,台词,"""Actually, I was briefed by Ahm when we got here, and I guess a few extremist groups have become more... extreme. Security will have to be tight so probably no casual visits to the city.""",
2218,第二幕·场景1,a2s1,127,,,旁白,"My heart sinks in pure disappointment, and it must show on my face.",
2219,第二幕·场景1,a2s1,129,br,Brunis,台词,"""Sorry, Skip. Wish they'd told me while we were on Adastra. Feels like the whole planet changed while--""",
2220,第二幕·场景1,a2s1,131,n,Neferu,台词,"""Which groups, Brunis?""",
2221,第二幕·场景1,a2s1,133,br,Brunis,台词,"""Um, well, there's about two hundred thousand Omorfans on the planet, so that's gonna be a problem--""",
2222,第二幕·场景1,a2s1,134,m,Scipio,台词,"""Wait, that many? You know they want Adastrans to be abandoned, if not completely eliminated, right?""",
2223,第二幕·场景1,a2s1,138,br,Brunis,台词,"""There are a lot of Omorfan families who have lived here for generations, refugees from that second war, in fact.""",
2224,第二幕·场景1,a2s1,140,br,Brunis,台词,"""Still, before I left, a solid majority wanted a peaceful alliance with Adastra, but I guess there've been a bunch of protests over the past few months. I'll have to look into how the hell that happened.""",
2225,第二幕·场景1,a2s1,141,,,旁白,I've forgotten about my desire to see the city now.,
2226,第二幕·场景1,a2s1,142,,,旁白,Now it seems like our mission might not even be possible.,
2227,第二幕·场景1,a2s1,143,,,旁白,"It sounds like Khemia would have to risk its own security for the alliance, and what civilization would do that?",
2228,第二幕·场景1,a2s1,145,n,Neferu,台词,"""What of Khemian groups or organizations?""",
2229,第二幕·场景1,a2s1,149,br,Brunis,台词,"""Maybe we should talk about this--""",
2230,第二幕·场景1,a2s1,151,n,Neferu,台词,"""Ahm, what extremist groups are posing a threat to our Adastran visitors?""",
2231,第二幕·场景1,a2s1,152,ahm,Ahm,台词,"""There are a few, Neferu, but as Brunis mentioned, the main concern is the Omorfans currently residing on Khemia. {i}The Children of Sahira{/i}, are also a threat after an incident early yesterday that is currently under investigation and classified.""",
2232,第二幕·场景1,a2s1,156,br,Brunis,台词,"""We'll talk about it later, alright, Nef?""",
2233,第二幕·场景1,a2s1,158,n,Neferu,台词,"""No need.""",
2234,第二幕·场景1,a2s1,159,m,Scipio,台词,"""What's wrong? Do you know about that group?""",
2235,第二幕·场景1,a2s1,161,n,Neferu,台词,"""I will tell you when we are in a better location. It's something I find hard to talk about.""",
2236,第二幕·场景1,a2s1,162,,,旁白,"I look around and realize Veteris isn't around us anymore, hence why Neferu said that out loud.",
2237,第二幕·场景1,a2s1,163,,,旁白,"I feel a slight pang of nervousness not knowing where he is, but I remind myself he's the senior scholar here.",
2238,第二幕·场景1,a2s1,164,,,旁白,"Maybe the Khemians appreciate his forwardness, especially after seeing Ramoses's behavior.",
2239,第二幕·场景1,a2s1,165,m,Scipio,台词,"""We could go somewhere now, if you want?""",
2240,第二幕·场景1,a2s1,167,br,Brunis,台词,"""Not right now. I can hear Amicus and Ramoses coming back.""",
2241,第二幕·场景1,a2s1,168,,,旁白,"Sure enough, I hear them too as I perk my ears.",
2242,第二幕·场景1,a2s1,172,,,旁白,I quickly stand at attention as Amicus appears first.,
2243,第二幕·场景1,a2s1,174,,,旁白,"I can tell by his expression that he doesn't mean to stay, simply nodding at me and Veteris.",
2244,第二幕·场景1,a2s1,175,a,Amicus,台词,"""I'm going to check to see if messages have arrived from Adastra yet. We'll meet tonight at...""",
2245,第二幕·场景1,a2s1,176,ahm,Ahm,台词,"""Twenty-two hours are in a day, Amicus. Food will be offered at the seventeenth hour.""",
2246,第二幕·场景1,a2s1,178,a,Amicus,台词,"""Thank you, Ahm. We'll meet after dinner at the eighteenth hour.""",
2247,第二幕·场景1,a2s1,181,,,旁白,"Amicus then walks briskly down the hall, toward our sleeping quarters.",
2248,第二幕·场景1,a2s1,182,,,旁白,"My ears lower as I hear Ahm directing him through the halls, which are followed by his low growls of annoyance.",
2249,第二幕·场景1,a2s1,183,,,旁白,"There's a strange quiet in the air, and I turn and almost jump as I see Ramoses staring right at me.",
2250,第二幕·场景1,a2s1,185,,,旁白,"His muzzle is pointing lower now, and I think I understand why he makes a point of keeping his chin up.",
2251,第二幕·场景1,a2s1,186,,,旁白,His sunken cheeks and thick nose make his muzzle noticeably bulbous and heavy-looking.,
2252,第二幕·场景1,a2s1,187,,,旁白,"I quickly lower my gaze, waiting to see if he addresses me.",
2253,第二幕·场景1,a2s1,189,ram,Ramoses,台词,"""I apologize, but who are you exactly?""",
2254,第二幕·场景1,a2s1,190,,,旁白,I feel my face heat up underneath my fur.,
2255,第二幕·场景1,a2s1,191,,,旁白,"Even though he wouldn't know who I am, he asks the question in a way that sounds more like ""{i}why are you even here?{/i}""",
2256,第二幕·场景1,a2s1,192,m,Scipio,台词,"""I am Scipio, scholar of Khemian history and culture. I am a student of Veteris.""",
2257,第二幕·场景1,a2s1,195,ve,Veteris,台词,"""Brilliant student! Adastra's future must be present for such important things.""",
2258,第二幕·场景1,a2s1,197,,,旁白,Veteris's sudden reappearance is as mysterious as his disappearance before he's gone again.,
2259,第二幕·场景1,a2s1,198,,,旁白,"Either way, Ramoses seems to lose interest with that last part.",
2260,第二幕·场景1,a2s1,200,ram,Ramoses,台词,"""Interesting. Neferu! I need to converse with you in the throne room.""",
2261,第二幕·场景1,a2s1,202,n,Neferu,台词,"""Oh, right away your holy--""",
2262,第二幕·场景1,a2s1,204,ram,Ramoses,台词,"""Shut up!""",
2263,第二幕·场景1,a2s1,206,,,旁白,"I jump and quickly look away, wishing I'd followed Veteris to wherever the hell he went.",
2264,第二幕·场景1,a2s1,207,,,旁白,Even Brunis looks surprised.,
2265,第二幕·场景1,a2s1,210,ram,Ramoses,台词,"""I know you had a great deal of fun tormenting me when we were younger--""",
2266,第二幕·场景1,a2s1,214,ram,Ramoses,台词,"""But I am the vizier and you will treat me with respect, or you will leave. Your choice.""",
2267,第二幕·场景1,a2s1,215,,,旁白,"Neferu looks at his brother with an expression I can't quite describe, but it's deep and angry, and it's something I've never seen from Neferu before.",
2268,第二幕·场景1,a2s1,217,n,Neferu,台词,"""Very well.""",
2269,第二幕·场景1,a2s1,221,,,旁白,"And with that, Brunis and I are left to stare after the pair.",
2270,第二幕·场景1,a2s1,223,br,Brunis,台词,"""Guess things have changed.""",
2271,第二幕·场景1,a2s1,235,,,旁白,"Virginia sits at the garden on one of the benches under the shade of the trees, wanting a break from the almost oppressive stuffiness of the throne room.",
2272,第二幕·场景1,a2s1,236,,,旁白,"She knows she's supposed to be going through building and budget proposals from several minor cities, but she only finds herself staring at the page.",
2273,第二幕·场景1,a2s1,237,,,旁白,She can't stop thinking about the series of events that lead to this.,
2274,第二幕·场景1,a2s1,238,,,旁白,"While she's confident that Cassius's support will be enough to at least allow Adastra to function, she finds herself more concerned with what the other Siblings are doing.",
2275,第二幕·场景1,a2s1,239,,,旁白,It all seems so... odd.,
2276,第二幕·场景1,a2s1,240,,,旁白,"Everything is lining up too perfectly, and not in their favor.",
2277,第二幕·场景1,a2s1,241,,,旁白,Could this be the end of Adastra?,
2278,第二幕·场景1,a2s1,246,ca,Cassius,台词,"""Good afternoon, Sister. I have some good news--""",
2279,第二幕·场景1,a2s1,248,ca,Cassius,台词,"""--and maybe some bad news, but Lupus has agreed to cooperate if I become co-ruler with you.""",
2280,第二幕·场景1,a2s1,250,,,旁白,"A visceral shudder starts in the wolf's shoulders, but he squeezes his arms tighter together to hide it.",
2281,第二幕·场景1,a2s1,252,vi,Virginia,台词,"""Oh, Cass. I'm sorry you must go through this again, but you're doing work that I simply cannot do--""",
2282,第二幕·场景1,a2s1,254,ca,Cassius,台词,"""More like they don't allow you to do your work.""",
2283,第二幕·场景1,a2s1,256,ca,Cassius,台词,"""Are you alright? You look... unwell, the stresses of ruling a rebelling moon aside.""",
2284,第二幕·场景1,a2s1,257,,,旁白,"Virginia looks up at Cassius, at how he stands stiffly, arms crossed tightly, and can think back to all the times she'd seen him just like that growing up.",
2285,第二幕·场景1,a2s1,258,,,旁白,This is difficult for him to do.,
2286,第二幕·场景1,a2s1,259,,,旁白,"Not just politics and governance, but asking if she's alright.",
2287,第二幕·场景1,a2s1,260,,,旁白,"While her personality had been intentionally altered to feel less emotion, Cassius had experienced a childhood that made him hide from emotions.",
2288,第二幕·场景1,a2s1,261,,,旁白,"After their mother passed away, their father was always cold, even annoyed at the mere presence of Cassius.",
2289,第二幕·场景1,a2s1,262,,,旁白,He's grown into a deeply emotional man who pretends emotions don't affect him.,
2290,第二幕·场景1,a2s1,263,,,旁白,How could he not turn out that way?,
2291,第二幕·场景1,a2s1,265,vi,Virginia,台词,"""Not exactly, Cassius. I'm distracted by the behaviors of Omorfa and Hindi.""",
2292,第二幕·场景1,a2s1,266,vi,Virginia,台词,"""Can you tell me more about what happened on Omorfa, anything you overheard?""",
2293,第二幕·场景1,a2s1,268,ca,Cassius,台词,"""Well, once news came that Amicus was leaving for Khemia, there was a notable excitement in the air. Alex still being tied to politics allowed me some insight.""",
2294,第二幕·场景1,a2s1,270,ca,Cassius,台词,"""I distinctly remember hearing one of them say 'as long as the others fill their role, we can be done with all this.""",
2295,第二幕·场景1,a2s1,271,ca,Cassius,台词,"""I don't know who they were referring to specifically, but it sounded coordinated, hence why I escaped.""",
2296,第二幕·场景1,a2s1,272,vi,Virginia,台词,"""Hmm...""",
2297,第二幕·场景1,a2s1,273,,,旁白,Virginia reads a line on one of the documents and realizes she's read it at least ten times now.,
2298,第二幕·场景1,a2s1,275,ca,Cassius,台词,"""What do you make of it?""",
2299,第二幕·场景1,a2s1,279,,,旁白,"Virginia leans back, rubbing her brow vigorously, now realizing why that cretin triumvirate was pulling out his fur.",
2300,第二幕·场景1,a2s1,281,vi,Virginia,台词,"""First, I apologize for not being fully present when I should be driving the push to stabilize Adastra, but I can't help but think about external threats.""",
2301,第二幕·场景1,a2s1,282,vi,Virginia,台词,"""I have no doubt that co-ruling with you would bring instant order, but...""",
2302,第二幕·场景1,a2s1,284,,,旁白,"Virginia sits forward, looking Cassius in the eye.",
2303,第二幕·场景1,a2s1,285,vi,Virginia,台词,"""When was the last time the pharaoh made a public appearance? Or when has anyone seen him?""",
2304,第二幕·场景1,a2s1,287,ca,Cassius,台词,"""I'm not fully sure on that, but last I heard about him was maybe two years ago.""",
2305,第二幕·场景1,a2s1,289,vi,Virginia,台词,"""Did you hear he was visiting Omorfa? He was supposed to be there at the same time you were.""",
2306,第二幕·场景1,a2s1,293,ca,Cassius,台词,"""No, I didn't even hear mention of him, and I should have, considering where I was.""",
2307,第二幕·场景1,a2s1,295,vi,Virginia,台词,"""And he hasn't made any public appearance on Khemia for a year due to traveling the galaxy, for one reason or another. This is all based on the vizier's statements.""",
2308,第二幕·场景1,a2s1,299,ca,Cassius,台词,"""You think this has all been a setup?""",
2309,第二幕·场景1,a2s1,301,vi,Virginia,台词,"""Possibly, but if it is, I don't think that was the initial goal. Now, with the vizier in power and the pharaoh missing, who's not to say this is a plot to destroy Adastra?""",
2310,第二幕·场景1,a2s1,303,ca,Cassius,台词,"""This was coordinated by the Parents though, wasn't it? They couldn't possibly let it spiral to that extent, no matter how incompetent I think they are.""",
2311,第二幕·场景1,a2s1,305,vi,Virginia,台词,"""Perhaps they've given up? Either way, they say they will not interfere, but tend to do so anyway. All I know is that they can't be relied on to make this work.""",
2312,第二幕·场景1,a2s1,307,,,旁白,"Cassius is quiet, thinking.",
2313,第二幕·场景1,a2s1,309,ca,Cassius,台词,"""While it's hard to imagine Khemia being involved in treachery such as this, if they believe it's the only path to a stable Galaxias—like the Omorfans do—I suppose it's possible.""",
2314,第二幕·场景1,a2s1,313,vi,Virginia,台词,"""I'm seeing strange patterns in Lupas's finances. Wealth that came from a source with nowhere near that much money, or no source at all.""",
2315,第二幕·场景1,a2s1,315,vi,Virginia,台词,"""I believe they want a repeat of what happened three years ago, only far worse.""",
2316,第二幕·场景1,a2s1,318,ca,Cassius,台词,"""Well, we do have an escape plan in place, though I'm not sure where we'd go if Khemia isn't safe either. A Child settlement might be our only option.""",
2317,第二幕·场景1,a2s1,320,vi,Virginia,台词,"""I am not running and hiding for the rest of my life that way. In fact, I would rather die here on Adastra.""",
2318,第二幕·场景1,a2s1,322,ca,Cassius,台词,"""Well, I won't see you die here, otherwise I will as well. But for now, we should do our best to keep Adastra stable, and if it happens, we'll have a plan by then.""",
2319,第二幕·场景1,a2s1,324,vi,Virginia,台词,"""I truly hope I'm wrong. It does seem impossible that the Parents would allow this to happen, but... maybe they are in disarray as well?""",
2320,第二幕·场景1,a2s1,325,vi,Virginia,台词,"""Maybe the Romanus have been ousted, and maybe our moon will become as uninhabitable as the planet we orbit.""",
2321,第二幕·场景1,a2s1,329,ca,Cassius,台词,"""Virginia, please. Let's just focus on Adastra right now. You have enough to think about.""",
2322,第二幕·场景1,a2s1,330,ca,Cassius,台词,"""If it happens, then it happens. Our moon is well-fortified, and we've withstood attacks from almost all siblings trying to invade our moon.""",
2323,第二幕·场景1,a2s1,332,,,旁白,"Virginia holds back from telling Cassius that was likely only due to the fact that to defeat the wolves, total invasion and destruction would be required.",
2324,第二幕·场景1,a2s1,333,,,旁白,"Whether out of moral principle or possibly even exhaustion, each Sibling left with nothing signed, Adastra in ruins.",
2325,第二幕·场景1,a2s1,335,ca,Cassius,台词,"""Only Adastra can truly destroy itself, and I fear the consequences that will befall our people.""",
2326,第二幕·场景1,a2s1,336,ca,Cassius,台词,"""While I don't believe a full-scale invasion is possible, I doubt the Siblings would even attempt one, knowing what will happen, just like three years ago.""",
2327,第二幕·场景1,a2s1,338,vi,Virginia,台词,"""Do you have people in Lupas who can investigate further?""",
2328,第二幕·场景1,a2s1,340,ca,Cassius,台词,"""A few. I can at least ask them about Omorfans that might be living there. Lupas accepting help from Omorfa seems more far-fetched than anything else we've discussed.""",
2329,第二幕·场景1,a2s1,341,,,旁白,Virginia shrugs.,
2330,第二幕·场景1,a2s1,345,vi,Virginia,台词,"""Lupas's triumvirate system is corrupted to the point it's now run by only a few families, the wealthiest ones, of course.""",
2331,第二幕·场景1,a2s1,346,vi,Virginia,台词,"""And of course, Amicus couldn't just purge it because that practically guarantees bombs in the center of Adastra City until we relent.""",
2332,第二幕·场景1,a2s1,348,,,旁白,"Cassius becomes quiet, staring into the distance before speaking.",
2333,第二幕·场景1,a2s1,350,ca,Cassius,台词,"""It's a strange life we lead, Virginia. How did we get here?""",
2334,第二幕·场景1,a2s1,353,vi,Virginia,台词,"""Chance, consequence, and of course that bastard Potes who put us here.""",
2335,第二幕·场景1,a2s1,355,ca,Cassius,台词,"""At least one of our questions has an answer, eh? Now, we'll keep our ears to the ground, but in the meantime, I'll help you with signing off these documents.""",
2336,第二幕·场景1,a2s1,362,,,旁白,Dinner is interesting.,
2337,第二幕·场景1,a2s1,364,,,旁白,"First of all, we're alone, Neferu and Ramoses somehow still carrying on their meeting.",
2338,第二幕·场景1,a2s1,365,,,旁白,I hope Neferu is okay.,
2339,第二幕·场景1,a2s1,366,,,旁白,Those thoughts are quickly stolen by the food itself as I take my first bite.,
2340,第二幕·场景1,a2s1,367,,,旁白,"Veteris takes his at the same time, and then starts howling about the spiciness of it.",
2341,第二幕·场景1,a2s1,368,,,旁白,"Sure enough, my eyes water and my nose runs, and it only seems to get worse. The food, a poultry dish of some sort, is so spicy it numbs my tongue, while still managing to stay painful.",
2342,第二幕·场景1,a2s1,370,ve,Veteris,台词,"""Why in the world would anyone want to suffer agony while they eat?""",
2343,第二幕·场景1,a2s1,371,,,旁白,I can't help but agree with Veteris.,
2344,第二幕·场景1,a2s1,372,,,旁白,"While I enjoy some spice in my food, I don't enjoy being in pain, writhing in my seat as if trying to escape it.",
2345,第二幕·场景1,a2s1,374,,,旁白,"Despite Amicus's calm, straight face, his eyes and nose tell me he's experiencing the same thing.",
2346,第二幕·场景1,a2s1,375,m,Scipio,台词,"""I s-suppose there's an appeal to the rush of endorphins th--.""",
2347,第二幕·场景1,a2s1,376,,,旁白,I fall into a coughing fit.,
2348,第二幕·场景1,a2s1,378,ve,Veteris,台词,"""As appealing as the rush I get when I stub a claw!""",
2349,第二幕·场景1,a2s1,380,a,Amicus,台词,"""Well, at least the Khemians aren't here to enjoy our pain.""",
2350,第二幕·场景1,a2s1,382,ahm,Ahm,台词,"""Apologies, directions were followed according to Vizier Ramoses's specifications. {i}Dakhet en-Shemau{/i} can be prepared with a mild amount of spice.""",
2351,第二幕·场景1,a2s1,384,ve,Veteris,台词,"""Apply that to all dishes that are spicy.""",
2352,第二幕·场景1,a2s1,385,m,Scipio,台词,"""Yes, same please.""",
2353,第二幕·场景1,a2s1,387,a,Amicus,台词,"""Me as well.""",
2354,第二幕·场景1,a2s1,389,ahm,Ahm,台词,"""Noted, all future dishes for all wolves shall be mildly spicy.""",
2355,第二幕·场景1,a2s1,390,,,旁白,"After we eat the food surrounding the molten meat, which was admittedly delicious, Amicus and I wait for Veteris to finish while he still picks around the sides, despite them being meant for, I assume, cooling the mouth.",
2356,第二幕·场景1,a2s1,391,,,旁白,"Finally, Amicus stands and so do Veteris and I.",
2357,第二幕·场景1,a2s1,393,a,Amicus,台词,"""Ahm, please tell Ramoses the dinner was wonderful. And please avoid telling him about our struggle with the spice, we don't want to be rude.""",
2358,第二幕·场景1,a2s1,395,,,旁白,"Veteris elbows me in the thigh, which is the height his elbow is at.",
2359,第二幕·场景1,a2s1,397,ve,Veteris,台词,"""More like we don't want to give him the satisfaction, eh? He was probably looking forward to seeing us choke that down if Neferu hadn't pissed him off for whatever reason.""",
2360,第二幕·场景1,a2s1,401,,,旁白,"I just nod, then follow Amicus out into the halls of the palace.",
2361,第二幕·场景1,a2s1,402,a,Amicus,台词,"""Apparently there's a room just for discreet meetings, with background noise to ward off eavesdropping.""",
2362,第二幕·场景1,a2s1,404,,,旁白,"Amicus looks at a door, then startles slightly as it opens soundlessly and I can already hear sounds coming from within.",
2363,第二幕·场景1,a2s1,406,,,旁白,"Pools and fountains, decorative, and lavish, causing a cacophony of pleasant water sounds.",
2364,第二幕·场景1,a2s1,415,,,旁白,Amicus leads us to the center where benches sit and towels lie.,
2365,第二幕·场景1,a2s1,416,,,旁白,I use one to wipe off a bench while the others do the same.,
2366,第二幕·场景1,a2s1,417,,,旁白,Then Amicus focuses on us.,
2367,第二幕·场景1,a2s1,419,a,Amicus,台词,"""This was a mistake.""",
2368,第二幕·场景1,a2s1,420,,,旁白,"My eyes widen, and Veteris is silent for once.",
2369,第二幕·场景1,a2s1,422,a,Amicus,台词,"""Our meeting consisted of Ramoses listing off grievances we never discussed before and that he says needs to be addressed.""",
2370,第二幕·场景1,a2s1,424,a,Amicus,台词,"""Have any of you gotten a straight answer on what the pharaoh is doing, or where the hell he is?""",
2371,第二幕·场景1,a2s1,427,ve,Veteris,台词,"""Omorfa! Is what Ramsos or whatever said.""",
2372,第二幕·场景1,a2s1,428,m,Scipio,台词,"""Ramoses, Teacher.""",
2373,第二幕·场景1,a2s1,429,,,旁白,"I say it as respectfully as possible, bowing to him at the same time, actually worried he might get himself into big trouble around someone like Ramoses.",
2374,第二幕·场景1,a2s1,431,a,Amicus,台词,"""So he says, but there's no return date, or actual information out there that he's on Omorfa. That would be a headline on any galactic news channel.""",
2375,第二幕·场景1,a2s1,432,m,Scipio,台词,"""I would say maybe it's confidential, but if that were the case, Vizier Ramoses shouldn't have told us.""",
2376,第二幕·场景1,a2s1,434,ve,Veteris,台词,"""Like I told you, Scipio, something is wrong here.""",
2377,第二幕·场景1,a2s1,436,a,Amicus,台词,"""Best case scenario is that he's telling the truth and we simply have to put up with that pompous jackal. I don't know who the hell trained him, but they sure fucked up!""",
2378,第二幕·场景1,a2s1,437,,,旁白,I'm ashamed as I start to question my own emperor's ability to handle this situation.,
2379,第二幕·场景1,a2s1,438,,,旁白,"He can keep his emotions in check when needed, but when those walls drop, it seems all he feels is frustration, irritation, and anger.",
2380,第二幕·场景1,a2s1,439,,,旁白,"He wasn't always like this, according to Neferu.",
2381,第二幕·场景1,a2s1,441,a,Amicus,台词,"""Worst-case scenario? We're falling into a trap, but I trust the Parents and Khemians enough to hope that is impossible.""",
2382,第二幕·场景1,a2s1,443,ve,Veteris,台词,"""Stranger things have happened.""",
2383,第二幕·场景1,a2s1,445,a,Amicus,台词,"""Yes, and with Ramoses in control, it would be the only time such a move would make sense.""",
2384,第二幕·场景1,a2s1,446,m,Scipio,台词,"""Maybe we should have an escape ready, at the very least?""",
2385,第二幕·场景1,a2s1,448,ve,Veteris,台词,"""They tightly control all vehicles that have a stretch drive equipped.""",
2386,第二幕·场景1,a2s1,449,m,Scipio,台词,"""I... I believe that if such a thing were to happen, Neferu would help us obtain one, if he can.""",
2387,第二幕·场景1,a2s1,451,a,Amicus,台词,"""Oh yes, ask him, please. That would be at least one worry off my mind. The rest being the collapse of the plan.""",
2388,第二幕·场景1,a2s1,453,ve,Veteris,台词,"""Or Adastra as a whole!""",
2389,第二幕·场景1,a2s1,455,,,旁白,"Amicus shakes his head, like he doesn't want to believe anything.",
2390,第二幕·场景1,a2s1,456,a,Amicus,台词,"""If they even try... it will be the end of Galaxias as far as I'm concerned.""",
2391,第二幕·场景1,a2s1,457,,,旁白,"I don't know what that means, or what Amicus is thinking about, but my assurance that Neferu will help us seems to calm them, and it makes me feel useful.",
2392,第二幕·场景1,a2s1,461,,,旁白,"Amicus asks if we have anything more, and Veteris lists off a few things he found that seemed suspiciously advanced, such as the floating globe in the courtyard.",
2393,第二幕·场景1,a2s1,463,,,旁白,"I mention the extremist groups that Amicus seems surprised to hear about, maybe even a little mocking.",
2394,第二幕·场景1,a2s1,464,a,Amicus,台词,"""Weren't we always told there was no extremism on Khemia?""",
2395,第二幕·场景1,a2s1,465,,,旁白,"When the meeting is over, the mood is gloomy and dark.",
2396,第二幕·场景1,a2s1,466,,,旁白,"Despite knowing how unlikely it is, our mission has clearly shifted into something we never prepared for, and we can only hope it rights itself somehow.",
2397,第二幕·场景1,a2s1,467,,,旁白,Or that we're simply wrong.,
2398,第二幕·场景1,a2s1,477,,,旁白,"I sit alone in the courtyard, holding a uniquely shaped stone, one covered with eroded holes and spiky protrusions around it, but my mind is mostly blank.",
2399,第二幕·场景1,a2s1,478,,,旁白,"After the initial landing and introductions, followed by seeing Ramoses, then the meeting, my hopes for the mission have fallen significantly.",
2400,第二幕·场景1,a2s1,479,,,旁白,"I especially remember Ramoses's eyes burning into mine, asking me who I was.",
2401,第二幕·场景1,a2s1,480,,,旁白,"It seems to me that we should have waited until the pharaoh arrived, whenever that might be, because the vizier is so abrasive and strange that I don't think it's possible to negotiate anything fair with him.",
2402,第二幕·场景1,a2s1,481,,,旁白,And what's the point of me manipulating and prying into Neferu's life when he's so clearly out of favor amongst those who truly rule?,
2403,第二幕·场景1,a2s1,482,,,旁白,"Well, I like him, and we need a ship.",
2404,第二幕·场景1,a2s1,483,n,Neferu,台词,"""Hold still for a second.""",
2405,第二幕·场景1,a2s1,484,,,旁白,"Neferu's smooth, gentle voice makes my chest feel as if I've slipped on ice.",
2406,第二幕·场景1,a2s1,491,,,旁白,The feeling happens again as I glance back and I'm surprised to see that Neferu has no loincloth on.,
2407,第二幕·场景1,a2s1,492,,,旁白,"Rather, he's holding it in his right paw.",
2408,第二幕·场景1,a2s1,494,n,Neferu,台词,"""Close your eyes so I don't get sand in them.""",
2409,第二幕·场景1,a2s1,496,,,旁白,I do as I'm told and I hear and feel him sweep it on the ground next to me.,
2410,第二幕·场景1,a2s1,497,,,旁白,"I open my eyes and see a small creature, like a large beetle skittering away, and then I see the tail.",
2411,第二幕·场景1,a2s1,498,m,Scipio,台词,"""A scorpion!""",
2412,第二幕·场景1,a2s1,500,,,旁白,"I say it with a pup-like wonder that's a bit embarrassing, especially when Neferu laughs, but scorpions had become one of the symbols of Khemia that drew me to this planet before I'd even started proper schooling.",
2413,第二幕·场景1,a2s1,502,n,Neferu,台词,"""Sorry, I've just never heard someone excited over those creatures. Nothing wrong with being interested in them, but do keep an eye out when you're outside in the sands, especially at night.""",
2414,第二幕·场景1,a2s1,503,m,Scipio,台词,"""I completely forgot, thank you.""",
2415,第二幕·场景1,a2s1,505,,,旁白,"Neferu puts his loincloth back on, and I can't help but watch the ritualistic movements as he wraps it between his legs, over his thighs, then fastens the ornate clasp at the front.",
2416,第二幕·场景1,a2s1,508,n,Neferu,台词,"""So... why are you sitting out here alone and looking so gloomy?""",
2417,第二幕·场景1,a2s1,509,,,旁白,"I lean back on my paws, gripping through the sand that's still warm from the blazing heat of the day.",
2418,第二幕·场景1,a2s1,510,m,Scipio,台词,"""It's nice to be outside when it isn't too hot, especially for a wolf. Also, everyone is doing something else right now, so I'm just soaking in the Khemian air.""",
2419,第二幕·场景1,a2s1,512,,,旁白,Neferu inhales deeply.,
2420,第二幕·场景1,a2s1,513,n,Neferu,台词,"""I have missed the desert air, I have to admit.""",
2421,第二幕·场景1,a2s1,514,,,旁白,"We sit in silence for several minutes, and it feels good, but I'm too curious and worried not to ask.",
2422,第二幕·场景1,a2s1,515,m,Scipio,台词,"""That was a long meeting with your brother.""",
2423,第二幕·场景1,a2s1,517,n,Neferu,台词,"""Ugh! Yeah, he wanted every detail. I didn't tell him half of what happened though since he's not my father.""",
2424,第二幕·场景1,a2s1,518,m,Scipio,台词,"""When is your father going to be here, though? I don't think I've heard of what exactly he's doing in over a year...""",
2425,第二幕·场景1,a2s1,519,m,Scipio,台词,"""Not to say it's my business, but your brother saying he's on Omorfa is the only thing I've been told.""",
2426,第二幕·场景1,a2s1,521,n,Neferu,台词,"""Should be in the coming days, according to Ram. I'm not sure what my father is doing, but it's clearly something classified considering I've heard no news, nor have I seen him mentioned when visiting the other worlds.""",
2427,第二幕·场景1,a2s1,522,,,旁白,"I shift, trying to keep my tail from twitching, instead staring at the sky.",
2428,第二幕·场景1,a2s1,524,n,Neferu,台词,"""Heh, it's almost like you're waiting for your own father to land.""",
2429,第二幕·场景1,a2s1,526,,,旁白,I frown at the idea.,
2430,第二幕·场景1,a2s1,527,m,Scipio,台词,"""Definitely not my father, I'd be waiting for a crash-landing in that case.""",
2431,第二幕·场景1,a2s1,529,n,Neferu,台词,"""Oh, I'm sorry. I've never delved into your family life since you seemed a bit guarded about it.""",
2432,第二幕·场景1,a2s1,531,m,Scipio,台词,"""He was cruel to me and especially my mother before leaving and never coming back. But it was a good thing. It was peaceful with just me and my mother.""",
2433,第二幕·场景1,a2s1,533,n,Neferu,台词,"""Ah, maybe my family is right about me being too self-centered. I don't even realize that others around me have similar struggles.""",
2434,第二幕·场景1,a2s1,534,m,Scipio,台词,"""It's okay, I was very young so I had no real attachment to him... Neferu, if things became dangerous here, or if we become trapped, or even attacked here--""",
2435,第二幕·场景1,a2s1,536,n,Neferu,台词,"""What? Did something happen?""",
2436,第二幕·场景1,a2s1,537,m,Scipio,台词,"""No, I'm worried because your brother is a bit...""",
2437,第二幕·场景1,a2s1,539,n,Neferu,台词,"""Shitty?""",
2438,第二幕·场景1,a2s1,541,m,Scipio,台词,"""He doesn't demonstrate control over his emotions, and he seems to think being rude is part of ruling. I'm worried if your father doesn't show up, this mission will be a failure.""",
2439,第二幕·场景1,a2s1,542,m,Scipio,台词,"""And his hostility honestly has me worried, and I'm hoping there is a way out of here in case something happens.""",
2440,第二幕·场景1,a2s1,544,,,旁白,"Neferu seems to think, seems to figure out everything we Adastrans are worried about.",
2441,第二幕·场景1,a2s1,546,n,Neferu,台词,"""The last time I saw my father must have been three years ago, and the times I did see him were very brief, usually to give me some sort of task. This is nothing unusual for him to do.""",
2442,第二幕·场景1,a2s1,548,n,Neferu,台词,"""But yes, he has a far better temperament than my brother. Still, Ram is solidly behind the alliance, that I at least know to be true.""",
2443,第二幕·场景1,a2s1,549,m,Scipio,台词,"""You do?""",
2444,第二幕·场景1,a2s1,551,n,Neferu,台词,"""Yes. He's worked his entire life to this point. Why would he throw it away and risk derailing the entire Galaxias, which is what would happen.""",
2445,第二幕·场景1,a2s1,552,m,Scipio,台词,"""But just in case, would you help us, even... even if your brother would not want it.""",
2446,第二幕·场景1,a2s1,554,n,Neferu,台词,"""Of course, Scipio. I would have to come with you, since a scenario like that would definitely end in my banishment, but I think we'd have bigger issues to worry about in that case.""",
2447,第二幕·场景1,a2s1,556,,,旁白,"That relieves me, and I reach out, hugging him around the shoulders, Khemian-style.",
2448,第二幕·场景1,a2s1,557,m,Scipio,台词,"""Thank you, Neferu. That makes me feel a lot better.""",
2449,第二幕·场景1,a2s1,558,,,旁白,He hugs back twice as hard.,
2450,第二幕·场景1,a2s1,560,n,Neferu,台词,"""But really, try not to worry. Ramo is a unique personality, simultaneously ambitious, but stupid.""",
2451,第二幕·场景1,a2s1,561,,,旁白,I snort unintentionally.,
2452,第二幕·场景1,a2s1,562,m,Scipio,台词,"""Gods, Neferu, that's cold.""",
2453,第二幕·场景1,a2s1,564,n,Neferu,台词,"""That's simply how the truth feels, Skip. Anyway, I would be more worried about possible Omorfan saboteurs than anything else.""",
2454,第二幕·场景1,a2s1,566,,,旁白,That reminds me of something.,
2455,第二幕·场景1,a2s1,567,m,Scipio,台词,"""So what are these groups that might cause us harm? I thought Khemia was mostly free of radicalism?""",
2456,第二幕·场景1,a2s1,569,,,旁白,Neferu's mood dampens visibly.,
2457,第二幕·场景1,a2s1,570,n,Neferu,台词,"""There are extremists everywhere, of course, but they've never been this bold.""",
2458,第二幕·场景1,a2s1,571,n,Neferu,台词,"""Much like some of your cities, like Lupas, fringe groups flourish on parts of this planet that must be gently handled, and perhaps it was too gentle.""",
2459,第二幕·场景1,a2s1,572,m,Scipio,台词,"""Lux has the same issue.""",
2460,第二幕·场景1,a2s1,573,,,旁白,"But then I have the same issue, in the opposite direction, willing to watch the uneducated men of Lux stuffed into their disgusting taverns and set ablaze, just like they did to the schools.",
2461,第二幕·场景1,a2s1,575,n,Neferu,台词,"""To be fair, Lux was practically set up for such conditions. But times are changing in the Galaxias, and I... I need to tell you about one of those groups, but honestly I need a bit more time to explain myself.""",
2462,第二幕·场景1,a2s1,577,m,Scipio,台词,"""You were part of one?""",
2463,第二幕·场景1,a2s1,579,n,Neferu,台词,"""In my youth, but it's caused me tremendous grief and I regret it deeply.""",
2464,第二幕·场景1,a2s1,581,,,旁白,"The heaviness in Neferu's voice makes me wonder how far he went, if he hurt people.",
2465,第二幕·场景1,a2s1,582,,,旁白,A clicking sound mixed with scraping is heard as I grip the rock too tightly and chip the claw on my middle finger.,
2466,第二幕·场景1,a2s1,583,,,旁白,I hardly notice.,
2467,第二幕·场景1,a2s1,584,,,旁白,"I'm honestly shocked to think someone like Neferu would join a group like that, but I know my reaction is important, and like he said; times are changing, and that's because people do too.",
2468,第二幕·场景1,a2s1,585,m,Scipio,台词,"""No problem. Maybe you can tell me after you've had a little time to think on it?""",
2469,第二幕·场景1,a2s1,587,n,Neferu,台词,"""Yeah.""",
2470,第二幕·场景1,a2s1,588,m,Scipio,台词,"""So why is he so, um, abrasive?""",
2471,第二幕·场景1,a2s1,589,,,旁白,Neferu easily adjusts to the change of subject.,
2472,第二幕·场景1,a2s1,591,n,Neferu,台词,"""Because that's who he is. Especially with father not around, he's feeling more bold and more stressed out from the position he's in.""",
2473,第二幕·场景1,a2s1,593,,,旁白,I ponder that.,
2474,第二幕·场景1,a2s1,594,m,Scipio,台词,"""I suppose that makes sense. I'm surprised he snubbed us upon our landing though. Isn't that reserved for those you don't like, to tell them their time is not important to you?""",
2475,第二幕·场景1,a2s1,596,n,Neferu,台词,"""I think he just enjoys having any sort of power, especially considering how weak he was as a pup.""",
2476,第二幕·场景1,a2s1,597,m,Scipio,台词,"""Oh... Why did your father choose him as the successor, then?""",
2477,第二幕·场景1,a2s1,598,,,旁白,"Power hungry, irritable, and even cruel while holding onto past grudges; this has all the makings of a mad emperor, or pharaoh, in this case.",
2478,第二幕·场景1,a2s1,600,n,Neferu,台词,"""Actually, I'm pretty sure he's preparing my oldest sister for it.""",
2479,第二幕·场景1,a2s1,601,,,旁白,That gets my attention.,
2480,第二幕·场景1,a2s1,602,m,Scipio,台词,"""Really? He should, because I think anyone in your family is better suited to becoming pharaoh than he is.""",
2481,第二幕·场景1,a2s1,604,n,Neferu,台词,"""They'd have to chain me to the throne. But now that Ram is messing things up so badly, Henut can finally--""",
2482,第二幕·场景1,a2s1,605,aya,Aya,台词,"""Neferu!""",
2483,第二幕·场景1,a2s1,609,,,旁白,"I turn and see Aya, and my mood lifts, seeing someone who had been kind to me aside from Neferu and Brunis.",
2484,第二幕·场景1,a2s1,616,aya,Aya,台词,"""You can't just share sensitive family secrets that I tell you. You're going to get me in trouble!""",
2485,第二幕·场景1,a2s1,618,n,Neferu,台词,"""Relax, Aya. We can trust Skip.""",
2486,第二幕·场景1,a2s1,620,aya,Aya,台词,"""Luckily.""",
2487,第二幕·场景1,a2s1,640,,,旁白,She turns to me.,
2488,第二幕·场景1,a2s1,642,aya,Aya,台词,"""Anyway, did you want to learn a bit more about what's going on, Scipio?""",
2489,第二幕·场景1,a2s1,643,m,Scipio,台词,"""Oh, yes, of course!""",
2490,第二幕·场景1,a2s1,644,,,旁白,"I get up, brushing the sand from my robes.",
2491,第二幕·场景1,a2s1,646,n,Neferu,台词,"""I assume I'm not allowed to come?""",
2492,第二幕·场景1,a2s1,648,aya,Aya,台词,"""Of course not.""",
2493,第二幕·场景1,a2s1,652,n,Neferu,台词,"""Well, I suppose I will just have to wait alone. If you're still up for talking and it's not too late, you can come by my sleeping quarters if you like.""",
2494,第二幕·场景1,a2s1,654,aya,Aya,台词,"""I knew it. Neferu, why didn't you just tell me he's your boyfriend? I could tell right away.""",
2495,第二幕·场景1,a2s1,656,,,旁白,I shift uncomfortably as Neferu glances at me.,
2496,第二幕·场景1,a2s1,657,aya,Aya,台词,"""Oh, sorry. I'm such a Khemian. Whatever you guys are, it's good for you, Neferu.""",
2497,第二幕·场景1,a2s1,659,n,Neferu,台词,"""Ahem, thanks, Aya.""",
2498,第二幕·场景1,a2s1,660,,,旁白,He turns to me.,
2499,第二幕·场景1,a2s1,662,n,Neferu,台词,"""I still do want to answer your question, when you have time.""",
2500,第二幕·场景1,a2s1,663,m,Scipio,台词,"""Of course, Neferu.""",
2501,第二幕·场景1,a2s1,664,,,旁白,Now he turns to Aya.,
2502,第二幕·场景1,a2s1,666,n,Neferu,台词,"""And don't take this the wrong way, Aya, but don't do anything that might be strange or weird, alright?""",
2503,第二幕·场景1,a2s1,669,aya,Aya,台词,"""Nothing strange or weird. Scipio already knows most of this stuff.""",
2504,第二幕·场景1,a2s1,671,n,Neferu,台词,"""Alright! I'll talk to you later Skip.""",
2505,第二幕·场景1,a2s1,682,,,旁白,"I follow Aya through the palace, the halls quiet to a degree that's almost suffocating.",
2506,第二幕·场景1,a2s1,683,,,旁白,I try to fill the silence by commenting on it.,
2507,第二幕·场景1,a2s1,684,m,Scipio,台词,"""It's very quiet in this palace, in general, I mean.""",
2508,第二幕·场景1,a2s1,686,aya,Aya,台词,"""You have my father to thank for that. He had a very difficult time paying attention when there were distracting sounds. He had most of the palace's surfaces covered in a layer of nanomaterial that absorbs and cancels the sound.""",
2509,第二幕·场景1,a2s1,687,m,Scipio,台词,"""I see.""",
2510,第二幕·场景1,a2s1,689,,,旁白,I wonder if we even have the resources to create such nanotech.,
2511,第二幕·场景1,a2s1,690,,,旁白,"We finally come to a stop at an inconspicuous door, though there are hieroglyphs, ancient ones, surrounding the door that hint at something more beyond.",
2512,第二幕·场景1,a2s1,691,,,旁白,"Aya stops suddenly, as if remembering something, and turns to me.",
2513,第二幕·场景1,a2s1,693,,,旁白,She takes a moment to look me over.,
2514,第二幕·场景1,a2s1,695,aya,Aya,台词,"""Okay, do you have any idea what this might be about, Scipio?""",
2515,第二幕·场景1,a2s1,696,m,Scipio,台词,"""Not confidently, but I think it must have to do with your ability to speak with me in my head over long distances.""",
2516,第二幕·场景1,a2s1,698,aya,Aya,台词,"""It does, yes, but much, much more than that. Scipio, you have specific abilities that have gone undetected until now.""",
2517,第二幕·场景1,a2s1,699,aya,Aya,台词,"""This is usually the case, but Khemia has recently achieved the ability to measure and detect it.""",
2518,第二幕·场景1,a2s1,700,,,旁白,"I wonder if these abilities are simply talents, like maybe my good grasp of history.",
2519,第二幕·场景1,a2s1,701,m,Scipio,台词,"""I'm not sure you have the right wolf, Aya, I don't think I--""",
2520,第二幕·场景1,a2s1,702,aya,Aya,台词,"""Have you ever met someone who did the same as I, or experienced the same as you?""",
2521,第二幕·场景1,a2s1,703,m,Scipio,台词,"""...No. Was it unusual that I was able to hear you?""",
2522,第二幕·场景1,a2s1,704,aya,Aya,台词,"""Very. But the most important question I have is if you want to learn more, or leave it at that. While it's not dangerous, it seems you're having negative experiences related to this ability.""",
2523,第二幕·场景1,a2s1,705,m,Scipio,台词,"""Do you mean like {i}ahewawi{/i}?""",
2524,第二幕·场景1,a2s1,707,aya,Aya,台词,"""Oh, no, not that specifically.""",
2525,第二幕·场景1,a2s1,708,,,旁白,"I see Aya moving away from the door, taking steps toward me, and I think she's second-guessing herself.",
2526,第二幕·场景1,a2s1,710,aya,Aya,台词,"""Is it bad for you? I can help you find resources for treatment, or let Neferu know so he can--""",
2527,第二幕·场景1,a2s1,712,,,旁白,"I let out a fake laugh, one that I think sounds genuine, though it's hard to tell with how the walls suck up the sound of it.",
2528,第二幕·场景1,a2s1,713,m,Scipio,台词,"""Oh no, that's just what came to mind. I have a mild case of it that causes negative moments in my life, so I thought that might be it.""",
2529,第二幕·场景1,a2s1,715,aya,Aya,台词,"""I see. I haven't prodded further into your past out of respect, but I can sense some unresolved pain.""",
2530,第二幕·场景1,a2s1,716,aya,Aya,台词,"""I just want to warn that sometimes the experience can be intense and outside forces may take advantage of this.""",
2531,第二幕·场景1,a2s1,718,,,旁白,"There's a pause, and I blink at Aya, waiting to learn more about these outside forces.",
2532,第二幕·场景1,a2s1,720,aya,Aya,台词,"""I know this all sounds very confusing, but there are a few rules that must be followed so what happens beyond this door cannot be discussed with anyone except me. I just want to forewarn you and give you a chance to back out.""",
2533,第二幕·场景1,a2s1,723,,,旁白,This is all becoming much more serious than I had initially expected.,
2534,第二幕·场景1,a2s1,724,,,旁白,"Still, the mysterious nature of it all, and the almost frustrating ambiguity makes me feel as if I can't back out now.",
2535,第二幕·场景1,a2s1,725,m,Scipio,台词,"""I understand. I would like to know more, and I'll make sure to keep it confidential.""",
2536,第二幕·场景1,a2s1,727,aya,Aya,台词,"""Alright, we'll do the official oaths once we're settled.""",
2537,第二幕·场景1,a2s1,729,,,旁白,Aya steps toward the door again and Ahm speaks up.,
2538,第二幕·场景1,a2s1,731,ahm,Ahm,台词,"""Aya, Scipio is unauthorized to have access to this room.""",
2539,第二幕·场景1,a2s1,733,aya,Aya,台词,"""Please grant him access for a single entry, please.""",
2540,第二幕·场景1,a2s1,735,ahm,Ahm,台词,"""Very well.""",
2541,第二幕·场景1,a2s1,736,,,旁白,Aya looks over her shoulder at me.,
2542,第二幕·场景1,a2s1,738,aya,Aya,台词,"""I'll make it permanent depending on how well this goes. Don't worry though, just normal precautions.""",
2543,第二幕·场景1,a2s1,739,,,旁白,"I nod, simultaneously checking my body language, stilling my tail, keeping my ears up, and my shoulders loose.",
2544,第二幕·场景1,a2s1,740,aya,Aya,台词,"""And don't worry about the sound you hear as you pass through the door. It's all part of the process.""",
2545,第二幕·场景1,a2s1,742,,,旁白,"I lower my ears, about to ask Aya what exactly that noise was doing when I see the room.",
2546,第二幕·场景1,a2s1,749,,,旁白,It's almost like I've entered a dream and the walls of this room seem to fade out into the distance.,
2547,第二幕·场景1,a2s1,751,,,旁白,"Lines and curves are hazy and undefined, and there's a sort of pressure in the air.",
2548,第二幕·场景1,a2s1,753,aya,Aya,台词,"""So, what you're feeling right now is the {i}veil thinner{/i}. If you remember, the stretch drive makes it easier to communicate in this way. That sound, the feeling you have, makes this process much easier.""",
2549,第二幕·场景1,a2s1,755,m,Scipio,台词,"""I see.""",
2550,第二幕·场景1,a2s1,756,,,旁白,I don't have anything to add because I never have anything to add to these things.,
2551,第二幕·场景1,a2s1,757,,,旁白,"It's fascinating, unnerving, and uncomfortable all at the same time.",
2552,第二幕·场景1,a2s1,761,aya,Aya,台词,"""I'll start with the basics. We'll take an oath. It will sound serious, but really it keeps a sense of trust and openness in the realm we enter while preparing the mind for calm, sacred work.""",
2553,第二幕·场景1,a2s1,762,aya,Aya,台词,"""By the royal blood of my family line, and the ocean of the Amalgamation, the words spoken in this room are sealed.""",
2554,第二幕·场景1,a2s1,763,aya,Aya,台词,"""Now go ahead and repeat something along those lines.""",
2555,第二幕·场景1,a2s1,765,,,旁白,I feel a bit of panic as I try to think of an appropriate and earnest-sounding oath of my own.,
2556,第二幕·场景1,a2s1,766,m,Scipio,台词,"""By the sacred tasks of my imperial duties, and until the silence that follows my last breath, all that is spoken within this room is sealed.""",
2557,第二幕·场景1,a2s1,767,,,旁白,I'm relieved that Aya seems pleased with this.,
2558,第二幕·场景1,a2s1,769,aya,Aya,台词,"""Alright, so here we go. I am the current {i}sakhaet{/i} of Khemia, the 83rd in a long line post-Ahhotep's Unification.""",
2559,第二幕·场景1,a2s1,771,,,旁白,"Sakhaet sounds familiar, and based on my limited knowledge of the Khemian language, something involving transmission or communication along with a hint of divinity or vast spaces.",
2560,第二幕·场景1,a2s1,773,aya,Aya,台词,"""My main purpose, which began in my fifteenth year, is to communicate with the Parents.""",
2561,第二幕·场景1,a2s1,775,,,旁白,"I'm quiet at first, in case she has more to say, and also to think about that.",
2562,第二幕·场景1,a2s1,776,,,旁白,"When she doesn't say more, I realize she's giving me an opportunity to ask questions.",
2563,第二幕·场景1,a2s1,777,m,Scipio,台词,"""I see. From my understanding, the Parents are not just on a different plane of existence, but are also difficult to communicate with, even directly, but that's impossible as far as I know.""",
2564,第二幕·场景1,a2s1,779,aya,Aya,台词,"""That's true, however, I don't communicate with them through words, but rather through feelings and guidance.""",
2565,第二幕·场景1,a2s1,781,m,Scipio,台词,"""You do this without tech or any other form of assistance?""",
2566,第二幕·场景1,a2s1,783,aya,Aya,台词,"""Yes.""",
2567,第二幕·场景1,a2s1,785,m,Scipio,台词,"""I see. What of the Monitors? Can they not do the same thing?""",
2568,第二幕·场景1,a2s1,787,aya,Aya,台词,"""They can, and they're far better at it, but their methods are fully controlled and authorized by the Parents. This method allows for more direct and quick communication.""",
2569,第二幕·场景1,a2s1,788,m,Scipio,台词,"""And they talk to you willingly?""",
2570,第二幕·场景1,a2s1,790,aya,Aya,台词,"""So that's where it gets really interesting. While they don't talk to me, or even acknowledge me, I can {i}feel{/i} their motives or emotions to an extent. There is still communication to some extent, but it's hard to describe.""",
2571,第二幕·场景1,a2s1,791,aya,Aya,台词,"""It can be difficult to piece together, but it has been a great asset to Khemian civilization as a whole.""",
2572,第二幕·场景1,a2s1,792,m,Scipio,台词,"""Is, erm... Is that why you're so technologically advanced?""",
2573,第二幕·场景1,a2s1,794,aya,Aya,台词,"""Hm, I've never personally been able to glean insights into technology, though it's possible past sakhaets have been able to, especially if they were tech-savvy.""",
2574,第二幕·场景1,a2s1,795,,,旁白,"Probably not, then.",
2575,第二幕·场景1,a2s1,796,,,旁白,"I then do some quick math in my head, considering the unification happened five thousand years earlier than Adastra.",
2576,第二幕·场景1,a2s1,797,m,Scipio,台词,"""Is it a lifetime position, if it's held for over 150 years on average?""",
2577,第二幕·场景1,a2s1,799,aya,Aya,台词,"""Generally, though there have been gaps, and some choose to leave once another is found.""",
2578,第二幕·场景1,a2s1,801,m,Scipio,台词,"""Do you wish to leave?""",
2579,第二幕·场景1,a2s1,803,,,旁白,"My questions are a bit bold, and I remind myself that she is still in a position far above mine, even if her demeanor causes me to forget that she's not a child.",
2580,第二幕·场景1,a2s1,805,aya,Aya,台词,"""Not yet, though I've only been doing this for five years, so I suppose my mind might change in a hundred.""",
2581,第二幕·场景1,a2s1,806,m,Scipio,台词,"""Understood. So you sensed that I might be the same? Do you know everyone who has these abilities then, just by sensing them?""",
2582,第二幕·场景1,a2s1,808,aya,Aya,台词,"""No, but I believe that your closeness to my brother, and my fate in general, are what tied me to you, in a way.""",
2583,第二幕·场景1,a2s1,809,m,Scipio,台词,"""How well known is this? Do other Siblings have their own sakhaets?""",
2584,第二幕·场景1,a2s1,811,aya,Aya,台词,"""Yes, the Hindo have an ancient tradition surrounding it, while the Omorfans still use hallucinogens from plant life to reach a similar state.""",
2585,第二幕·场景1,a2s1,812,aya,Aya,台词,"""The Taharkans call theirs the {i}dakhur{/i}, and they understand it in a very similar way to Khemians. I sometimes talk to the current dakhur, in fact.""",
2586,第二幕·场景1,a2s1,814,m,Scipio,台词,"""You do talk to others, then?""",
2587,第二幕·场景1,a2s1,816,aya,Aya,台词,"""Only ones with the same gift and after I've formed a bond with them. He's a friend of mine. He's interested in meeting you at some point.""",
2588,第二幕·场景1,a2s1,817,m,Scipio,台词,"""Oh.""",
2589,第二幕·场景1,a2s1,818,,,旁白,"I've never met a lion before, and doing so in this state is intimidating.",
2590,第二幕·场景1,a2s1,820,aya,Aya,台词,"""But don't worry. We'll do all that next time.""",
2591,第二幕·场景1,a2s1,821,m,Scipio,台词,"""Sounds good. So, to be clear, Neferu doesn't know what you do, right? He seemed surprised that you were communicating with me at all.""",
2592,第二幕·场景1,a2s1,823,aya,Aya,台词,"""Was he upset? It would be just like him.""",
2593,第二幕·场景1,a2s1,824,m,Scipio,台词,"""Couldn't you sense it?""",
2594,第二幕·场景1,a2s1,826,aya,Aya,台词,"""Remember, I can only read people with similar gifts who I know personally, you being the exception.""",
2595,第二幕·场景1,a2s1,828,,,旁白,She explains it to me patiently.,
2596,第二幕·场景1,a2s1,829,m,Scipio,台词,"""That's right, sorry. So how much of this can I say to anyone? And specifically, someone like Neferu?""",
2597,第二幕·场景1,a2s1,830,,,旁白,"I don't bring up Amicus of course, and not only because I know the answer is no.",
2598,第二幕·场景1,a2s1,831,,,旁白,This may be something I never tell anyone about.,
2599,第二幕·场景1,a2s1,833,aya,Aya,台词,"""Neferu knows I communicate with the Parents, but that is all. You'll sort of be able to tell what you can and can't share.""",
2600,第二幕·场景1,a2s1,834,aya,Aya,台词,"""As for your emperor and Adastra as a whole, the same applies. I only ask you to participate in three sessions, this being one of them, before you consider telling them. This is only so you have a broader understanding of its significance and impact.""",
2601,第二幕·场景1,a2s1,835,aya,Aya,台词,"""Though we are about to take an oath, if you ever feel your safety or health are at risk, do not hesitate to ask for help or reveal information you feel might be crucial to help others.""",
2602,第二幕·场景1,a2s1,837,aya,Aya,台词,"""Be warned though, that if you choose to be fully open to your envoy, you will be dropped from training.""",
2603,第二幕·场景1,a2s1,839,,,旁白,"I hope she tells me how she'd know, but she doesn't.",
2604,第二幕·场景1,a2s1,840,,,旁白,"I shift from foot to foot, trying to make it look like I'm just loosening up.",
2605,第二幕·场景1,a2s1,841,m,Scipio,台词,"""I don't think the wolves have ever had such a position, or recognition of such abilities. Older religions might have, but it was achieved the same way as the cats.""",
2606,第二幕·场景1,a2s1,842,,,旁白,Aya nods.,
2607,第二幕·场景1,a2s1,844,aya,Aya,台词,"""Wolves aren't the only Siblings who don't recognize the value of sapients with more... flexible minds.""",
2608,第二幕·场景1,a2s1,845,m,Scipio,台词,"""I see.""",
2609,第二幕·场景1,a2s1,847,aya,Aya,台词,"""And I must admit, it would be much more tolerable if I had someone to talk to and discuss these topics with other than just the dakhur.""",
2610,第二幕·场景1,a2s1,849,aya,Aya,台词,"""With an alliance forming, this would be a good bond to share for all three of us.""",
2611,第二幕·场景1,a2s1,850,aya,Aya,台词,"""And that's why you're somewhat unique, and why I have so much interest in you. I sensed and found you before I met you. It feels intentional.""",
2612,第二幕·场景1,a2s1,852,m,Scipio,台词,"""Is there intention behind this? Like do the Parents somehow control it? Sorry, I'm just trying to make some sense of this.""",
2613,第二幕·场景1,a2s1,854,aya,Aya,台词,"""While I don't believe the Parents control it, I do think it has to do with how they exist. The mind is sort of able to move through different planes, similar to what the Parents do.""",
2614,第二幕·场景1,a2s1,856,m,Scipio,台词,"""Is there a lot to learn?""",
2615,第二幕·场景1,a2s1,858,aya,Aya,台词,"""A little bit, but that's the great part. I got the hang of it within a few sessions, which is the norm, from what I've been told.""",
2616,第二幕·场景1,a2s1,859,,,旁白,"It must be a natural talent she believes I have then, which I both hope to disprove, and prove at the same time.",
2617,第二幕·场景1,a2s1,860,m,Scipio,台词,"""I see. Okay, so how do you do it?""",
2618,第二幕·场景1,a2s1,861,,,旁白,I'm almost eager now.,
2619,第二幕·场景1,a2s1,863,aya,Aya,台词,"""Now that's where people differ the most. You have to find your {i}key{/i}. This will unlock and lock the {i}gate{/i} you will open. I think you already know yours, Scipio.""",
2620,第二幕·场景1,a2s1,865,m,Scipio,台词,"""Meditation?""",
2621,第二幕·场景1,a2s1,867,aya,Aya,台词,"""Precisely! So, you already have your key. You have unlocked and locked the gate before, so you already have some experience.""",
2622,第二幕·场景1,a2s1,868,m,Scipio,台词,"""Interesting...""",
2623,第二幕·场景1,a2s1,869,,,旁白,"I remember the comment she made to Neferu about rumors of her being schizophrenic, and part of me wonders if this is all one big delusion.",
2624,第二幕·场景1,a2s1,870,,,旁白,"I doubt that it is, but my mind struggles trying to process this conversation that would be laughed at by the others.",
2625,第二幕·场景1,a2s1,871,m,Scipio,台词,"""What is your key, if you don't mind me asking?""",
2626,第二幕·场景1,a2s1,873,aya,Aya,台词,"""Mine is palm-reading. Dakhur Zanmek's is through holding certain stones and crystals that he feels energy from.""",
2627,第二幕·场景1,a2s1,874,aya,Aya,台词,"You do eventually learn to access the gate without the ritual you once used, though Zanmek still holds crystals during communication for his grounding technique.""",
2628,第二幕·场景1,a2s1,875,aya,Aya,台词,"""Still, we practice our keys from time to time to keep us spiritually awake and practiced.""",
2629,第二幕·场景1,a2s1,877,,,旁白,"A sudden realization hits me, and I reflexively clench and open my paw.",
2630,第二幕·场景1,a2s1,878,m,Scipio,台词,"""Is that what you were doing when we first met?""",
2631,第二幕·场景1,a2s1,880,aya,Aya,台词,"""Heh, yeah, you caught me. I know it was strange, but I didn't plan to hang on that long.""",
2632,第二幕·场景1,a2s1,881,aya,Aya,台词,"""It was just a surprise when I felt your energy for the first time. I was having a hard time deciphering what it was telling me.""",
2633,第二幕·场景1,a2s1,882,,,旁白,"I want to ask if that's a good or bad thing, but I notice Aya staring at my paws, and I stand straighter while clearing my throat.",
2634,第二幕·场景1,a2s1,883,m,Scipio,台词,"""Did you want to read it again?""",
2635,第二幕·场景1,a2s1,884,,,旁白,I offer a paw.,
2636,第二幕·场景1,a2s1,888,aya,Aya,台词,"""Actually, yeah. Thanks Scipio. It will put me in the right head space, and then we can start on your key.""",
2637,第二幕·场景1,a2s1,890,aya,Aya,台词,"""Remember, though; I'm not telling you your future, but rather the feeling I get about the current path you're on, and people change paths multiple times in life.""",
2638,第二幕·场景1,a2s1,891,aya,Aya,台词,"""It's the key to the gate that matters most.""",
2639,第二幕·场景1,a2s1,892,,,旁白,"Aya gently holds my paw, again feeling it more than looking at it.",
2640,第二幕·场景1,a2s1,894,aya,Aya,台词,"""I'd use powder to better see the creases in your pads, but since I don't have my palmistry kit with me, I'm just going to go off mounts.""",
2641,第二幕·场景1,a2s1,895,m,Scipio,台词,"""Mounts?""",
2642,第二幕·场景1,a2s1,897,aya,Aya,台词,"""The feel and shape of your pads.""",
2643,第二幕·场景1,a2s1,900,m,Scipio,台词,"""Oh, got it.""",
2644,第二幕·场景1,a2s1,901,,,旁白,"But she's already at work, and I feel her press into my thumb pad, and then she becomes quiet, eyes closed.",
2645,第二幕·场景1,a2s1,902,,,旁白,"When she speaks, it's with less passion, in an almost monotone voice.",
2646,第二幕·场景1,a2s1,903,aya,Aya,台词,"""Hot, but rough and flat. Emotionally guarded, but love is working its way in. I assume it's Neferu. He's the same.""",
2647,第二幕·场景1,a2s1,904,aya,Aya,台词,"""Do you mind if I feel your primary mount? It helps me see the path and possible fate you're heading toward.""",
2648,第二幕·场景1,a2s1,905,m,Scipio,台词,"""Go ahead.""",
2649,第二幕·场景1,a2s1,906,,,旁白,"I say it automatically, regretting it, but knowing I need to be open with Aya right now, and considering I don't know what my path or fate is...",
2650,第二幕·场景1,a2s1,907,,,旁白,She shifts her paws and this time she focuses on my middle finger with more interest.,
2651,第二幕·场景1,a2s1,908,,,旁白,"She pauses for much longer this time, and I get the urge to pull back again, despite her reassurances that none of this is set in stone.",
2652,第二幕·场景1,a2s1,909,,,旁白,"Still, if it's connected to the Parents, or anything that's fact, then why wouldn't she be able to see the truth?",
2653,第二幕·场景1,a2s1,910,aya,Aya,台词,"""Cold, and fleshy, lots of depth. More repression than I've ever felt before.""",
2654,第二幕·场景1,a2s1,911,,,旁白,"I begin my own grounding techniques, made all the more difficult by the quicksand-like material beneath my feet.",
2655,第二幕·场景1,a2s1,912,,,旁白,Maybe I should bring my own physical objects to better stay connected to reality like Zanmek does.,
2656,第二幕·场景1,a2s1,914,,,旁白,"Her eyes then rest on my claw, gently feeling the rough, uneven break where the tip had been scraped off.",
2657,第二幕·场景1,a2s1,915,,,旁白,"I almost self-consciously tell her what happened, that I haven't had a chance to clip it yet, but I keep quiet for now, not wanting to break her obvious trance.",
2658,第二幕·场景1,a2s1,918,,,旁白,"Aya fully opens her eyes, and the look she's giving my paw isn't a good one.",
2659,第二幕·场景1,a2s1,919,,,旁白,Then she suddenly whispers in low and rapid-fire Khemian.,
2660,第二幕·场景1,a2s1,920,aya,Aya,台词,"""{i}Keru em senet-kha, mesekhet an-ru, sa'ah Ahhotep.""",
2661,第二幕·场景1,a2s1,921,,,旁白,"The Khemian words are completely untranslated by my lingua, and I'm left staring at the jackal.",
2662,第二幕·场景1,a2s1,922,,,旁白,It must have been a phrase or ritualistic saying if it wasn't intended to be translated.,
2663,第二幕·场景1,a2s1,923,,,旁白,"But, slowly, her eyes focus a bit and she smiles at me.",
2664,第二幕·场景1,a2s1,925,m,Scipio,台词,"""What did you see?""",
2665,第二幕·场景1,a2s1,926,,,旁白,Aya seems to think hard about her words.,
2666,第二幕·场景1,a2s1,927,aya,Aya,台词,"""I don't know yet, but I'll try to uncover as much as I can in future sessions. Sorry if I worried you. It happens from time to time.""",
2667,第二幕·场景1,a2s1,928,,,旁白,"Her expression and those whispered Khemian words, which I'm now convinced were a blessing based on the few Khemian words I know, make me think it usually doesn't happen.",
2668,第二幕·场景1,a2s1,930,aya,Aya,台词,"""Alright, now, do what you always do when meditating, but try to reach further, if that makes sense.""",
2669,第二幕·场景1,a2s1,932,,,旁白,"I remember how it felt in the ship, and I nod, crossing my legs, and beginning my breathing exercises.",
2670,第二幕·场景1,a2s1,933,,,旁白,"Aya gets comfortable on the strange, sandy floor as well, which is almost powdery, like flour, yet I see no evidence of it sticking to our fur or clothing.",
2671,第二幕·场景1,a2s1,934,,,旁白,"The last I see of Aya, she's in a similar position across from me, but with her eyes closed, her own paws pressed together, looking completely absent, and I get the feeling that I'm being left behind.",
2672,第二幕·场景1,a2s1,935,,,旁白,How embarrassing would it be to go through all this build up only to find out I can't do it?,
2673,第二幕·场景1,a2s1,936,aya,Aya,台词,"""Relax, I'm here. And that's the whole reason why I'm here. To help guide you.""",
2674,第二幕·场景1,a2s1,937,,,旁白,"I glance at her, wondering if I even saw her lips move, then focus back on my breathing.",
2675,第二幕·场景1,a2s1,939,,,旁白,"Just like in the stretch, the barriers around my mind feel thinner than usual.",
2676,第二幕·场景1,a2s1,940,,,旁白,"After steadying and analyzing my breathing, I focus on the barrier, feeling its shape, its purpose, its simple state of being--",
2677,第二幕·场景1,a2s1,952,,,旁白,"I slip through the gate faster than I intended or wanted, but I'm there now.",
2678,第二幕·场景1,a2s1,953,aya,Aya,台词,"""See? It's simple for someone like you.""",
2679,第二幕·场景1,a2s1,954,,,旁白,I choke back panic as I lose track of my body.,
2680,第二幕·场景1,a2s1,955,aya,Aya,台词,"""It's okay. Remember breathing?""",
2681,第二幕·场景1,a2s1,956,,,旁白,"Sure enough, I feel my chest still move, I still inhale and exhale steadily.",
2682,第二幕·场景1,a2s1,957,m,Scipio,台词,"""Sorry, that caught me off-guard. Where are the Parents? Where are you?""",
2683,第二幕·场景1,a2s1,958,aya,Aya,台词,"""So that's another level that we'll discuss next time. As of now, you're free to move and feel about the universe.""",
2684,第二幕·场景1,a2s1,959,aya,Aya,台词,"""Don't worry about going too far. Your brain is still connected to your body, and you can always snap out of it. This won't become a risk until we reach different planes in future sessions.""",
2685,第二幕·场景1,a2s1,960,m,Scipio,台词,"""Okay... but the whole universe is here? Can I explore it?""",
2686,第二幕·场景1,a2s1,961,aya,Aya,台词,"""Feel free. And if you need help, just think of me and call for it.""",
2687,第二幕·场景1,a2s1,962,m,Scipio,台词,"""Understood.""",
2688,第二幕·场景1,a2s1,967,,,旁白,"I'm moving, and I sense Neferu, sitting in his room, waiting up for me.",
2689,第二幕·场景1,a2s1,968,,,旁白,"He's hunched over, looking upset, and though I prod him, there's a solid barrier that's impenetrable.",
2690,第二幕·场景1,a2s1,969,,,旁白,"I'll need to talk to him after this, but for now, I move on.",
2691,第二幕·场景1,a2s1,970,,,旁白,"Distantly, I hear a rumbling voice, the deepness offset by the excited tone.",
2692,第二幕·场景1,a2s1,971,unk,?????,台词,"""Aya, can I meet him?""",
2693,第二幕·场景1,a2s1,972,aya,Aya,台词,"""Next time, Zan. He's exploring...""",
2694,第二幕·场景1,a2s1,977,,,旁白,"I'm already far from the place I started, and somehow, I know where to go.",
2695,第二幕·场景1,a2s1,982,,,旁白,"I'm in Lux, and I find her small cottage on the outskirts immediately.",
2696,第二幕·场景1,a2s1,983,,,旁白,"My mother is sitting at the kitchen table, kneading dough, making the bread rolls I love so much.",
2697,第二幕·场景1,a2s1,984,,,旁白,I can almost smell the {i}oliban{/i} in the air.,
2698,第二幕·场景1,a2s1,985,,,旁白,"But her eyes are red, and the way she sniffs tells me she'd been crying.",
2699,第二幕·场景1,a2s1,986,,,旁白,"It hurts my chest physically, and I want to reach out to her, but there's a barrier around her, too.",
2700,第二幕·场景1,a2s1,987,,,旁白,I'll ask Amicus if I can send a message to Adastra earlier than the schedule permits.,
2701,第二幕·场景1,a2s1,988,unk,?????,台词,"""{i}It may not even be about you, Scipio. Maybe she carries {i}ahewawi{/i} too?""",
2702,第二幕·场景1,a2s1,994,,,旁白,"The voice of dead leaves returns, and I mentally flinch back, thinking about calling out to Aya.",
2703,第二幕·场景1,a2s1,995,unk,?????,台词,"""{i}You're safe, Scipio. Just hear us out before you make a decision. Why do you trust her? Why would she give such important, untapped knowledge to the wolves?{/i}""",
2704,第二幕·场景1,a2s1,996,unk,?????,台词,"""{i}You expect she'll train you then just let you leave, back to Adastra?{/i}""",
2705,第二幕·场景1,a2s1,997,m,Scipio,台词,"""I do.""",
2706,第二幕·场景1,a2s1,999,unk,?????,台词,"""{i}The Khemians along with everyone in the galaxy hates Adastra, which means they hate you. Open your eyes.{/i}""",
2707,第二幕·场景1,a2s1,1000,m,Scipio,台词,"""What...""",
2708,第二幕·场景1,a2s1,1001,,,旁白,"""{i}Literally. Open them.{/i}""",
2709,第二幕·场景1,a2s1,1012,,,旁白,I stare.,
2710,第二幕·场景1,a2s1,1014,,,旁白,"Then I blink a few times, before staring again.",
2711,第二幕·场景1,a2s1,1015,,,旁白,"It's impossible, what I'm seeing, and what she's doing.",
2712,第二幕·场景1,a2s1,1016,unk,?????,台词,"""{i}It's unnatural.{/i}""",
2713,第二幕·场景1,a2s1,1017,,,旁白,What is she...?,
2714,第二幕·场景1,a2s1,1018,,,旁白,"It's as if she's making a mockery of meditation, but she's actually levitating.",
2715,第二幕·场景1,a2s1,1019,aya,Aya,台词,"""I see you, Scipio. I {i}see{/i} you.""",
2716,第二幕·场景1,a2s1,1020,,,旁白,"So much emphasis is put on that word, and I flinch back again.",
2717,第二幕·场景1,a2s1,1027,m,Scipio,台词,"""What?""",
2718,第二幕·场景1,a2s1,1034,,,旁白,"I quickly close my eyes again, knowing this isn't real, somehow.",
2719,第二幕·场景1,a2s1,1035,,,旁白,"She speaks again, and when I peer through cracked lids, I see her mouth doesn't move.",
2720,第二幕·场景1,a2s1,1036,aya,Aya,台词,"""I see your motives, your struggles. I know what you're doing.""",
2721,第二幕·场景1,a2s1,1037,,,旁白,"Her tone is cold, angry, and accusatory, and the smile fixed on her face makes it hurt all the more.",
2722,第二幕·场景1,a2s1,1038,aya,Aya,台词,"""{i}Pain{/i} can't {i}be{/i} undone.""",
2723,第二幕·场景1,a2s1,1045,,,旁白,"I close my eyes again, afraid.",
2724,第二幕·场景1,a2s1,1046,,,旁白,"I'm in a dangerous spot, I know that.",
2725,第二幕·场景1,a2s1,1047,,,旁白,"I'm no longer in that room, and that's not Aya.",
2726,第二幕·场景1,a2s1,1048,,,旁白,"Something has gone wrong, and I'm stuck.",
2727,第二幕·场景1,a2s1,1049,,,旁白,"What do I do, what was it that she told me?",
2728,第二幕·场景1,a2s1,1050,unk,?????,台词,"{i}Think of release, think of all the pain leaving you, dissolving, reorganizing itself into something neutral, as all things should be.{/i}",
2729,第二幕·场景1,a2s1,1055,,,旁白,"""{i}Look deeply, and try to understand the meaning. Fear and pain are a natural part of death, but after...{/i}""",
2730,第二幕·场景1,a2s1,1056,,,旁白,"I cast around for something else, something that might tell me what this means...",
2731,第二幕·场景1,a2s1,1064,m,Scipio,台词,"""Aaaaargh!""",
2732,第二幕·场景1,a2s1,1065,,,旁白,"Blinding pain, from the inside out like I've never known, and I feel my insides, my lungs, my heart lurch and spasm violently against it.",
2733,第二幕·场景1,a2s1,1066,,,旁白,"""{i}That's it, Scipio, then it's over.{/i}""",
2734,第二幕·场景1,a2s1,1067,m,Scipio,台词,"""Aya! Aya! Help! Help! I need help! I'm stuck!""",
2735,第二幕·场景1,a2s1,1068,,,旁白,"I'm alone, and I always have been.",
2736,第二幕·场景1,a2s1,1070,aya,Aya,台词,"""Scipio!""",
2737,第二幕·场景1,a2s1,1079,,,旁白,A loud voice right in my ear.,
2738,第二幕·场景1,a2s1,1081,,,旁白,"I'm suddenly in the fetal position, face against the ground, and I realize I'm covered in sweat and tears.",
2739,第二幕·场景1,a2s1,1082,,,旁白,"I keep my face pointed toward the ground, waiting to catch my breath, vigorously wiping away the tears.",
2740,第二幕·场景1,a2s1,1083,,,旁白,The only thing worse than crying as a male is crying in front of a female.,
2741,第二幕·场景1,a2s1,1084,,,旁白,It doesn't matter that she's Khemian and would tell me it's okay to cry as man.,
2742,第二幕·场景1,a2s1,1085,,,旁白,"That's not my world, and the confusion combines with the humiliation, and I even feel a little anger toward Aya.",
2743,第二幕·场景1,a2s1,1086,,,旁白,She must have known to some extent what's happening to me.,
2744,第二幕·场景1,a2s1,1087,,,旁白,Did she mean for this to happen?,
2745,第二幕·场景1,a2s1,1088,,,旁白,But then my hackles lower as I realize she couldn't have.,
2746,第二幕·场景1,a2s1,1089,,,旁白,At least I don't think so.,
2747,第二幕·场景1,a2s1,1102,,,旁白,"Finally, I look up, and see Aya knelt next to me, her own eyes filled with moisture.",
2748,第二幕·场景1,a2s1,1103,m,Scipio,台词,"""I'm fine.""",
2749,第二幕·场景1,a2s1,1104,,,旁白,I say it quickly and with a surprisingly sturdy voice.,
2750,第二幕·场景1,a2s1,1105,m,Scipio,台词,"""Just... just lost my breath--""",
2751,第二幕·场景1,a2s1,1107,aya,Aya,台词,"""Scipio, remember we can only do this with trust and honesty. I know that's an impossible ask when you've only known me for a day, but I am an expert at this, I need to know.""",
2752,第二幕·场景1,a2s1,1108,,,旁白,I feel another burst of irritation.,
2753,第二幕·场景1,a2s1,1109,m,Scipio,台词,"""You're nineteen, Aya--""",
2754,第二幕·场景1,a2s1,1111,,,旁白,"I was going to say more, that there must be things she doesn't know, but the look on her face instantly crushes my chest that already aches.",
2755,第二幕·场景1,a2s1,1113,aya,Aya,台词,"""I suppose you're right. I apologize for causing you this distr--""",
2756,第二幕·场景1,a2s1,1114,,,旁白,"I can't, can't, can't, lose the one person who might have some answers for me.",
2757,第二幕·场景1,a2s1,1116,m,Scipio,台词,"""Aya, wait, I'm sorry. I... things are happening to me that I don't understand, and every time I feel like I'm about to get an answer, something like this happens, something that leaves me with even more questions.""",
2758,第二幕·场景1,a2s1,1118,,,旁白,"She lets me gasp in silence for a minute or so, but the look on her face of dejection is burned into my brain.",
2759,第二幕·场景1,a2s1,1119,m,Scipio,台词,"""I'm sorry, I just need a bit of time to put together what happened. I know I need to tell someone about it, but I'm scared I'll be seen as mentally weak.""",
2760,第二幕·场景1,a2s1,1120,,,旁白,"The experience is leaving me painfully open, honest, and vulnerable in ways I'd never dare to be on Adastra.",
2761,第二幕·场景1,a2s1,1122,aya,Aya,台词,"""That's at least a feeling I think I know, Scipio; my mental faculties being seen as a detriment and unfit for what I was born into.""",
2762,第二幕·场景1,a2s1,1123,aya,Aya,台词,"""It's different, but you can always tell me whatever is on your mind, or if something's wrong without fear of judgement, either with Neferu, or if you'd like, me.""",
2763,第二幕·场景1,a2s1,1124,,,旁白,Why do Khemians always want to be so emotionally close and open?,
2764,第二幕·场景1,a2s1,1125,,,旁白,"It leaves me mentally torn, wanting to spill everything, but I need to remember Adastra, where I come from.",
2765,第二幕·场景1,a2s1,1126,,,旁白,"Still, I need Aya to do any of this.",
2766,第二幕·场景1,a2s1,1127,m,Scipio,台词,"""I think only you can understand what this might be.""",
2767,第二幕·场景1,a2s1,1129,aya,Aya,台词,"""Possibly. Again, I'm sorry. Distressing things can happen in these states, and while I know you're... struggling with different influences, you can tell me, and I can help you.""",
2768,第二幕·场景1,a2s1,1131,,,旁白,"I look at her, with an expression I'm not sure I've made before, because I've never felt the combination of emotions inside me right now.",
2769,第二幕·场景1,a2s1,1132,,,旁白,"Defeat, misery, and maybe a little hope?",
2770,第二幕·场景1,a2s1,1133,,,旁白,"I don't know, but whatever it is makes her eyes glisten again, so I quickly look away, beginning to pick myself up.",
2771,第二幕·场景1,a2s1,1135,,,旁白,"I straighten out my robe, sighing out loud in relief as I find it firmly over my rear.",
2772,第二幕·场景1,a2s1,1136,,,旁白,"While the men might not care, I had worried it had ridden up in front of Aya.",
2773,第二幕·场景1,a2s1,1137,m,Scipio,台词,"""Can we meet again, maybe tomorrow? I have too many questions.""",
2774,第二幕·场景1,a2s1,1139,aya,Aya,台词,"""Of course, Scipio!""",
2775,第二幕·场景1,a2s1,1141,aya,Aya,台词,"""And if you need more time, that's okay too.""",
2776,第二幕·场景1,a2s1,1142,m,Scipio,台词,"""Same time tomorrow?""",
2777,第二幕·场景1,a2s1,1144,aya,Aya,台词,"""If you're sure, Scipio. I'll check in to see how you're doing.""",
2778,第二幕·场景1,a2s1,1146,m,Scipio,台词,"""Thanks, Aya. I'm sorry I lost control of my emotions for a moment.""",
2779,第二幕·场景1,a2s1,1147,,,旁白,"My face is still red, and I'm still coming to terms with the fact that this happened in front of Aya.",
2780,第二幕·场景1,a2s1,1149,aya,Aya,台词,"""No, Scipio, don't be. I... I have a lot to tell you as well, about my own fears that you might actually find useful.""",
2781,第二幕·场景1,a2s1,1150,aya,Aya,台词,"""Maybe tomorrow, if you're ready, we can talk about these things.""",
2782,第二幕·场景1,a2s1,1151,aya,Aya,台词,"""I don't really want to say it, but I am lonely, and I need to talk to someone like me.""",
2783,第二幕·场景1,a2s1,1152,,,旁白,"The reversal of her needing {i}me{/i} catches me off-guard, and while that nasty part of me that came to the surface wants to believe she's only playing to my male, wolven pride, I swallow it back down.",
2784,第二幕·场景1,a2s1,1153,m,Scipio,台词,"""Sure, but what about your lion friend, uh--""",
2785,第二幕·场景1,a2s1,1155,aya,Aya,台词,"""Zanmek? He's great, but when you can only interact in that space, it's not nearly as, well, intimate.""",
2786,第二幕·场景1,a2s1,1157,m,Scipio,台词,"""Okay, and you don't want me to say anything about this to Neferu? About you, I mean. I don't know how I'd tell him about what just happened, but it sounds like you're going through your own trials.""",
2787,第二幕·场景1,a2s1,1158,,,旁白,Aya sucks air through her teeth.,
2788,第二幕·场景1,a2s1,1160,aya,Aya,台词,"""Best not to. He can get... overbearing when he thinks I'm having a hard time, and he has enough to worry about.""",
2789,第二幕·场景1,a2s1,1161,m,Scipio,台词,"""Alright, and speaking of Neferu, I better get to his quarters. I could sense him waiting for me.""",
2790,第二幕·场景1,a2s1,1163,aya,Aya,台词,"""Ah, very good! You really don't need any teaching, just some guidance to avoid what happened. I'll be with you every step of the way next time.""",
2791,第二幕·场景1,a2s1,1164,m,Scipio,台词,"""Thank you, Aya.""",
2792,第二幕·场景1,a2s1,1175,,,旁白,"I make my way to Neferu's room, sniffing and grooming my fur along the way, scrubbing away all traces of me crying.",
2793,第二幕·场景1,a2s1,1176,,,旁白,"I'm feeling strangely detached again, but it's not nearly as bad as it was when in the den with Neferu.",
2794,第二幕·场景1,a2s1,1177,,,旁白,"I ask Ahm for directions, and he gently guides me, before saying Neferu is already waiting and to go in when I'm ready.",
2795,第二幕·场景1,a2s1,1178,,,旁白,"The automatic doors here, so quiet and without requiring a press, seem to know who is at the door, and who is allowed access.",
2796,第二幕·场景1,a2s1,1179,,,旁白,It instantly slides open for me.,
2797,第二幕·场景1,a2s1,1184,,,旁白,"I'm hit with a wave of cooler air, along with the strong, herbal smells from the desert plants outside.",
2798,第二幕·场景1,a2s1,1185,,,旁白,"His windows are wide open, and he's leaning against the ledge of one of them, looking out into the night.",
2799,第二幕·场景1,a2s1,1186,,,旁白,He turns when he hears the door open.,
2800,第二幕·场景1,a2s1,1188,n,Neferu,台词,"""You're lucky I'm up! That was far lo--""",
2801,第二幕·场景1,a2s1,1190,,,旁白,"He stops as he focuses on my face, and I realize that maybe I didn't clean up as well as I thought.",
2802,第二幕·场景1,a2s1,1192,n,Neferu,台词,"""What happened, Skip?""",
2803,第二幕·场景1,a2s1,1193,,,旁白,"I wave my paw in the air, brushing it aside.",
2804,第二幕·场景1,a2s1,1194,m,Scipio,台词,"""Just did some intense form of meditation. It took a lot out of me. I'm okay though.""",
2805,第二幕·场景1,a2s1,1196,n,Neferu,台词,"""I suppose you're not going to tell me what happened though?""",
2806,第二幕·场景1,a2s1,1197,,,旁白,"I try to remember what Aya told me, if I would be able to share anything with Neferu in the future, especially considering that she had said I could do so with my fellow Adastrans after two more sessions.",
2807,第二幕·场景1,a2s1,1198,m,Scipio,台词,"""Not yet, I don't think. I made an oath.""",
2808,第二幕·场景1,a2s1,1200,n,Neferu,台词,"""Oh come o--""",
2809,第二幕·场景1,a2s1,1202,n,Neferu,台词,"""Sorry, was just hoping you wouldn't end up like Aya where she can't even tell me about half her life, and now it seems like it's going to happen to you.""",
2810,第二幕·场景1,a2s1,1203,m,Scipio,台词,"""I think I'll be able to share some of it eventually... soon.""",
2811,第二幕·场景1,a2s1,1205,n,Neferu,台词,"""Really? Why hasn't Aya ever told me?""",
2812,第二幕·场景1,a2s1,1206,,,旁白,"I think, wondering if I'm overstepping their sibling boundaries by telling him, but he looks so upset and disappointed.",
2813,第二幕·场景1,a2s1,1207,m,Scipio,台词,"""I think she could, but she says she doesn't want it worrying you, because as you can see, it's intense.""",
2814,第二幕·场景1,a2s1,1209,n,Neferu,台词,"""That's the thing, I see her emotional and physical exhaustion and she can't tell me a damn thing.""",
2815,第二幕·场景1,a2s1,1210,,,旁白,"I walk closer to Neferu, feeling his frustration, his pain.",
2816,第二幕·场景1,a2s1,1211,m,Scipio,台词,"""You know, it is interesting that you are so concerned about the feelings of others, yet your own thoughts and feelings are usually fully guarded.""",
2817,第二幕·场景1,a2s1,1213,n,Neferu,台词,"""Bit of a hypocrite, aren't I?""",
2818,第二幕·场景1,a2s1,1214,,,旁白,I shrug.,
2819,第二幕·场景1,a2s1,1215,m,Scipio,台词,"""Just complicated. We all are.""",
2820,第二幕·场景1,a2s1,1216,,,旁白,I hug him.,
2821,第二幕·场景1,a2s1,1218,n,Neferu,台词,"""Are you recovered from what happened?""",
2822,第二幕·场景1,a2s1,1219,m,Scipio,台词,"""Not really, as you can see from how I'm acting, but I promise to be as honest as I'm able in the coming days. As long as you're honest with me.""",
2823,第二幕·场景1,a2s1,1221,n,Neferu,台词,"""Can we--can we talk about that in the morning. I'm so tired, and I...""",
2824,第二幕·场景1,a2s1,1224,,,旁白,"He sighs, seeming to run out of words, and seeing his facade come down, I know he's telling the truth about being tired.",
2825,第二幕·场景1,a2s1,1226,,,旁白,"So, I lead him to the bed, and we lay down, falling asleep almost instantly.",
2826,第二幕·场景2,a2s2,7,,,旁白,There wasn't much time to talk in the morning because Neferu was already gone.,
2827,第二幕·场景2,a2s2,8,,,旁白,"Already feeling down about that, things became even worse when, after Amicus asked me to come along to their meeting this time, I was stopped at the door by Ramoses.",
2828,第二幕·场景2,a2s2,9,,,旁白,"He seemed to almost zero in on me, saying I would not be allowed due to my rank and position as a student to Veteris.",
2829,第二幕·场景2,a2s2,10,,,旁白,"Embarrassing would be the word to describe that morning, and learning that the Vizier seems to actively dislike me for no specified reason compounds it all.",
2830,第二幕·场景2,a2s2,11,,,旁白,"I sit in the common area, downloading and reading Khemian books on my portal.",
2831,第二幕·场景2,a2s2,12,,,旁白,"I note that {i}A Khemian Counterpoint{/i} is quite a bit longer than the version I read, and as I skim, I note a chapter dedicated to 'wolverines'.",
2832,第二幕·场景2,a2s2,13,,,旁白,I vaguely wonder if that's the same species as Brunis.,
2833,第二幕·场景2,a2s2,14,,,旁白,Despite the fact that they've been translated to Adastran and contain knowledge I would have happily given up all my material possessions for...,
2834,第二幕·场景2,a2s2,15,,,旁白,My mind wanders.,
2835,第二幕·场景2,a2s2,16,,,旁白,"This trip, and really my life as a whole, is not turning out the way I would have imagined it.",
2836,第二幕·场景2,a2s2,17,,,旁白,"After the events of this morning, I realize now how little I truly matter in this mission.",
2837,第二幕·场景2,a2s2,18,,,旁白,I very nearly asked Emperor Amicus what my purpose here even is.,
2838,第二幕·场景2,a2s2,19,,,旁白,A childhood of advanced schooling.,
2839,第二幕·场景2,a2s2,20,,,旁白,A university experience that left a third of my friends maimed or dead.,
2840,第二幕·场景2,a2s2,21,,,旁白,"More than two years of intense competition with two of my peers, all while navigating my mental deficiencies.",
2841,第二幕·场景2,a2s2,22,,,旁白,For what?,
2842,第二幕·场景2,a2s2,23,,,旁白,"But as I skim text describing the early and oddly peaceful relations between Khemia and Adastra, I realize that the strangest aspect of all of this is that I don't feel guilt, or fear at these illegal thoughts.",
2843,第二幕·场景2,a2s2,24,,,旁白,Maybe it's because I'm on Khemia.,
2844,第二幕·场景2,a2s2,25,,,旁白,Or maybe that part of me truly died during the traumatic journey here.,
2845,第二幕·场景2,a2s2,26,,,旁白,"But I somehow feel more distant from Adastra, and really the Galaxias as a whole.",
2846,第二幕·场景2,a2s2,27,,,旁白,"In fact, if I didn't have Mother to worry about, I'd probably ask Neferu about seeking asylum here, despite not having seen more than the palace.",
2847,第二幕·场景2,a2s2,28,,,旁白,"I assume the promise made by Khemia to accept any creature fleeing wolven oppression, including wolves themselves, still stands.",
2848,第二幕·场景2,a2s2,29,,,旁白,"He granted the human citizenship without any prior authorization, after all.",
2849,第二幕·场景2,a2s2,30,,,旁白,Now my sole duty is to compromise the one person I want to be able to trust.,
2850,第二幕·场景2,a2s2,31,,,旁白,"The more I hear Amicus talk, the less I want to hurt Neferu.",
2851,第二幕·场景2,a2s2,33,,,旁白,"I was under the impression that they were allies, and maybe they are, but Amicus's lack of concern for Neferu's emotional well-being is hard to stomach.",
2852,第二幕·场景2,a2s2,34,,,旁白,"The human was the bridge between them, and despite Amicus not saying so, it's clear that his thoughts about the human and Earth are distracting him.",
2853,第二幕·场景2,a2s2,35,,,旁白,"I sigh, glancing up in the direction of where Aya usually approaches.",
2854,第二幕·场景2,a2s2,36,,,旁白,"With Neferu having to reluctantly serve his brother for most of the day, my next session with Aya is the only thing I have to look forward to.",
2855,第二幕·场景2,a2s2,37,,,旁白,"I don't expect to see her, but I'm surprised to see Brunis.",
2856,第二幕·场景2,a2s2,40,,,旁白,"I straighten up, embarrassed at being caught lounging so casually, even though I know Brunis does not care.",
2857,第二幕·场景2,a2s2,41,m,Scipio,台词,"""Good morning, Brunis. Sorry, I did not realize you were standing there.""",
2858,第二幕·场景2,a2s2,43,br,Brunis,台词,"""Morning, Skip. Hope it didn't seem like I was doing that on purpose. Was about to say 'hi' but you look a little, uh, like you're not having a very good morning yourself.""",
2859,第二幕·场景2,a2s2,44,,,旁白,"I smile, finding myself sliding back into a false demeanor of cheerfulness now that a member of the envoy is seeing me.",
2860,第二幕·场景2,a2s2,45,m,Scipio,台词,"""Oh, I'm fine. I'm often told that I look rather morose while I'm reading. My friends believe it's an unconscious, learned behavior I developed to avoid being interrupted.""",
2861,第二幕·场景2,a2s2,46,,,旁白,I set the portal aside.,
2862,第二幕·场景2,a2s2,47,m,Scipio,台词,"""Of course, I don't mind being interrupted by you, Brunis. Did you need me for anything?""",
2863,第二幕·场景2,a2s2,49,br,Brunis,台词,"""Nah, I'm just kinda wandering around since I don't have much to do until we go into the city tomorrow.""",
2864,第二幕·场景2,a2s2,50,,,旁白,The Khemian ambassador sits across from me.,
2865,第二幕·场景2,a2s2,51,m,Scipio,台词,"""I'm in a similar position, though I don't believe I will have much to do while in the city either. I just need to be 'seen'.""",
2866,第二幕·场景2,a2s2,53,br,Brunis,台词,"""Just being seen by the public is a pretty big deal. Khemians are familiar with Amicus, and since Veteris is kind of eccentric, you'll make a nice contrast, being young and having a calm temperament. Though, uh...""",
2867,第二幕·场景2,a2s2,55,br,Brunis,台词,"""Though, the reason I didn't say anything at first is because you looked a bit upset, that's all.""",
2868,第二幕·场景2,a2s2,56,,,旁白,"My mood had been growing lighter, but now it stalls.",
2869,第二幕·场景2,a2s2,57,,,旁白,I had hoped he'd let it go after the first attempt.,
2870,第二幕·场景2,a2s2,58,m,Scipio,台词,"""How so?""",
2871,第二幕·场景2,a2s2,60,br,Brunis,台词,"""Tail twitches and fur-pulling. But maybe you do that while reading, too?""",
2872,第二幕·场景2,a2s2,61,,,旁白,I glance down at the stuffed seating I'm on and see a few clumps of fur on my lap and by my side.,
2873,第二幕·场景2,a2s2,62,,,旁白,The amount shows it goes far beyond any typical shedding; obvious signs of compulsive fur-pulling.,
2874,第二幕·场景2,a2s2,63,,,旁白,"I stare at it for a moment, mainly because it's been so long since I had such a habit.",
2875,第二幕·场景2,a2s2,64,,,旁白,Not since childhood.,
2876,第二幕·场景2,a2s2,66,m,Scipio,台词,"""Oh, sorry, I didn't even realize.""",
2877,第二幕·场景2,a2s2,67,,,旁白,"I begin pinching up the clumps of fur, but I'm interrupted by Ahm.",
2878,第二幕·场景2,a2s2,68,ahm,Ahm,台词,"""Please do not worry yourself with cleaning up fur. Automated cleaning drones will sweep the area multiple times a day.""",
2879,第二幕·场景2,a2s2,69,,,旁白,I'm left staring at the fur in my paw before I just drop it to the ground.,
2880,第二幕·场景2,a2s2,70,m,Scipio,台词,"""Thanks, Ahm.""",
2881,第二幕·场景2,a2s2,71,ahm,Ahm,台词,"""Of course, Scipio.""",
2882,第二幕·场景2,a2s2,72,,,旁白,I'm left wondering if the return of a childhood compulsion is some kind of bad sign.,
2883,第二幕·场景2,a2s2,74,br,Brunis,台词,"""I mean, obviously I'm not complaining that you're making a mess or anything. Just uh, noticing something might be bothering you.""",
2884,第二幕·场景2,a2s2,75,,,旁白,"I debate talking to Brunis about my problems, something I never would have considered as recently as yesterday.",
2885,第二幕·场景2,a2s2,76,,,旁白,"I slowly exhale, deciding to go with my more immediate problems.",
2886,第二幕·场景2,a2s2,77,m,Scipio,台词,"""I suppose I'm simply feeling unmoored in terms of what my assignment here actually is.""",
2887,第二幕·场景2,a2s2,79,br,Brunis,台词,"""Does this have something to do with the meeting they're having in the throne room?""",
2888,第二幕·场景2,a2s2,80,m,Scipio,台词,"""Yes, I was stopped and told by Ramoses specifically that I would not be needed. While that's true, I'm also a backup for Veteris. He's not exactly healthy, and while unlikely, I may need to step into his role if something were to happen.""",
2889,第二幕·场景2,a2s2,82,br,Brunis,台词,"""I see. Kinda feels like you're being dismissed for your age, or rank?""",
2890,第二幕·场景2,a2s2,83,,,旁白,I look up at the ceiling.,
2891,第二幕·场景2,a2s2,84,m,Scipio,台词,"""Ahm, can we have privacy for this conversation?""",
2892,第二幕·场景2,a2s2,86,ahm,Ahm,台词,"""Of course, Scipio.""",
2893,第二幕·场景2,a2s2,87,m,Scipio,台词,"""While Veteris tried to protest my exclusion, Amicus simply silenced him and I was left here. It makes me wonder if Vizier Ramoses is simply that... difficult to communicate with, forgive me for saying.""",
2894,第二幕·场景2,a2s2,89,,,旁白,Now Brunis glances at the ceiling before turning his attention back to me.,
2895,第二幕·场景2,a2s2,91,br,Brunis,台词,"""It seems to be that way, yeah. Now I see why you asked Ahm to leave, hah.""",
2896,第二幕·场景2,a2s2,92,,,旁白,I jump at the opportunity to gain intel.,
2897,第二幕·场景2,a2s2,93,m,Scipio,台词,"""Oh, does Ahm, or any other device in the palace record audio?""",
2898,第二幕·场景2,a2s2,95,br,Brunis,台词,"""I'm not sure, but Ahm listens to the pharaoh above all others, so it's possible.""",
2899,第二幕·场景2,a2s2,96,m,Scipio,台词,"""I mainly asked because any sort of criticism of my emperor could result in my dismissal from the envoy and possibly even prison for me and my relatives.""",
2900,第二幕·场景2,a2s2,97,m,Scipio,台词,"""Of course, it depends on the emperor and Amicus is usually not very vindictive. I remember reading that Khemian citizens had the right to criticize their pharaoh, though?""",
2901,第二幕·场景2,a2s2,99,br,Brunis,台词,"""We do, but I kind of have a similar problem. Vizier Ramoses is pretty intense, so I'm keeping on my toes until the actual pharaoh gets back.""",
2902,第二幕·场景2,a2s2,100,m,Scipio,台词,"""I see.""",
2903,第二幕·场景2,a2s2,101,,,旁白,"I note how Brunis is sitting, resting back, like he's not about to go anywhere anytime soon.",
2904,第二幕·场景2,a2s2,102,m,Scipio,台词,"""Forgive me for asking, but shouldn't you be in that same meeting?""",
2905,第二幕·场景2,a2s2,104,br,Brunis,台词,""" He didn't ask me to attend, so I assume I wasn't invited either.""",
2906,第二幕·场景2,a2s2,106,,,旁白,That makes me feel a bit better about my own situation.,
2907,第二幕·场景2,a2s2,107,m,Scipio,台词,"""Guess I shouldn't be feeling so sorry for myself, in that case.""",
2908,第二幕·场景2,a2s2,109,br,Brunis,台词,"""I get it. I mean, you spent the past few years getting ready for {i}this{/i} specific moment. I've been working at it for the past five years, so it makes sense you'd be pissed off.""",
2909,第二幕·场景2,a2s2,110,m,Scipio,台词,"""Why don't we talk about other things then, so we don't feel so 'on toes'?""",
2910,第二幕·场景2,a2s2,113,br,Brunis,台词,"""Yes, I'd prefer that.""",
2911,第二幕·场景2,a2s2,115,br,Brunis,台词,"""To be honest, Skip, I've been feeling that way ever since we got here. So, uh, not to scare you, but it might be good to keep on our toes for the next few days.""",
2912,第二幕·场景2,a2s2,116,,,旁白,"I nod, almost used to being told that something is off along with feeling the unspoken tension myself.",
2913,第二幕·场景2,a2s2,117,,,旁白,And it all seems to revolve around Ramoses.,
2914,第二幕·场景2,a2s2,118,,,旁白,"I file it away for something I might bring up in the night's meeting with Amicus, depending on how the meeting goes.",
2915,第二幕·场景2,a2s2,120,br,Brunis,台词,"""So, wat'cha readin'?""",
2916,第二幕·场景2,a2s2,121,,,旁白,"I glance down at my portal, now just a thin steel rod, due to inactivity.",
2917,第二幕·场景2,a2s2,122,m,Scipio,台词,"""Oh, I'm just skimming some texts to read later. I might start on {i}Counterpoint{/i} again, since I can tell just by glancing at it that the version I read in the Forbidden Library is heavily abridged and probably edited.""",
2918,第二幕·场景2,a2s2,124,br,Brunis,台词,"""It could have been. I'm surprised you'd wanna go through something like that again though.""",
2919,第二幕·场景2,a2s2,125,m,Scipio,台词,"""Honestly, I find the sections about Khemian and Adastran interaction to be the most interesting. Considering we've been so isolated during my entire lifetime, seeing any exchange between our people, whether mundane or hostile, is fascinating.""",
2920,第二幕·场景2,a2s2,127,br,Brunis,台词,"""Ah, that's true. Well, hopefully you'll get to see it all come back in your lifetime. The good parts I mean. Hell, with the position you're already in, you might get to see the Galaxias High Council someday too.""",
2921,第二幕·场景2,a2s2,128,,,旁白,"I almost smirk at the thought, though I know it's the remnants of me feeling sorry for myself after the events of this morning.",
2922,第二幕·场景2,a2s2,129,m,Scipio,台词,"""Maybe. By the way, Brunis. I noticed a section while I was skimming about a wolverine species discovered by the Khemians 150 years ago. It made me curious as to where your race came from.""",
2923,第二幕·场景2,a2s2,131,br,Brunis,台词,"""Ah, was that section cut out of the Adastran translation?""",
2924,第二幕·场景2,a2s2,132,m,Scipio,台词,"""I think so. I don't recall reading it. Is that your people?""",
2925,第二幕·场景2,a2s2,134,br,Brunis,台词,"""Yeah, actually. I'll let you read it though. Hatherhotep puts it into words better than I ever could.""",
2926,第二幕·场景2,a2s2,135,,,旁白,"I wonder if it's modesty, or a lack of knowledge on history that's holding Brunis back, but I can tell he's using restraint.",
2927,第二幕·场景2,a2s2,136,m,Scipio,台词,"""Alright, I'll give it a read and let you know when I've finished. I'm sure it's fascinating.""",
2928,第二幕·场景2,a2s2,138,br,Brunis,台词,"""Just be warned it's not exactly a happy story. Might be the reason Adastran censors cut it out.""",
2929,第二幕·场景2,a2s2,140,,,旁白,"That sounds a bit ominous, but as I'm about to ask him to expand on that, I see movement behind him.",
2930,第二幕·场景2,a2s2,148,aya,Aya,台词,"""Hello, Brunis, Scipio.""",
2931,第二幕·场景2,a2s2,150,br,Brunis,台词,"""Hey, Aya.""",
2932,第二幕·场景2,a2s2,151,m,Scipio,台词,"""Hello, it's good to see you again.""",
2933,第二幕·场景2,a2s2,153,aya,Aya,台词,"""You as well.""",
2934,第二幕·场景2,a2s2,155,aya,Aya,台词,"""What are the two of you talking about? I heard something about reading and censorship?""",
2935,第二幕·场景2,a2s2,156,m,Scipio,台词,"""I'm reading {i}A Khemian Counterpoint to Adastra a History{/i}.""",
2936,第二幕·场景2,a2s2,158,aya,Aya,台词,"""Oh really? That's a rough one. Hopefully you aren't too mentally drained by it?""",
2937,第二幕·场景2,a2s2,160,m,Scipio,台词,"""I'm fine, I won't start reading it until after our session.""",
2938,第二幕·场景2,a2s2,161,,,旁白,I intend to do exactly that as the reactions of both Khemians is starting to make me not just curious but concerned.,
2939,第二幕·场景2,a2s2,162,,,旁白,It's the feeling that I don't know something I should.,
2940,第二幕·场景2,a2s2,164,br,Brunis,台词,"""Just remember that it all happened before you were born.""",
2941,第二幕·场景2,a2s2,165,,,旁白,"I turn on my portal and put a bookmark on the section titled ""The Price of Metal"" to read later tonight.",
2942,第二幕·场景2,a2s2,166,aya,Aya,台词,"""Are you ready for our session today, Scipio?""",
2943,第二幕·场景2,a2s2,167,m,Scipio,台词,"""Sure, I'll just need to take my portal back to my room.""",
2944,第二幕·场景2,a2s2,169,aya,Aya,台词,"""Oh, we can just have Ahm do that. Ahm!""",
2945,第二幕·场景2,a2s2,170,,,旁白,There's a pause.,
2946,第二幕·场景2,a2s2,172,m,Scipio,台词,"""Oh, we're done with our conversation Ahm. Could you take my portal back to my room?""",
2947,第二幕·场景2,a2s2,173,ahm,Ahm,台词,"""Certainly.""",
2948,第二幕·场景2,a2s2,174,,,旁白,"I realize how futile it must be, trying to get privacy from Ahm if he's already listening for the command that we no longer need privacy.",
2949,第二幕·场景2,a2s2,175,,,旁白,"One of the smooth, glossy black drones is suddenly beside me, soundless, a metal appendage extending toward my portal before I hand it over and watch the drone float away.",
2950,第二幕·场景2,a2s2,177,aya,Aya,台词,"""Were you two exchanging secrets?""",
2951,第二幕·场景2,a2s2,179,br,Brunis,台词,"""You could say that. I'm guessing you guys are gonna go exchange your own secrets now?""",
2952,第二幕·场景2,a2s2,180,,,旁白,Brunis notes my look of surprise and raises his paws disarmingly.,
2953,第二幕·场景2,a2s2,182,br,Brunis,台词,"""Neferu was complaining about you two and your little 'sessions' yesterday. None of my business though.""",
2954,第二幕·场景2,a2s2,184,aya,Aya,台词,"""Oh Neferu. He has been feeling left out lately. We'll have to see how he's faring later today.""",
2955,第二幕·场景2,a2s2,187,aya,Aya,台词,"""Now, let's be off! Until next time Brunis.""",
2956,第二幕·场景2,a2s2,188,m,Scipio,台词,"""Yes, until then.""",
2957,第二幕·场景2,a2s2,190,br,Brunis,台词,"""Later. Think I'll just take a nap while you guys are doing your thing.""",
2958,第二幕·场景2,a2s2,199,,,旁白,"Now that I'm familiar with the basics, I follow Aya without hesitation into the contact room feeling only a little nervous about what's to come.",
2959,第二幕·场景2,a2s2,201,aya,Aya,台词,"""Alright, how are you feeling today, Scipio?""",
2960,第二幕·场景2,a2s2,202,,,旁白,I think to make sure that I'm putting the right words to the emotions I have.,
2961,第二幕·场景2,a2s2,203,m,Scipio,台词,"""I feel calm. I do have some lingering frustration over my role in the mission, but only if I dwell on it.""",
2962,第二幕·场景2,a2s2,205,aya,Aya,台词,"""Can you quiet that part of your mind for now?""",
2963,第二幕·场景2,a2s2,207,m,Scipio,台词,"""Yes.""",
2964,第二幕·场景2,a2s2,208,,,旁白,"I say it, but I'm already ahead of her, thinking of nothing except our session.",
2965,第二幕·场景2,a2s2,210,aya,Aya,台词,"""Great! Now, this is something I should have asked yesterday, but I must admit that I'm new to this and I'm sorry for my lapse in judgement yesterday.""",
2966,第二幕·场景2,a2s2,212,,,旁白,"I tilt my head, looking at Aya expectantly, trying to convey an attentive, but curious nature.",
2967,第二幕·场景2,a2s2,214,aya,Aya,台词,"""Do you have a history of any mental health difficulties? Namely psychosis or dissociation?""",
2968,第二幕·场景2,a2s2,215,aya,Aya,台词,"""I know you mentioned {i}ahewawi{/i} yesterday, but if dealt with in the appropriate way, like most other mental illnesses, it can be overcome.""",
2969,第二幕·场景2,a2s2,216,,,旁白,"I feel almost impatient with all of this, feeling like we've gone over this already.",
2970,第二幕·场景2,a2s2,217,m,Scipio,台词,"""Does this have to do with what happened yesterday?""",
2971,第二幕·场景2,a2s2,219,aya,Aya,台词,"""In a way. I ask for two reasons. The first being that if you do suffer from a mental health issue there are many options and resources I can help connect you with.""",
2972,第二幕·场景2,a2s2,220,,,旁白,"I nod, though I know that is something I cannot do while part of this envoy.",
2973,第二幕·场景2,a2s2,221,aya,Aya,台词,"""The second reason does have to do with yesterday. I want to make sure what happened to you wasn't caused by your own mind turning on you, which can happen in rare cases.""",
2974,第二幕·场景2,a2s2,223,aya,Aya,台词,"""Remember, I won't prod too much. This is all based on trust and our own agency.""",
2975,第二幕·场景2,a2s2,224,,,旁白,I take a deep breath.,
2976,第二幕·场景2,a2s2,225,m,Scipio,台词,"""Not that I'm aware of. While {i}ahewawi{/i} has caused me to dissociate in the past, it's been a long time. As for psychosis, that is where one has delusions and hallucinations?""",
2977,第二幕·场景2,a2s2,227,aya,Aya,台词,"""Yes, among other things.""",
2978,第二幕·场景2,a2s2,228,m,Scipio,台词,"""One of my university friends experienced it while suffering withdrawals from alcohol, but it's something I've never had to endure.""",
2979,第二幕·场景2,a2s2,229,m,Scipio,台词,"""What happened yesterday was... it was something real, and something I've only begun to experience shortly before arriving here on Khemia.""",
2980,第二幕·场景2,a2s2,230,m,Scipio,台词,"""I'm almost certain that it is not my own mind causing it.""",
2981,第二幕·场景2,a2s2,232,aya,Aya,台词,"""Understood. So, while we know of its existence, we're not fully certain on what it is. I just want you to know that it's something that can stop, depending on the choices you make.""",
2982,第二幕·场景2,a2s2,233,m,Scipio,台词,"""You-- know what I'm going through? Can you tell me anything about it?""",
2983,第二幕·场景2,a2s2,235,aya,Aya,台词,"""That's a very hard question to answer, but it's known that amongst the four siblings with a sakhaet, each has experienced the phenomenon in the past decade.""",
2984,第二幕·场景2,a2s2,236,aya,Aya,台词,"""Because of the lack of knowledge, we have to use the name 'The Leaves' to refer to it, since that's what it sounds like.""",
2985,第二幕·场景2,a2s2,238,aya,Aya,台词,"""My predecessor, who served for over one hundred years, said it was one of the more challenging anomalies he's faced, and it is by far the most disturbing.""",
2986,第二幕·场景2,a2s2,239,,,旁白,Relief floods me.,
2987,第二幕·场景2,a2s2,240,,,旁白,The knowledge that the strange voice and visions have afflicted others is somehow comforting.,
2988,第二幕·场景2,a2s2,241,m,Scipio,台词,"""And we have absolutely no idea what it could be?""",
2989,第二幕·场景2,a2s2,243,aya,Aya,台词,"""We've exhausted all records and resources we know of, and nothing comes up. It takes on different forms for each of us, but the throughline is this; it attempts to fool us into submitting to its will by offering what we want most.""",
2990,第二幕·场景2,a2s2,244,,,旁白,"I almost ask Aya about her experience, but I'm glad I don't after what she says next.",
2991,第二幕·场景2,a2s2,246,aya,Aya,台词,"""It's usually so personal that most do not ask or tell about it. If it reaches a point that feels out of your control, however, please do let me know. I just don't want to invade your privacy.""",
2992,第二幕·场景2,a2s2,247,,,旁白,"It's strange that, as a wolf, I wish this was the one thing she'd invade my privacy for.",
2993,第二幕·场景2,a2s2,248,m,Scipio,台词,"""Have any of the sakhaets fallen, or succumbed to it?""",
2994,第二幕·场景2,a2s2,250,aya,Aya,台词,"""No, and that's the good news. It seems to require a true {i}want{/i} on the part of the sakhaet to do the bidding of the Leaves.""",
2995,第二幕·场景2,a2s2,251,m,Scipio,台词,"""So I only need to resist its temptations?""",
2996,第二幕·场景2,a2s2,253,aya,Aya,台词,"""Yes, but that's easier said than done, isn't it? It can take a while, but for now, let's focus on not letting it creep in on our sessions.""",
2997,第二幕·场景2,a2s2,255,aya,Aya,台词,"""What we're doing today will almost guarantee that anyway, and because it requires so little mental energy, you can ask more questions either about the Leaves or simply what you see and learn today.""",
2998,第二幕·场景2,a2s2,257,,,旁白,"I'm feeling light and capable with this new information, no matter how vague and unsaid it had all been.",
2999,第二幕·场景2,a2s2,258,,,旁白,"Others like me have experienced it, and they all seem to have overcome it.",
3000,第二幕·场景2,a2s2,259,m,Scipio,台词,"""What is it that we're doing?""",
3001,第二幕·场景2,a2s2,261,aya,Aya,台词,"""We're going to actually try and read the Parents.""",
3002,第二幕·场景2,a2s2,263,,,旁白,Although that makes me far more nervous I do my best not to show it.,
3003,第二幕·场景2,a2s2,264,m,Scipio,台词,"""And that is easy?""",
3004,第二幕·场景2,a2s2,266,aya,Aya,台词,"""Yes. It's almost as if they allow it, or ignore it at the very least, so without resistance, you get hints and waves of intentions and feelings.""",
3005,第二幕·场景2,a2s2,268,aya,Aya,台词,"""Really the hard part is trying to piece it together afterwards.""",
3006,第二幕·场景2,a2s2,269,,,旁白,"I nod, absorbing and trying to memorize every word.",
3007,第二幕·场景2,a2s2,270,,,旁白,I wish I was able to take notes.,
3008,第二幕·场景2,a2s2,271,m,Scipio,台词,"""Alright, what must I do differently from yesterday to reach the Parents?""",
3009,第二幕·场景2,a2s2,273,aya,Aya,台词,"""So, you know that feeling you sometimes get where you're being pulled somewhere {i}higher{/i}?""",
3010,第二幕·场景2,a2s2,274,m,Scipio,台词,"""Yes.""",
3011,第二幕·场景2,a2s2,275,aya,Aya,台词,"So, you'll need to search for it, but once you feel an opening or pull, follow it up, all the way up. It might seem scary but know that's where the Parents are. You can't go too far so don't worry about that.""",
3012,第二幕·场景2,a2s2,276,,,旁白,I hate myself for letting the doubt and fear creep in as the moment of truth comes closer.,
3013,第二幕·场景2,a2s2,278,aya,Aya,台词,"""I'll be right with you the entire time. Just don't go too fast or in another direction.""",
3014,第二幕·场景2,a2s2,280,m,Scipio,台词,"""Like the Leaves?""",
3015,第二幕·场景2,a2s2,282,aya,Aya,台词,"""Yes, but the Leaves doesn't exist on the plane where the Parents reside, so as long as we go there, it has no power.""",
3016,第二幕·场景2,a2s2,284,,,旁白,I nod.,
3017,第二幕·场景2,a2s2,287,aya,Aya,台词,"""So, go ahead and begin meditating. I'll join you once I feel you've passed to the other side.""",
3018,第二幕·场景2,a2s2,289,m,Scipio,台词,"""How long will I need to keep meditating to achieve this?""",
3019,第二幕·场景2,a2s2,291,aya,Aya,台词,"""You might already not need to, but there's no reason to try that now. Keeping everything consistent and structured helps. Besides, a meditative or hypnotic state is the goal, anyway.""",
3020,第二幕·场景2,a2s2,293,m,Scipio,台词,"""Isn't Zanmek joining us?""",
3021,第二幕·场景2,a2s2,295,aya,Aya,台词,"""Tomorrow. This is more of an individual experience.""",
3022,第二幕·场景2,a2s2,297,,,旁白,"I nod, then cross my legs and sit on the soft sands, begin to breathe slowly, listening to soft sound of air going in then out, focusing on it.",
3023,第二幕·场景2,a2s2,308,,,旁白,"I open my eyes, and I'm surprised to see I'm there already.",
3024,第二幕·场景2,a2s2,309,,,旁白,Maybe I will try without meditation next time.,
3025,第二幕·场景2,a2s2,310,,,旁白,"I wait a moment, listening, then I call out with my mind.",
3026,第二幕·场景2,a2s2,311,m,Scipio,台词,"""Aya?""",
3027,第二幕·场景2,a2s2,312,,,旁白,Not here yet.,
3028,第二幕·场景2,a2s2,313,,,旁白,"I remember the Leaves and feel some anxiety, hoping it doesn't find me in this gap in time that I'm alone.",
3029,第二幕·场景2,a2s2,314,,,旁白,But that's when I feel the pull from above.,
3030,第二幕·场景2,a2s2,315,,,旁白,"I focus on it, and its pull strengthens, and I almost feel like a magnet, rising without having to do anything.",
3031,第二幕·场景2,a2s2,316,aya,Aya,台词,"""Scipio? Are you already--""",
3032,第二幕·场景2,a2s2,317,,,旁白,"Not wanting to miss the opportunity that I feel, I interrupt her.",
3033,第二幕·场景2,a2s2,318,m,Scipio,台词,"""I can feel it pulling me up already Aya. Let's go.""",
3034,第二幕·场景2,a2s2,319,,,旁白,"And I stop resisting, even as Aya begins to say something about taking things just a little slower.",
3035,第二幕·场景2,a2s2,325,,,旁白,"I don't seem to have that control though, and I feel as if I'm being stretched as I fly upwards at what feels to be faster-than-light speed.",
3036,第二幕·场景2,a2s2,328,,,旁白,Very hard.,
3037,第二幕·场景2,a2s2,329,,,旁白,"Not painful, but a jolt that interrupts that sensation of flight.",
3038,第二幕·场景2,a2s2,330,,,旁白,I wait in the darkness.,
3039,第二幕·场景2,a2s2,331,,,旁白,"I've lost Aya, but I'm not too worried, sensing a similar pull from below, where my body is, but I ignore that for now.",
3040,第二幕·场景2,a2s2,332,,,旁白,"Though I can't see anything, I sense what can only be the Parents.",
3041,第二幕·场景2,a2s2,333,,,旁白,"Movement around me feels like vast, monolithic hills and waves, and with a great deal of fear but also excitement, I open my mind, waiting to feel.",
3042,第二幕·场景2,a2s2,335,,,旁白,"The strange part is, I don't feel anything.",
3043,第二幕·场景2,a2s2,336,,,旁白,I... feel...,
3044,第二幕·场景2,a2s2,338,,,旁白,"Sapient 2,455,785,455,673 analyzes the infinite threads that spread in all directions and all possibilities.",
3045,第二幕·场景2,a2s2,339,,,旁白,"Sapient 2,455,785,455,673's timeline is at risk of accelerated corruption.",
3046,第二幕·场景2,a2s2,340,,,旁白,Former Risk: 42.751 percent.,
3047,第二幕·场景2,a2s2,341,,,旁白,Current Risk: 73.221 percent.,
3048,第二幕·场景2,a2s2,342,,,旁白,"Nullify Sapient 2,455,785,455,673?",
3049,第二幕·场景2,a2s2,343,,,旁白,"Negative, risk of complete Galaxias corruption 100 percent.",
3050,第二幕·场景2,a2s2,344,,,旁白,Continue observation.,
3051,第二幕·场景2,a2s2,345,,,旁白,Next sapient of interest.,
3052,第二幕·场景2,a2s2,346,,,旁白,"Sapient 2,456,133,267,109. Human. Earth. Probability of successful unification shifted from 22.581 percent to 12.554 percent.",
3053,第二幕·场景2,a2s2,347,,,旁白,Chance of full unification before arrival?,
3054,第二幕·场景2,a2s2,348,,,旁白,0.00000011 percent.,
3055,第二幕·场景2,a2s2,349,,,旁白,Recategorizing timeline.,
3056,第二幕·场景2,a2s2,350,,,旁白,Pathway delta1082-B7M8-Beta deprioritized to delta1082-B7M8-Zeta.,
3057,第二幕·场景2,a2s2,351,,,旁白,Observation level: Minimal.,
3058,第二幕·场景2,a2s2,352,,,旁白,Scheduled re-analysis: 0.000005 span cycles.,
3059,第二幕·场景2,a2s2,355,,,旁白,"I fall through the void again, back down toward where my body is pulling me.",
3060,第二幕·场景2,a2s2,359,,,旁白,"I'm not sure what's happened over the course of the last few... seconds? minutes? Could be hours, but I know it can't be.",
3061,第二幕·场景2,a2s2,370,,,旁白,"As I settle into the feeling of my body again, the last to come is the pain.",
3062,第二幕·场景2,a2s2,371,,,旁白,"Blinding, aching, lances of fire through the left hemisphere of my brain, from brow to the base of my neck.",
3063,第二幕·场景2,a2s2,373,,,旁白,"I look up through watering eyes and see that Aya is still gone, so I curl up, rubbing desperately at the spot just above my left eye.",
3064,第二幕·场景2,a2s2,378,,,旁白,It twitches out of my control and I worry those spasms are somehow happening in my brain as well.,
3065,第二幕·场景2,a2s2,379,m,Scipio,台词,"""What... in the fuck?""",
3066,第二幕·场景2,a2s2,380,,,旁白,"""{i}Nothing ever works out like you think, does it?{/i}""",
3067,第二幕·场景2,a2s2,381,,,旁白,"The pain dulls, and I manage to sit back up, waiting for Aya to come back.",
3068,第二幕·场景2,a2s2,388,,,旁白,"If Aya meant for me to see what I did, I don't understand why.",
3069,第二幕·场景2,a2s2,389,,,旁白,"I couldn't understand most of it, but it didn't sound friendly in the least bit.",
3070,第二幕·场景2,a2s2,390,,,旁白,I consider the possibility that I went off-course.,
3071,第二幕·场景2,a2s2,391,,,旁白,"I did leave Aya behind when she was supposed to be my guide, after all.",
3072,第二幕·场景2,a2s2,392,,,旁白,"For some reason, I feel like I'm back in primary school, worried that my instructor is going to be angry or disappointed in me.",
3073,第二幕·场景2,a2s2,394,,,旁白,"Aya's eyes blink open and I straighten my posture, looking at her with an almost embarrassed smile.",
3074,第二幕·场景2,a2s2,396,aya,Aya,台词,"""Skip! I lost you! Are you alright?""",
3075,第二幕·场景2,a2s2,397,m,Scipio,台词,"""Yes. I'm sorry for moving ahead. The pull was so strong I kind of just... let it, I suppose.""",
3076,第二幕·场景2,a2s2,399,aya,Aya,台词,"""That's fine, Scipio. As long as you're alright. What happened?""",
3077,第二幕·场景2,a2s2,401,,,旁白,What do I say?,
3078,第二幕·场景2,a2s2,402,,,旁白,"And if I tell her, how much do I say?",
3079,第二幕·场景2,a2s2,403,,,旁白,{i}...Trust and our own agency.{/i},
3080,第二幕·场景2,a2s2,404,,,旁白,I realize now how contradictory those two concepts are.,
3081,第二幕·场景2,a2s2,405,,,旁白,"Does that mean I can choose not to say anything in case I saw things I should not have, either because of Galaxias rules, or because she'll think I'm insane?",
3082,第二幕·场景2,a2s2,406,,,旁白,0.00000011 percent.,
3083,第二幕·场景2,a2s2,407,,,旁白,"I feel less worried when that percentage stirs back up to the surface of my mind, and I'm not sure why.",
3084,第二幕·场景2,a2s2,408,,,旁白,Or maybe it's because I hope it's not for the reason I think.,
3085,第二幕·场景2,a2s2,409,m,Scipio,台词,"""I, uh... what exactly are you supposed to sense when--""",
3086,第二幕·场景2,a2s2,411,aya,Aya,台词,"""Scipio, your eye. Is your lingua alright?""",
3087,第二幕·场景2,a2s2,413,,,旁白,"I raise a paw and touch the spot above my left eye, annoyed that it's still spasming every couple of seconds.",
3088,第二幕·场景2,a2s2,414,m,Scipio,台词,"""Something happened, but I'm not sure it was the Parents.""",
3089,第二幕·场景2,a2s2,415,,,旁白,"And so, I tell her as much as I remember, from being pulled up so fast I was left almost dizzy even in my mind, followed by the confusing, cold, math that made little sense to me.",
3090,第二幕·场景2,a2s2,417,,,旁白,"When I finish with me falling back down to my body, Aya stares at me with a look of shock.",
3091,第二幕·场景2,a2s2,418,,,旁白,"I rub my face hard, feeling the spasms subsiding despite still twitching a couple of times every minute.",
3092,第二幕·场景2,a2s2,419,m,Scipio,台词,"""Please, if I did something wrong or I'm in trouble, just tell me.""",
3093,第二幕·场景2,a2s2,421,aya,Aya,台词,"""Sorry, Skip. It's just that I don't think you just sensed the Parents, you might have seen through their eyes.""",
3094,第二幕·场景2,a2s2,422,m,Scipio,台词,"""Oh...""",
3095,第二幕·场景2,a2s2,424,aya,Aya,台词,"""Can you remember the numbers, or what was being said?""",
3096,第二幕·场景2,a2s2,425,,,旁白,"I tell her what I can, but it makes even less sense now; Sapient two trillion... something. Percentages lowered, probabilities and pathways.",
3097,第二幕·场景2,a2s2,426,,,旁白,"I wonder if Aya is going to be worried, or tell me that I actually am mentally ill, but she surprises me with excitement.",
3098,第二幕·场景2,a2s2,428,aya,Aya,台词,"""I knew you were special Scipio. There have been a handful of sakhaets that have been able to see the way you do.""",
3099,第二幕·场景2,a2s2,429,m,Scipio,台词,"""And... and they saw and heard the same numbers? Also, I felt like I was moving through time in the strangest way.""",
3100,第二幕·场景2,a2s2,431,aya,Aya,台词,"""How so?""",
3101,第二幕·场景2,a2s2,432,,,旁白,I wish Aya could have seen what I did.,
3102,第二幕·场景2,a2s2,433,,,旁白,Maybe then she'd be less excited and more worried.,
3103,第二幕·场景2,a2s2,434,m,Scipio,台词,"""Like, you know how we move forward and can look back?""",
3104,第二幕·场景2,a2s2,435,,,旁白,"Aya nods enthusiastically, like she already knows what I'm about to say.",
3105,第二幕·场景2,a2s2,436,m,Scipio,台词,"""It felt like moving... It's hard to explain... sideways? Like I was moving in a different way through time. Time was almost a structure that I could see in its entirety. I only got a glimpse, though.""",
3106,第二幕·场景2,a2s2,438,aya,Aya,台词,"""That's the Parents, Scipio! They see time all at once, at least that's what other sakhaets have said.""",
3107,第二幕·场景2,a2s2,439,,,旁白,I think of something that gives me some hope.,
3108,第二幕·场景2,a2s2,440,m,Scipio,台词,"""Did these other sakhaets leave records of some kind that I can look at? They must know a great deal about the Parents that most of us do not.""",
3109,第二幕·场景2,a2s2,442,aya,Aya,台词,"""They likely did, but if so, it's definitely sealed away in some hidden vault. You had an extremely privileged view into the Parents' inner workings.""",
3110,第二幕·场景2,a2s2,444,,,旁白,"I try to smile back, to absorb her enthusiasm, but I'm only left with a sick feeling in the pit of my stomach.",
3111,第二幕·场景2,a2s2,445,,,旁白,"It's like I never learn, that each time I try to find answers, I'm only left with far more questions.",
3112,第二幕·场景2,a2s2,447,aya,Aya,台词,"""What was it like? I've heard their math and calculations described as elegant and even beautiful.",
3113,第二幕·场景2,a2s2,448,,,旁白,"I laugh, rubbing the back of my head, disguising the way I rub at the ache.",
3114,第二幕·场景2,a2s2,450,m,Scipio,台词,"""I'm not very good at math, unfortunately. I can only describe it as confusing and honestly a little bit frightening.""",
3115,第二幕·场景2,a2s2,452,aya,Aya,台词,"""That's understandable.",
3116,第二幕·场景2,a2s2,454,m,Scipio,台词,"""Is that how it will be every time I try to sense the Parents?""",
3117,第二幕·场景2,a2s2,456,aya,Aya,台词,"""Not necessarily. I think you went as far as you could and became one with them, but I'm sure with less intensity, you can keep it to only general feelings and motives.""",
3118,第二幕·场景2,a2s2,457,m,Scipio,台词,"""What have you been sensing lately?""",
3119,第二幕·场景2,a2s2,459,aya,Aya,台词,"""Hmm, it's been harder as of late. These days I usually don't sense anything, but when I do, it's fairly restrained, or even apathetic.""",
3120,第二幕·场景2,a2s2,461,aya,Aya,台词,"""While I won't make any decisions for you, I strongly suggest you tell your emperor. You would be a great asset to Adastra, and all of your successors.""",
3121,第二幕·场景2,a2s2,462,m,Scipio,台词,"""Maybe...""",
3122,第二幕·场景2,a2s2,464,aya,Aya,台词,"""But Skip, just make sure not to tell the wrong people, and whatever you do, make sure that Ramoses doesn't find out.""",
3123,第二幕·场景2,a2s2,467,,,旁白,"I have no plans on telling him, but I have to ask.",
3124,第二幕·场景2,a2s2,468,m,Scipio,台词,"""Okay, why is that?""",
3125,第二幕·场景2,a2s2,470,aya,Aya,台词,"""The way he's been acting the past few days is really unusual, even for someone like him. He's been asking me to predict the future and spy on other Siblings.""",
3126,第二幕·场景2,a2s2,471,aya,Aya,台词,"""I tell him enough to keep him happy, but I worry thinking what he might do if he knows how much you can see.""",
3127,第二幕·场景2,a2s2,486,,,旁白,"Just like yesterday, I find myself standing before my emperor and Veteris with little to report.",
3128,第二幕·场景2,a2s2,487,,,旁白,"Luckily, they don't expect me to have much, if anything.",
3129,第二幕·场景2,a2s2,488,,,旁白,Veteris is still complaining about my being denied access to the meeting.,
3130,第二幕·场景2,a2s2,490,ve,Veteris,台词,"""It's outrageous! What the hell does he even think we're here for? Does he believe we just threw a student into the envoy at random without proper--""",
3131,第二幕·场景2,a2s2,492,a,Amicus,台词,"""Enough Veteris. Everything's been said already. Besides, Scipio missed nothing.""",
3132,第二幕·场景2,a2s2,494,,,旁白,I frown.,
3133,第二幕·场景2,a2s2,495,m,Scipio,台词,"""Really? That meeting was hours long, was it not?""",
3134,第二幕·场景2,a2s2,497,ve,Veteris,台词,"""Hours and hours of nothing. It's a talent the jackal can go on like that.""",
3135,第二幕·场景2,a2s2,499,a,Amicus,台词,"""Yes, the vizier is simply running us in circles, which I've accepted. All we can do is wait for his father to arrive.""",
3136,第二幕·场景2,a2s2,501,m,Scipio,台词,"""When's that?""",
3137,第二幕·场景2,a2s2,503,ve,Veteris,台词,"""Next few days, though I swear it was 'in a few days' two days ago, was it not?""",
3138,第二幕·场景2,a2s2,505,a,Amicus,台词,"""I'd love to see him try to keep us here a day longer than our public appearance tomorrow.""",
3139,第二幕·场景2,a2s2,507,m,Scipio,台词,"""Speaking of, what will be required of me during your speech tomorrow, Emperor Amicus?""",
3140,第二幕·场景2,a2s2,509,a,Amicus,台词,"""Not much, just stand there and look civilized, which is what they won't expect.""",
3141,第二幕·场景2,a2s2,511,ahm,Ahm,台词,"""Apologies, but your directive to give you privacy has been overridden by Vizier Ramoses. Scipio, Vizier Ramoses requests your presence in private in the courtyard.""",
3142,第二幕·场景2,a2s2,515,m,Scipio,台词,"""What?""",
3143,第二幕·场景2,a2s2,516,,,旁白,"It feels like my stomach drops through the floor, and Amicus and Veteris look just as surprised.",
3144,第二幕·场景2,a2s2,518,a,Amicus,台词,"""Can I not accompany him as his emperor?""",
3145,第二幕·场景2,a2s2,520,ve,Veteris,台词,"""And I his teacher!""",
3146,第二幕·场景2,a2s2,521,ahm,Ahm,台词,"""I'm sorry, but he specifically requested a private meeting. He says no more than ten to fifteen minutes.""",
3147,第二幕·场景2,a2s2,523,m,Scipio,台词,"""Outside, though?""",
3148,第二幕·场景2,a2s2,525,a,Amicus,台词,"""Don't worry, Scipio. He might be strange, but as long as you don't take any of his baiting, it should be fine.""",
3149,第二幕·场景2,a2s2,528,ve,Veteris,台词,"""And say as little as possible. He likes to take any spare word and twist it.""",
3150,第二幕·场景2,a2s2,529,a,Amicus,台词,"""We'll be waiting right inside the palace, and you can report on what he says when you get back.""",
3151,第二幕·场景2,a2s2,530,m,Scipio,台词,"""A-Alright...""",
3152,第二幕·场景2,a2s2,531,,,旁白,"I make my way to the door, scared and angry that I'm being made to feel worthless and toyed with at the same time.",
3153,第二幕·场景2,a2s2,532,,,旁白,It's like I can't trust anyone.,
3154,第二幕·场景2,a2s2,541,,,旁白,"I look around the courtyard, hoping that for whatever reason, Neferu is out here too.",
3155,第二幕·场景2,a2s2,542,,,旁白,"I haven't seen him all day, and I assume he's been with his brother.",
3156,第二幕·场景2,a2s2,543,m,Scipio,台词,"""Hello?""",
3157,第二幕·场景2,a2s2,544,,,旁白,"My voice sounds small, lonely, desolate.",
3158,第二幕·场景2,a2s2,545,ahm,Ahm,台词,"""Just outside the gates, Scipio.""",
3159,第二幕·场景2,a2s2,546,,,旁白,"I stare into the night, truly wondering if I'm about to die, or be taken prisoner for whatever reason.",
3160,第二幕·场景2,a2s2,547,,,旁白,"I can't imagine I'm worth much, but this is far too strange.",
3161,第二幕·场景2,a2s2,548,,,旁白,"Slowly, I follow the path into the open desert.",
3162,第二幕·场景2,a2s2,556,,,旁白,"I stand there, waiting, eyes darting in every direction.",
3163,第二幕·场景2,a2s2,557,,,旁白,"A shift of gravel and sand, followed by movement to my right.",
3164,第二幕·场景2,a2s2,559,,,旁白,"I bow, deciding not to speak first.",
3165,第二幕·场景2,a2s2,560,,,旁白,"His eyes are piercing, and they look me up and down.",
3166,第二幕·场景2,a2s2,562,,,旁白,"Then he seems to relax a bit, though I stay tense.",
3167,第二幕·场景2,a2s2,564,ram,Ramoses,台词,"""Beautiful evening, isn't it?""",
3168,第二幕·场景2,a2s2,566,m,Scipio,台词,"""Very much so.""",
3169,第二幕·场景2,a2s2,567,,,旁白,"I keep my eyes lowered, doing everything I can not to offend him.",
3170,第二幕·场景2,a2s2,568,,,旁白,All I know is that I've somehow found myself caught in one of his games that I've heard so much about.,
3171,第二幕·场景2,a2s2,569,,,旁白,I just have no idea why.,
3172,第二幕·场景2,a2s2,571,ram,Ramoses,台词,"""Are you ready to see the city tomorrow? It will be nice to get out of the palace, hm?""",
3173,第二幕·场景2,a2s2,572,m,Scipio,台词,"""I am, yes, though the palace itself is very beautiful and I have no qualms with staying longer. Thank you for accommodating me, Vizier.""",
3174,第二幕·场景2,a2s2,574,,,旁白,"Ramoses snorts in a way that would be considered rude, but I don't react.",
3175,第二幕·场景2,a2s2,576,ram,Ramoses,台词,"""Why do you think I've chosen to speak with you out here, young wolf?""",
3176,第二幕·场景2,a2s2,577,,,旁白,"I wonder if he even knows my name, but I already know the answer to that.",
3177,第二幕·场景2,a2s2,578,m,Scipio,台词,"""I'm not sure, Vizier. Do you wish to tell me?""",
3178,第二幕·场景2,a2s2,582,ram,Ramoses,台词,"""Do I? Hmm, it's hard to say since I can be so {i}difficult{/i}, correct?""",
3179,第二幕·场景2,a2s2,583,,,旁白,"I keep my face expressionless, and I revert to silence again.",
3180,第二幕·场景2,a2s2,584,ram,Ramoses,台词,"""I like to keep things private, wolf, and so do all of you, it seems.""",
3181,第二幕·场景2,a2s2,585,,,旁白,"While initially the situation felt strange, now I know that it's outright hostile, but still, I don't know why.",
3182,第二幕·场景2,a2s2,586,,,旁白,We've all said offensive things about Ramoses in places that had now clearly been bugged.,
3183,第二幕·场景2,a2s2,588,ram,Ramoses,台词,"""You think me to be a fool, wolf?""",
3184,第二幕·场景2,a2s2,589,,,旁白,"Again, I'm silent.",
3185,第二幕·场景2,a2s2,590,,,旁白,I can barely hear him over my breathing and pounding heart.,
3186,第二幕·场景2,a2s2,591,,,旁白,I no longer suspect him to be a mad ruler.,
3187,第二幕·场景2,a2s2,592,,,旁白,He is mad.,
3188,第二幕·场景2,a2s2,594,ram,Ramoses,台词,"""What are you and Aya doing?""",
3189,第二幕·场景2,a2s2,595,,,旁白,So that's it.,
3190,第二幕·场景2,a2s2,596,,,旁白,"If I'd been smarter, I'd have realized that would have been the most interesting thing about me to him.",
3191,第二幕·场景2,a2s2,597,m,Scipio,台词,"""Aya? We have become quick friends. She has taught me quite a bit about palm-reading.""",
3192,第二幕·场景2,a2s2,599,,,旁白,"Ramoses stares at me for a long, long time.",
3193,第二幕·场景2,a2s2,600,,,旁白,I'm almost certain the contact room cannot have recording devices in it.,
3194,第二幕·场景2,a2s2,601,,,旁白,"If there are, then Ramoses put them there, and that means we have far more to worry about than what he thinks I'm doing.",
3195,第二幕·场景2,a2s2,602,,,旁白,What I can't figure out is why he's revealing this to me.,
3196,第二幕·场景2,a2s2,603,,,旁白,"I stand there like a sculpture, a statue cast in bronze, my emotions nonexistent, just like I'd trained them to be.",
3197,第二幕·场景2,a2s2,605,ram,Ramoses,台词,"""You wolves. Did they only bring you along because you're too thick to realize you're being made fun of, or because you're one of the weak ones, too frail to fight back?""",
3198,第二幕·场景2,a2s2,606,,,旁白,"I subconsciously size the jackal up and have the distinct feeling that without his security drones, I'd be able to break his snout sideways.",
3199,第二幕·场景2,a2s2,607,,,旁白,"But I stand there, getting some pleasure out of seeing him work himself up over my lack of reaction.",
3200,第二幕·场景2,a2s2,608,ram,Ramoses,台词,"""You know, I could have you imprisoned for espionage. Aya and her work are sacred and secret, and it would be a disaster if it fell into the paws of your barbaric empire.""",
3201,第二幕·场景2,a2s2,609,,,旁白,"He can't do that, and if he did, it would be a grave mistake.",
3202,第二幕·场景2,a2s2,610,,,旁白,"I have diplomatic immunity, and everyone knows it.",
3203,第二幕·场景2,a2s2,611,,,旁白,"Being imprisoned for something a member of the royal family willingly shared with me would have no grounds, and even if Khemia has changed, I know it would not be a popular decision.",
3204,第二幕·场景2,a2s2,612,,,旁白,His father would reverse it the second he arrived anyway.,
3205,第二幕·场景2,a2s2,613,,,旁白,"What strikes me most about that sentence, however, is the way he referred to Aya.",
3206,第二幕·场景2,a2s2,614,,,旁白,It sends a chill down my spine in a way nothing he's said about me has.,
3207,第二幕·场景2,a2s2,615,ram,Ramoses,台词,"""Someone is spying on me, wolf, before you even got here. Who else could do such a thing, from such long distances?""",
3208,第二幕·场景2,a2s2,616,,,旁白,He's mad. He's mad and I'm here alone with him.,
3209,第二幕·场景2,a2s2,618,ram,Ramoses,台词,"""And you are able to see through the eyes of the Parents? A wolf? That is--""",
3210,第二幕·场景2,a2s2,619,,,旁白,"He laughs, not helping the image of a pharaoh who has lost his mind.",
3211,第二幕·场景2,a2s2,620,,,旁白,I wonder if he's revealed this side of himself to anyone else.,
3212,第二幕·场景2,a2s2,621,,,旁白,"I hope so, otherwise I doubt they'll believe me.",
3213,第二幕·场景2,a2s2,623,ram,Ramoses,台词,"""Go back to your lover, wolf. Keep playing your games with Aya. But be warned; the second you become a threat to me, Aya, or Khemia, I won't hesitate.""",
3214,第二幕·场景2,a2s2,625,ram,Ramoses,台词,"""And tell them whatever you want. My point has been made.""",
3215,第二幕·场景2,a2s2,627,,,旁白,"I bow, turn, and leave.",
3216,第二幕·场景2,a2s2,636,,,旁白,Amicus is furious even though I don't mention half of what the Vizier said.,
3217,第二幕·场景2,a2s2,637,,,旁白,"Veteris is stunned, one of the few times I've ever seen him in such a state.",
3218,第二幕·场景2,a2s2,638,,,旁白,"We agree to keep what happened quiet, but Amicus makes it clear that I am not to follow the Vizier's orders any longer.",
3219,第二幕·场景2,a2s2,639,,,旁白,"He also makes it clear that if the actual pharaoh doesn't show up in three days, we're leaving, the alliance be damned.",
3220,第二幕·场景2,a2s2,640,,,旁白,"As for me, I'm not too upset, I'm just further deflated knowing that I'm the one he decided to take his unhinged paranoia and rage out on.",
3221,第二幕·场景2,a2s2,649,,,旁白,"I finally make my way to Neferu's room, and it's hard to describe how happy it makes me to see him there.",
3222,第二幕·场景2,a2s2,650,,,旁白,"Not just Neferu, but Aya, too.",
3223,第二幕·场景2,a2s2,656,n,Neferu,台词,"""Skip! Finally we see each other. It seems our duties are keeping us busy.""",
3224,第二幕·场景2,a2s2,660,n,Neferu,台词,"""You alright?""",
3225,第二幕·场景2,a2s2,661,,,旁白,"I suppose the stress of the night is showing on my face, but I do my best to smile and nod.",
3226,第二幕·场景2,a2s2,662,,,旁白,"Aya narrows her eyes, however.",
3227,第二幕·场景2,a2s2,664,aya,Aya,台词,"""Did Ramoses corner you?""",
3228,第二幕·场景2,a2s2,665,,,旁白,"My facade drops, and it comes out in a huge, exhausted sigh.",
3229,第二幕·场景2,a2s2,666,m,Scipio,台词,"""Why does everyone here seem to know everything that's happening to me?""",
3230,第二幕·场景2,a2s2,668,,,旁白,"Well, at least Neferu doesn't, judging by his reaction.",
3231,第二幕·场景2,a2s2,669,n,Neferu,台词,"""What? What happened?""",
3232,第二幕·场景2,a2s2,671,aya,Aya,台词,"""He thinks Scipio is spying on him, somehow. I don't know why. I told him you aren't, and I was being honest. He said he wouldn't--""",
3233,第二幕·场景2,a2s2,672,m,Scipio,台词,"""Do you think he'd go so far as to bug this room?""",
3234,第二幕·场景2,a2s2,676,n,Neferu,台词,"""No, that would be illegal. Even the pharaoh can't spy on private rooms. And what do you mean cornered? What happened, Skip?""",
3235,第二幕·场景2,a2s2,677,m,Scipio,台词,"""Honestly? I don't know. I don't know why he decided to unload his shit on me when he's barely held a single fucking conversation with me. I'm just fucking tired, that's it!""",
3236,第二幕·场景2,a2s2,681,,,旁白,"I pinch the bridge of my snout, leaning back against the wall.",
3237,第二幕·场景2,a2s2,682,m,Scipio,台词,"""I'm sorry, I'm just... I'm just tired.""",
3238,第二幕·场景2,a2s2,686,aya,Aya,台词,"""I'm sorry too, Skip. We can talk later. I'll let you get some rest.""",
3239,第二幕·场景2,a2s2,687,,,旁白,"I'm disappointed, not just because she's leaving, but because I'm losing control of my emotions when I'm with my friends.",
3240,第二幕·场景2,a2s2,688,m,Scipio,台词,"""Thanks, Aya. Know that he's bugged the contact room as well.""",
3241,第二幕·场景2,a2s2,690,aya,Aya,台词,"""I see...""",
3242,第二幕·场景2,a2s2,691,,,旁白,"She sounds distant, her disbelief clear.",
3243,第二幕·场景2,a2s2,692,m,Scipio,台词,"""Are you going to the speech tomorrow?""",
3244,第二幕·场景2,a2s2,694,aya,Aya,台词,"""I am, yes.""",
3245,第二幕·场景2,a2s2,695,m,Scipio,台词,"""I'd like to talk to you then, you know?""",
3246,第二幕·场景2,a2s2,696,,,旁白,I make a point of looking at the ceiling.,
3247,第二幕·场景2,a2s2,697,m,Scipio,台词,"""Just something... concerning I noticed that involves you. It might be nothing.""",
3248,第二幕·场景2,a2s2,699,,,旁白,She gives me a look that makes me wonder if she already knows what I'm talking about.,
3249,第二幕·场景2,a2s2,700,,,旁白,"Judging by what she's said about Ramoses, she probably does.",
3250,第二幕·场景2,a2s2,701,aya,Aya,台词,"""Alright Skip. I'll talk to you then. Get some good rest tonight.""",
3251,第二幕·场景2,a2s2,702,m,Scipio,台词,"""Thanks. You too""",
3252,第二幕·场景2,a2s2,705,,,旁白,"Neferu and I stand in the dimly lit room while I lean my head back against the wall again, eyes closed, feeling a dull throb behind my eyelids.",
3253,第二幕·场景2,a2s2,707,n,Neferu,台词,"""Why don't you come to the bed?""",
3254,第二幕·场景2,a2s2,712,,,旁白,"I nod, then follow him to sit on the edge of his bed, resting my head in my paws.",
3255,第二幕·场景2,a2s2,713,,,旁白,He waits another moment before speaking.,
3256,第二幕·场景2,a2s2,715,n,Neferu,台词,"""Did you want to tell me what happened, or...""",
3257,第二幕·场景2,a2s2,716,,,旁白,"When I speak, it's low, almost inaudible so that Neferu has to lean in to hear.",
3258,第二幕·场景2,a2s2,717,m,Scipio,台词,"""I would. It's just... I don't want to get anyone in trouble. I'll explain when we've left the palace at some point.""",
3259,第二幕·场景2,a2s2,718,,,旁白,"I hate Ramoses, but also myself for being afraid.",
3260,第二幕·场景2,a2s2,720,n,Neferu,台词,"""I hate him.""",
3261,第二幕·场景2,a2s2,721,,,旁白,Neferu echoes my thoughts.,
3262,第二幕·场景2,a2s2,722,n,Neferu,台词,"""When father gets back he'll be lucky to--""",
3263,第二幕·场景2,a2s2,724,,,旁白,"Neferu glances around the room, shaking his head.",
3264,第二幕·场景2,a2s2,725,m,Scipio,台词,"""Again, the most confusing part is that he's focused on me. I don't understand what I did. And why would he tell me?""",
3265,第二幕·场景2,a2s2,727,n,Neferu,台词,"""I don't know, but I'm going to find out.""",
3266,第二幕·场景2,a2s2,729,n,Neferu,台词,"""Don't worry, I won't provoke him, but after what he told you, he's already broken several laws, and it's now obvious he's trying to sabotage the mission, so at least there's that.""",
3267,第二幕·场景2,a2s2,731,n,Neferu,台词,"""Targeting you makes absolutely no sense.""",
3268,第二幕·场景2,a2s2,732,m,Scipio,台词,"""What's the relationship between him and Aya?""",
3269,第二幕·场景2,a2s2,734,n,Neferu,台词,"""Nonexistent, at least up until I left for Adastra.""",
3270,第二幕·场景2,a2s2,736,,,旁白,"I nod, staring at the wall.",
3271,第二幕·场景2,a2s2,738,n,Neferu,台词,"""Why do you ask? Is it about what you're going to talk to Aya about on our outing?""",
3272,第二幕·场景2,a2s2,739,m,Scipio,台词,"""Yeah, I'll let you know then too. Something about him... makes me want to crawl out of my skin.""",
3273,第二幕·场景2,a2s2,740,,,旁白,"I say the last words low, under my breath.",
3274,第二幕·场景2,a2s2,742,n,Neferu,台词,"""Hmm.""",
3275,第二幕·场景2,a2s2,743,m,Scipio,台词,"""You spent the day with him. Does he seem the same as he was?""",
3276,第二幕·场景2,a2s2,745,n,Neferu,台词,"""Sometimes. He's clearly drunk with power, but it's the same Ramoses I remember. I certainly wouldn't have expected that from him.""",
3277,第二幕·场景2,a2s2,747,,,旁白,"How the hell is it that I, a random wolf from Adastra, sees this side of him for the first time when he's been rambling on with Neferu, Aya, Amicus, and Veteris for days, years for his siblings?",
3278,第二幕·场景2,a2s2,748,,,旁白,"I'm so unsettled that I search around for anything to talk about, and I realize that Neferu never did tell me about his past like he said he would.",
3279,第二幕·场景2,a2s2,749,m,Scipio,台词,"""Are you feeling particularly tired right now?""",
3280,第二幕·场景2,a2s2,751,n,Neferu,台词,"""Not necessarily. Why?""",
3281,第二幕·场景2,a2s2,752,,,旁白,"I realize he's misinterpreted my intentions, and I feel a bit bad as I clarify.",
3282,第二幕·场景2,a2s2,753,m,Scipio,台词,"""If you're able to talk about what happened in your youth, I'd like to know.""",
3283,第二幕·场景2,a2s2,755,n,Neferu,台词,"""Oh.""",
3284,第二幕·场景2,a2s2,756,m,Scipio,台词,"""Only if you'd like. I've just talked about myself so much today.""",
3285,第二幕·场景2,a2s2,758,n,Neferu,台词,"""And I suppose I haven't talked much at all doing Ramoses's bidding. Be warned, it's not exactly a happy story.""",
3286,第二幕·场景2,a2s2,759,m,Scipio,台词,"""I'm used to that.""",
3287,第二幕·场景2,a2s2,762,n,Neferu,台词,"""Just don't take any of this the wrong way. It was over a decade now, but it will help explain why I'm here in the first place.""",
3288,第二幕·场景2,a2s2,763,m,Scipio,台词,"""Okay.""",
3289,第二幕·场景2,a2s2,765,,,旁白,"I brace myself as Neferu moves to a sofa opposite me, allowing me to see him as he tells me his history.",
3290,第二幕·场景2,a2s2,772,n,Neferu,台词,"So, where to begin? Back when I was around sixteen or seventeen, I was unreasonably rebellious.""",
3291,第二幕·场景2,a2s2,773,m,Scipio,台词,"""More so than now?""",
3292,第二幕·场景2,a2s2,774,n,Neferu,台词,"""Much. That was around the time that I started dabbling in anti-Adastran literature, and by the time I was eighteen, I was a high-ranking member of the Children of Sahira.""",
3293,第二幕·场景2,a2s2,775,m,Scipio,台词,"""Is that the same Sahira who the tower is named after?""",
3294,第二幕·场景2,a2s2,776,n,Neferu,台词,"""Yes. She was probably the most effective anti-Galaxias separatist in Khemia's history. Despite her politics being unsuccessful in the end, she did manage to create a Khemia that did not need the Parents to sustain or even advance its tech.""",
3295,第二幕·场景2,a2s2,777,n,Neferu,台词,"""That's not exactly important in this context though. In the end, we were just separatists that used terrorist methods.""",
3296,第二幕·场景2,a2s2,778,,,旁白,I nod.,
3297,第二幕·场景2,a2s2,779,m,Scipio,台词,"""On... on your own people, I assume?""",
3298,第二幕·场景2,a2s2,781,,,旁白,Neferu visibly winces at that.,
3299,第二幕·场景2,a2s2,782,n,Neferu,台词,"""Yes, though I did not see them that way at the time. There was peace between the Siblings.""",
3300,第二幕·场景2,a2s2,783,n,Neferu,台词,"""I thought that whoever wanted wolven inclusion to either be mentally unwell, or deep down wanted the destruction of the Galaxias as a whole.""",
3301,第二幕·场景2,a2s2,784,,,旁白,"Neferu goes quiet then, staring into the ceiling.",
3302,第二幕·场景2,a2s2,785,,,旁白,"He must be lost in that time, over a decade ago.",
3303,第二幕·场景2,a2s2,786,,,旁白,"I think about my own feelings, of believing that certain people as a whole deserved to be punished.",
3304,第二幕·场景2,a2s2,787,m,Scipio,台词,"""Did you, um...""",
3305,第二幕·场景2,a2s2,788,,,旁白,"I abort the sentence halfway through, deciding it's too cruel to ask, but Neferu knows exactly what I'm thinking.""",
3306,第二幕·场景2,a2s2,790,n,Neferu,台词,"""Hurt people? Not directly.""",
3307,第二幕·场景2,a2s2,791,,,旁白,"He lets that one sit for a minute, and this time I wait patiently, the gravity of what he's telling me not lost on me.",
3308,第二幕·场景2,a2s2,792,,,旁白,"Basically everyone on Adastra knew Neferu was being punished for something, that he had poor relations with his family, but few would guess that the first Khemian to set foot on Adastra in over 100 years was at one time a separatist.",
3309,第二幕·场景2,a2s2,793,n,Neferu,台词,"""Because of my position, I was able to... to steal money to fund the group. While I might not have hurt people directly, I have no doubt that money hurt and killed dozens.""",
3310,第二幕·场景2,a2s2,794,,,旁白,"I can see the physical toll it takes on him to tell me this, looking away, so tense I can see his muscle standing out more than normal through his fur.",
3311,第二幕·场景2,a2s2,795,,,旁白,It's no wonder: He's confessing to being complicit in multiple murders.,
3312,第二幕·场景2,a2s2,796,,,旁白,"While a part of me judges him at first, I again have to take a look at myself, and what I'd do to the cruel men that live around Lux.",
3313,第二幕·场景2,a2s2,797,,,旁白,"I don't have the excuse of being an adolescent, however.",
3314,第二幕·场景2,a2s2,799,,,旁白,"He finally chances a glance at me, and when he sees my attentive face without any trace of disgust or judgement, he lets out a soft laugh in a sad, defeated way.",
3315,第二幕·场景2,a2s2,800,n,Neferu,台词,"""I was punished severely, of course. Father even sealed me in the palace dungeon for months. I thought that I was going to die, to be honest.""",
3316,第二幕·场景2,a2s2,801,n,Neferu,台词,"""I spent nearly a year imprisoned, then Father came to me with a proposal; learn everything there is to know about Adastra.""",
3317,第二幕·场景2,a2s2,802,n,Neferu,台词,"""For the next five years, I studied intensively, then after I'd learned the language and history, I was tasked with being the first Khemian to visit Adastra since the war, along with taking the first steps toward an alliance.""",
3318,第二幕·场景2,a2s2,803,n,Neferu,台词,"""And that's why you have me here now.""",
3319,第二幕·场景2,a2s2,804,m,Scipio,台词,"""Many thought it was only meant to be some type of punishment for you.""",
3320,第二幕·场景2,a2s2,805,n,Neferu,台词,"""It was. But that doesn't mean it wasn't sincere. By then, I had changed my view completely on an alliance, because I saw the alternative was only more suffering.""",
3321,第二幕·场景2,a2s2,815,n,Neferu,台词,"""So there you have it. Not very exciting, but also not very forgivable, is it?""",
3322,第二幕·场景2,a2s2,817,,,旁白,I think for a moment.,
3323,第二幕·场景2,a2s2,818,m,Scipio,台词,"""How many know of this?""",
3324,第二幕·场景2,a2s2,820,n,Neferu,台词,"""The first part? My family, Brunis, and that's it. My father kept it under the radar, somehow, even when the separatist ring was arrested.""",
3325,第二幕·场景2,a2s2,821,n,Neferu,台词,"""It was Aya who eventually convinced him of an alternative to the dungeons.""",
3326,第二幕·场景2,a2s2,823,,,旁白,I smile at him.,
3327,第二幕·场景2,a2s2,824,m,Scipio,台词,"""I'm sorry all of that happened, for everyone hurt by it. But I'm glad you told me, Neferu, and I am glad you're here.""",
3328,第二幕·场景2,a2s2,826,n,Neferu,台词,"""I hope you can keep it within these walls? I know it's not fair that I didn't fully face the consequences of my crimes, that hasn't been rectified, but I'm trying through this alliance the best I can.",
3329,第二幕·场景2,a2s2,828,n,Neferu,台词,"""I'm sorry.""",
3330,第二幕·场景2,a2s2,829,m,Scipio,台词,"""You don't need to apologize to {i}me{/i} Neferu, but I think I understand you. I have my own feelings about certain groups I wish weren't so intense.""",
3331,第二幕·场景2,a2s2,832,n,Neferu,台词,"""I know, Scipio. But we change, and I hope that you can as well.""",
3332,第二幕·场景2,a2s2,833,m,Scipio,台词,"""Agreed.""",
3333,第二幕·场景2,a2s2,835,,,旁白,"I say it truthfully, even though the hate lingers in my muzzle like blood.",
3334,第二幕·场景2,a2s2,843,,,旁白,"Once Neferu is asleep, I meditate.",
3335,第二幕·场景2,a2s2,844,,,旁白,"I'm not sure how Aya and I will continue our sessions, and I want more answers to what happened earlier that day.",
3336,第二幕·场景2,a2s2,845,,,旁白,"I don't have much hope without veil-thinning or the stretch drive, but Aya said I was special, so maybe...",
3337,第二幕·场景2,a2s2,860,,,旁白,"This feels wrong, like I'm betraying Aya somehow, but I need to know.",
3338,第二幕·场景2,a2s2,861,m,Scipio,台词,"""Meera? Can you tell me what I saw when I merged with the Parents?""",
